courier_id,weekly_hours,deliveries_per_week,weekly_income,income_variability,stress_level,work_life_balance,job_satisfaction,experience_years,city,burnout_score,burnout_risk
1,49.96714153011233,69.40600794943242,398.2257904269167,0.25583809937545127,5,6,7,3,Paris,18.54852345278821,Low
2,43.61735698828815,68.66464729040365,454.17508054195207,0.10604297823508176,7,4,7,0,Berlin,22.14563687883726,Low
3,51.47688538100692,35.108920684249625,410.39284084322856,0.4593092260440508,6,5,2,1,Amsterdam,24.536157874742585,Low
4,60.23029856408026,71.74774520746406,516.562707041918,0.3108175987314724,3,8,9,3,Paris,15.1772655565388,Low
5,42.658466252766644,98.32072704554362,679.576779719287,0.43992090432094144,5,9,8,4,Paris,13.696748919039404,Low
6,42.6586304305082,48.144197023080125,384.3436764288193,0.12396188040134551,3,3,1,3,Paris,15.537207933165911,Low
7,60.79212815507391,106.2120662762648,650.1230746652622,0.19098324418916826,9,4,1,0,Barcelona,32.14747088841385,Low
8,52.67434729152909,92.19437052710845,382.74918914796683,0.20375199808847225,2,1,5,4,Paris,20.339824168343448,Low
9,40.30525614065048,61.644166950724056,372.8559181254674,0.2546765978555152,6,5,2,1,Paris,19.138342820750296,Low
10,50.42560043585965,76.46175906655381,622.789192751482,0.4211465489590185,9,4,1,2,Berlin,31.33914562034808,Low
11,40.365823071875376,119.95804519102583,638.2904567011425,0.25462314949259707,7,6,8,2,Paris,19.65597841648858,Low
12,40.34270246429743,98.33869533764664,627.7114905143982,0.1818614118585308,5,6,4,0,Barcelona,14.921424857874538,Low
13,47.41962271566034,80.21959137245369,302.6303887672788,0.12599610413550738,2,6,2,1,Paris,10.485847856053173,Low
14,25.86719755342202,74.0579170759754,430.10735328919236,0.131796699341075,2,3,5,1,Berlin,8.578126259437354,Low
15,27.750821674869673,81.91522676129149,623.4482888004982,0.404018882384391,4,7,6,3,Paris,9.865435326304809,Low
16,39.37712470759027,67.20591105144241,506.2312760845842,0.2779211964146532,2,3,8,2,Paris,14.092349376423613,Low
17,34.87168879665576,27.38126235702463,338.9460730703804,0.3904724488000061,8,6,7,3,Berlin,21.366231126996787,Low
18,48.142473325952736,131.05444776336827,568.7476908688162,0.3729148487054791,7,1,7,1,Amsterdam,30.67189048484061,Low
19,35.91975924478789,83.88312497998504,392.77891115127943,0.15414498470410312,7,8,1,0,Paris,14.317377620477396,Low
20,30.876962986647086,89.95368162806344,769.1787272588318,0.1571551736769069,3,7,3,0,Amsterdam,6.334640632763194,Low
21,59.65648768921554,78.55230625307728,731.7262193627388,0.40213680617365355,7,9,3,4,Berlin,22.418314368501196,Low
22,42.74223699513465,61.6220799818853,590.614613953335,0.3885073173941669,8,3,7,0,Berlin,28.207744272482064,Low
23,45.67528204687924,75.35188797628074,704.151005715466,0.25121230674972417,5,8,2,2,Amsterdam,14.214707681561016,Low
24,30.752518137865433,40.01513094514222,509.71870251850714,0.13096890533313604,1,2,7,4,Barcelona,9.535444494690989,Low
25,39.556172754748175,136.9271624513326,614.8156241562524,0.10483920867938089,1,9,9,2,Barcelona,1.4152439132182617,Low
26,46.10922589709866,49.1372000394401,721.6580442953112,0.21526277978469796,4,1,1,3,Berlin,22.485395566976575,Low
27,33.490064225776976,54.200842903820515,536.8248022691469,0.10368890943489079,2,7,2,3,Barcelona,4.583908362082001,Low
28,48.75698018345672,68.99351989034,461.72192427285745,0.1920290484414814,7,1,6,0,Barcelona,29.047384539451826,Low
29,38.99361310081195,112.20189312130944,244.30670627343264,0.2678002960845354,3,6,2,4,Berlin,11.376086891088939,Low
30,42.083062502067236,80.36272498156636,487.5299711417759,0.1485663061247817,4,1,2,2,Paris,20.610581811867984,Low
31,38.98293387770603,49.09660509923844,623.5134776843468,0.1417111031326185,9,4,5,2,Paris,25.111991194637994,Low
32,63.522781845089376,111.35845901893349,641.8450141351444,0.4585749742874946,2,7,7,1,Paris,17.142584296401758,Low
33,44.86502775262066,98.27501566963704,575.6547598577615,0.3341880116091557,8,2,4,0,Barcelona,29.80138844187775,Low
34,34.422890710440996,93.46087393041131,418.805135755664,0.4737822747051126,1,3,6,3,Amsterdam,12.564689960183424,Low
35,53.225449121031886,97.89335602927102,203.4767646578614,0.2383304655142717,3,4,3,1,Barcelona,18.35093939145228,Low
36,32.791563500289776,139.85904751456127,425.71773529928976,0.3708579749316653,4,6,4,3,Paris,12.546048799403582,Low
37,47.08863595004755,134.6273723759028,454.34826934190727,0.18187666984871617,6,9,4,3,Berlin,14.445357483501427,Low
38,25.403298761202244,62.832116424917615,453.06065492149787,0.34733612691197646,1,4,4,2,Berlin,7.094350897480436,Low
39,31.718139511015693,120.59712482027881,592.7834535466886,0.1518342920039938,8,6,1,3,Berlin,18.033784773344646,Low
40,46.96861235869123,89.57920474397251,797.8514616522259,0.1008322556705143,2,7,4,4,Barcelona,8.598906264312511,Low
41,52.38466579995411,92.47739540344374,518.5293802761639,0.47261272056383163,5,4,4,3,Amsterdam,24.44152694562455,Low
42,46.7136828118997,37.69322920891678,467.4902316265308,0.32195775047008374,6,6,6,4,Paris,20.233682348270747,Low
43,43.843517176117594,75.7403558652951,461.1167280493861,0.4707762651128158,8,3,9,3,Berlin,29.360817803963435,Low
44,41.98896304410711,59.67941024158588,518.6577150361571,0.23353260948082882,3,5,6,1,Paris,13.43201500804042,Low
45,30.214780096325725,100.70147037233274,375.75593594774017,0.23111442766470272,9,4,6,2,Paris,23.375578305544742,Low
46,37.801557916052914,106.77701251007012,518.0297838119083,0.2602620007092127,5,7,7,1,Barcelona,13.443087381908,Low
47,40.393612290402125,28.137841224592215,567.6218504497699,0.3824163935832673,8,6,7,2,Berlin,22.94224762295331,Low
48,55.57122226218915,79.44912839989324,531.4529095361733,0.3263234536744697,4,7,1,1,Barcelona,17.434601215401443,Low
49,48.43618289568462,108.04653761985631,568.6312901007171,0.47014196283964715,9,6,8,0,Paris,28.232274497101855,Low
50,27.36959844637266,75.33302594216387,565.0621414022803,0.11017636045297574,8,2,1,3,Paris,22.312643138441555,Low
51,48.24083969394795,98.22659112505912,234.21549766303343,0.38327837518901464,5,7,9,3,Paris,17.80503566007453,Low
52,41.149177195836835,88.7791366906771,595.5305237593104,0.23213107574662173,3,8,4,0,Berlin,8.666063916217269,Low
53,38.23077999694041,88.54150579881566,399.34777315063195,0.17209346072738446,1,7,9,0,Berlin,4.690168606355968,Low
54,51.11676288840868,73.21712554829256,335.62412554940636,0.30415824900803956,5,4,8,4,Berlin,22.376611356603,Low
55,55.30999522495951,49.58547989660726,334.33222582175057,0.30202551367199837,5,4,9,1,Paris,23.613253704207835,Low
56,54.31280119116199,51.96174631437431,565.0312415708794,0.15480441147537138,4,5,6,3,Paris,18.34188447210231,Low
57,36.607824767773614,97.73381286138293,466.61376091627204,0.18075842245315596,8,9,9,4,Amsterdam,15.289931654863643,Low
58,41.907876241487855,80.48645638797208,247.70468240218838,0.26326586596062196,3,5,4,3,Berlin,13.705021532052575,Low
59,48.31263431403564,76.53719388481939,571.7056722788425,0.2635245649569261,9,2,3,0,Paris,32.129035943779954,Low
60,54.75545127122359,69.40274894194118,284.0587803801759,0.2270232558478739,3,5,3,4,Paris,17.196867939845816,Low
61,40.2082576215471,72.37027886298121,520.9732037777317,0.15941806060399238,4,3,8,4,Amsterdam,17.156657892504054,Low
62,43.14341023336183,106.17279486220349,535.7748388509581,0.10174947164039182,6,8,2,4,Amsterdam,13.960517786412469,Low
63,33.93665025993972,71.61889795329932,632.8365622542567,0.48809402497120824,9,2,6,1,Paris,30.061935327694,Low
64,33.037933759193294,46.473382167460784,767.2527179700278,0.47739969188157083,2,4,9,4,Berlin,12.685377046573697,Low
65,53.125258223941984,98.59129438850434,295.2985511149187,0.2934601516704541,2,5,9,3,Barcelona,15.372178983887133,Low
66,58.56240028570823,74.87808340338206,492.1289215905426,0.4980207013100023,2,4,8,1,Barcelona,20.54892709881249,Low
67,44.27989878419666,80.78489663831941,458.5497057433674,0.36946173231289736,5,5,8,3,Barcelona,19.47858695838797,Low
68,55.03532897892024,120.18945765998777,565.0624528941444,0.12754301504301663,6,4,1,4,Berlin,23.78602884410624,Low
69,48.61636025047634,79.48598606623732,532.3503156400428,0.14708727963305096,3,3,7,4,Paris,17.555780871473413,Low
70,38.54880245394876,87.22959182796814,447.118063589507,0.4664443375478551,3,1,1,3,Barcelona,20.72908411166318,Low
71,48.61395605508414,50.52691271754187,433.8646717083717,0.3520208808598514,2,4,9,2,Barcelona,16.104395625123754,Low
72,60.38036566465969,74.50826369122599,332.5323717223929,0.43727345066294043,6,9,3,4,Berlin,20.986844206027314,Low
73,44.64173960890049,95.23815113021503,648.1792373609763,0.4593078598535377,1,1,1,4,Paris,18.485600481205523,Low
74,60.64643655814006,41.11565665396894,568.8806272399294,0.27917680451295446,9,7,8,1,Paris,28.48569901257156,Low
75,20.0,85.02112732789274,637.6652296692706,0.11941038063067722,4,3,7,3,Berlin,10.694103806306773,Low
76,53.21902504375224,82.51977681612016,453.44057952867297,0.17531213955892883,2,8,2,4,Barcelona,9.71882890871496,Low
77,45.870470682381715,81.03218638968599,401.47467969583545,0.12662877892097404,6,6,7,3,Paris,18.027428993924254,Low
78,42.009926495341325,105.92897246645609,338.2527400056158,0.17549593827940294,5,1,5,1,Paris,22.85793733139643,Low
79,45.91760776535502,88.36096287121303,553.837637561099,0.2642131705823507,3,5,7,3,Barcelona,14.917414035430012,Low
80,25.124310853991073,116.9517974589111,344.0310163207648,0.1472787242059942,3,8,7,3,Berlin,3.0100804982572633,Low
81,42.80328112162488,55.16026211014909,777.2994603449825,0.16669329912213732,5,3,2,1,Barcelona,20.007917327708835,Low
82,48.57112571511746,83.3981141804587,303.85361283598394,0.27832871282867166,4,4,2,4,Amsterdam,19.354624842821956,Low
83,59.77894044741516,82.11166965974869,541.0490178818753,0.23606838015539583,5,7,7,3,Paris,19.794365935778504,Low
84,39.81729781726352,53.268637656123,735.028206082068,0.2870632496752164,2,6,3,2,Berlin,9.81582184193122,Low
85,36.91506397106812,103.90737505228365,589.8634638895713,0.27166881110362484,1,7,4,4,Barcelona,5.291207302356684,Low
86,39.982429564154636,138.11683264632046,526.3510568737669,0.3577912103919534,5,9,7,1,Barcelona,12.072640973165925,Low
87,54.15402117702074,79.57484813790423,354.72745295571565,0.47487581955034186,1,9,2,0,Berlin,9.494964548609639,Low
88,48.287511096596845,92.62552720684417,292.7346217148444,0.143145735377697,3,2,2,2,Paris,18.917710682756024,Low
89,39.70239796232961,82.11296189538318,615.5075163376379,0.13970405972367797,8,3,9,4,Berlin,24.80775998593566,Low
90,50.13267433113356,62.1603832523206,725.922086116242,0.44112244443636084,8,4,1,1,Amsterdam,29.451026743703675,Low
91,45.9707754934804,34.48099305494959,434.17250142827424,0.30255868186098367,9,6,3,2,Berlin,25.81681946665396,Low
92,54.68644990532889,62.35566292261587,329.14077385754734,0.40656200942737686,1,5,4,4,Amsterdam,14.971555065872437,Low
93,37.979469061226474,45.201040476206714,200.0,0.18616876144291258,4,6,5,0,Paris,12.255528332797066,Low
94,41.723378534022316,122.60255195147795,352.88527345061937,0.43154502926702076,6,8,3,4,Barcelona,16.8324638528769,Low
95,41.078918468678424,77.12225765191903,482.951473625144,0.46953864967707837,7,2,9,0,Amsterdam,28.019062037374308,Low
96,30.364850518678814,71.35201677382074,739.8684861255101,0.3541932062185953,5,6,5,0,Amsterdam,13.651387217789598,Low
97,47.96120277064576,102.22884561969515,600.9700538349452,0.1423516085895209,7,9,7,3,Berlin,16.311876917088938,Low
98,47.610552721798896,51.9562224286028,545.7628107060129,0.4581179256625355,8,5,7,1,Berlin,27.364345073165023,Low
99,45.05113456642461,60.82839904988619,439.98205080483035,0.41699509094802856,6,1,9,3,Barcelona,28.185291279407664,Low
100,42.65412866624853,81.70180673121553,412.52514241160657,0.400351110605796,4,8,2,0,Paris,12.79974970593252,Low
101,30.84629257949586,105.71922478558702,710.8471396261946,0.11469127556236623,1,4,3,1,Amsterdam,6.40080052947242,Low
102,40.79354677234641,92.54212612921971,530.1107811137584,0.4195850101027885,5,8,4,1,Barcelona,14.433914132731806,Low
103,41.572854834732304,86.20812856289706,200.0,0.1551804041873428,4,4,8,1,Amsterdam,16.02366049229312,Low
104,36.97722730778381,81.95294338090041,398.9690528154136,0.18895447047875535,5,8,1,2,Barcelona,10.982712897122695,Low
105,43.387142883339905,90.00589638816938,371.26759523425596,0.330853933947703,4,9,9,4,Berlin,10.824682204479,Low
106,49.040508568145384,85.04132262823137,418.06039862338025,0.20599230916675323,9,5,5,0,Berlin,27.272075662111146,Low
107,63.8618590121053,54.25069313057661,584.4365990427627,0.36453928252476786,3,5,4,1,Paris,21.30395052887927,Low
108,46.74577812831839,81.15198054082879,483.8832677308626,0.34322817907963266,3,2,8,2,Berlin,20.456015229291847,Low
109,47.57550390722764,53.15778352705618,488.4701889494507,0.14325983920530505,7,9,9,2,Barcelona,16.205249564221344,Low
110,44.25554084233833,82.02706357252059,697.0209741987856,0.3624058318366026,2,4,3,0,Amsterdam,14.900720571067524,Low
111,25.812287847009586,67.98380146279396,395.5308365319967,0.469581963929972,9,3,4,3,Barcelona,25.939505993402598,Low
112,44.73486124550783,143.48454056957155,779.6299288831024,0.16444396207433326,8,2,1,2,Paris,28.06489799439568,Low
113,45.60230209941027,79.0026404062072,399.3038612943371,0.338824808377155,6,3,3,0,Berlin,24.56893871359463,Low
114,69.63242112485287,44.89401084346028,513.3797294918857,0.23674614877467764,9,4,5,2,Berlin,35.25718782520263,Low
115,43.076390352188774,76.64549473307689,457.81946068958496,0.2838446687094416,3,9,8,0,Amsterdam,8.261363792751046,Low
116,48.015473423336125,92.9839686409472,518.5128700251441,0.21480007163158799,4,6,1,1,Paris,15.552642743316717,Low
117,44.65288230294757,121.83409865381309,566.6887992609693,0.24165225453907813,7,5,1,3,Paris,22.31238723627505,Low
118,33.31321962380468,65.26369000153204,565.0752860133315,0.11156472930662292,1,9,3,2,Berlin,-0.39038681979236767,Low
119,56.42822814515021,40.439300649409,387.032400406913,0.4926206951668882,1,8,9,2,Paris,11.854675395213942,Low
120,52.519330326867745,100.42092528577453,331.5627983828644,0.3499199688290993,1,6,9,2,Barcelona,12.254998786351315,Low
121,52.910319470430466,45.48503235250872,875.4757686358566,0.3002822361975541,8,3,1,4,Paris,30.375918203104682,Low
122,35.906125452052606,69.09611396231287,427.402349059917,0.2534861398001307,6,7,4,4,Barcelona,14.80669903361709,Low
123,59.02794310936099,73.55948786222515,604.881865800798,0.31574982352961106,3,6,8,1,Barcelona,17.865881168104405,Low
124,30.981489372077192,78.25916366749729,258.85380342152047,0.25204239948632157,7,8,2,2,Barcelona,13.814870806486372,Low
125,50.868570938002705,97.2291114268584,458.0580920142985,0.24396317099746934,6,6,4,3,Berlin,20.700202991375505,Low
126,66.90455625809979,62.909142942840305,480.92009240263354,0.28557861668880524,5,4,7,4,Barcelona,26.927153044317986,Low
127,35.09463674869312,73.15676869583098,570.9222604891748,0.21039321346847634,3,7,7,0,Amsterdam,8.132323159292698,Low
128,39.33702270397228,79.64324117626529,200.0,0.17201995998671418,4,7,5,0,Paris,11.021306411058825,Low
129,45.99651365087641,83.7399489379697,524.9210919617497,0.3226423592721174,1,8,7,0,Barcelona,7.025377687984097,Low
130,39.96524345883801,82.44567936769806,327.53878169481607,0.43710617446012046,9,2,6,1,Amsterdam,31.36063478225261,Low
131,29.493365689338674,90.9001443805645,548.6518566792386,0.16113127109035694,5,6,2,2,Berlin,11.45932241770517,Low
132,45.68562974806027,101.09598774104343,344.55062047427555,0.11309373624168746,2,3,9,2,Berlin,14.336626286834958,Low
133,34.37696286273895,89.8158528912742,371.6775956111628,0.19872469806161447,9,8,5,4,Berlin,18.30033583943783,Low
134,49.73592430635182,91.33963808773046,458.95585844100975,0.4918882573815243,7,4,2,0,Berlin,27.839659865720787,Low
135,35.80575765766197,40.44442083133806,342.1505795595207,0.43150322949733577,8,4,6,1,Paris,25.056759592271945,Low
136,60.499344050175395,81.25569247914201,428.6698329896968,0.33834642141143867,3,2,5,3,Berlin,24.533267429167005,Low
137,37.16746707663763,91.98768870004021,320.9936347185027,0.4716995660972544,7,6,2,2,Paris,20.86723578396383,Low
138,41.77938483794324,98.22352986426125,225.0244322451909,0.27811164673489785,1,6,7,2,Amsterdam,8.31493191873195,Low
139,53.135172173696695,62.69123064415514,652.6935578644039,0.49331224103006954,6,1,2,1,Berlin,31.373674062409705,Low
140,32.69135683566045,63.524018127783876,305.5926960764108,0.21852081804771362,6,8,7,4,Berlin,11.992615231175272,Low
141,47.27459934604129,65.64748311791004,473.19786685880246,0.19612229980637563,6,3,6,1,Amsterdam,23.643602801876145,Low
142,58.07142754282428,93.41034749728358,612.9336622240677,0.35521928045880447,3,1,4,4,Amsterdam,25.473621067435328,Low
143,28.925167654387725,105.84702637310522,407.75838462259355,0.25126158718014413,6,1,4,2,Paris,21.69016616811776,Low
144,46.84633858532304,69.81349731770996,376.2251150381693,0.35054621679050313,3,1,6,4,Barcelona,22.05936374350194,Low
145,47.598827942484235,102.69905784067622,533.9357133001132,0.22199820732107434,9,5,9,4,Paris,26.999630455956016,Low
146,52.8182287177731,83.08699522911485,667.6900734090727,0.34716730273519647,7,5,6,4,Barcelona,25.817141642683897,Low
147,32.63049289121918,76.89285557093909,324.60271023702967,0.21029850423401455,4,1,6,4,Paris,18.392132909705897,Low
148,31.795433869157236,74.71539425455077,477.47782519738416,0.12038882752755597,3,5,1,0,Barcelona,9.24251843602273,Low
149,50.21941565616898,98.66528411505394,240.1258107549009,0.46485436076927333,6,7,5,0,Berlin,21.214368304543424,Low
150,47.96984673233186,88.13944541967675,441.0198494476715,0.4532820807493849,9,5,1,0,Barcelona,29.423774827193405,Low
151,47.504928503458764,136.89563569119093,505.1307026807113,0.48831925970906875,3,9,9,0,Amsterdam,11.634671148128316,Low
152,48.46448209496975,58.6943839250669,371.8063037367401,0.3866108704885619,8,4,4,1,Amsterdam,28.405453333376542,Low
153,38.19975278421509,92.9525425507494,431.4512249262153,0.37308847109412124,6,9,2,3,Barcelona,13.69081054620574,Low
154,47.322536971610035,66.76997475471218,288.7659847538825,0.3236012280299323,4,8,9,4,Berlin,13.432773371782336,Low
155,47.93072473298681,58.26782532528391,511.561791707224,0.15037696654100907,5,1,6,1,Berlin,24.382987085306134,Low
156,37.85648581973632,79.7283215741257,658.3541373324724,0.17569412437970802,3,4,3,0,Barcelona,13.113886989717976,Low
157,63.65774511144757,83.43381198517591,335.4284195344304,0.21578787546901448,2,7,2,4,Barcelona,14.755202288124416,Low
158,49.73832920911788,150.0,406.5992350171426,0.4560625450293577,9,1,6,3,Amsterdam,35.98212421302894,Low
159,33.08696502797351,75.39635460791995,575.3819369681273,0.16918780984123005,3,8,6,4,Amsterdam,5.617967606804354,Low
160,51.5655360863383,51.74553176288291,681.8136078984104,0.46914926979515625,6,2,9,2,Paris,29.161153523853052,Low
161,35.253183297726785,86.82526793735964,276.0215281686603,0.3091142932205669,5,8,5,2,Berlin,11.667097921523704,Low
162,52.87084603742452,28.133999061340795,474.6822893876076,0.3862278541892289,8,4,9,1,Berlin,29.723532353119644,Low
163,56.58595579007404,77.70108043489336,542.4696233479287,0.1440977946722266,5,8,5,3,Berlin,16.41676468374448,Low
164,36.7931768164829,80.40063205737901,484.6915414056728,0.20761341951036438,8,1,2,1,Paris,27.614087240048516,Low
165,54.63376129244322,99.86500957363029,200.0,0.48340744327257057,5,5,1,4,Paris,23.72420282045867,Low
166,49.12780926936498,104.34055623569617,575.1635013963157,0.20645997877189257,6,9,9,3,Amsterdam,15.302942568528419,Low
167,53.2206015999449,67.41075952730706,727.9004526635966,0.21860868815645845,5,7,7,1,Amsterdam,17.652267361548056,Low
168,63.967929826539475,76.23464963425168,517.4992626754255,0.1790389539364318,2,3,3,4,Barcelona,20.48076848732616,Low
169,42.54611883997129,60.846979234733226,345.3340920058605,0.15162946612273182,6,4,6,0,Paris,20.280130313218702,Low
170,37.4626383564251,51.798436129807655,423.0309130453575,0.1933030565815992,7,7,4,4,Paris,16.671822072743524,Low
171,36.10485570374477,87.74736948451586,765.486960148339,0.3569307567803194,3,6,9,1,Paris,11.400764278926623,Low
172,36.841897150345616,48.16036128508502,636.4943811290838,0.2821470934014254,3,4,2,3,Berlin,13.874040079117936,Low
173,44.228982905858956,69.63432748570342,596.0039927576494,0.3215023345351594,7,3,4,3,Amsterdam,25.98371821710928,Low
174,48.41151974816644,55.12065100251907,553.4618875301564,0.14894593150640972,4,2,1,0,Barcelona,21.01291523951403,Low
175,47.766907993300194,93.7420796572565,400.82943317135414,0.4208465788651601,2,9,7,1,Paris,9.03853818664166,Low
176,53.27183249036024,125.0357524816622,469.9143229016347,0.41363788023193926,9,3,4,0,Paris,33.61792854942746,Low
177,45.13001891877907,47.46030042991672,488.3115896482226,0.10863596445707016,9,7,5,2,Paris,22.125365320204423,Low
178,59.53534077157317,33.67453792756077,582.4361474096665,0.25340603780412196,6,1,1,4,Berlin,30.89466260951317,Low
179,42.35343166762044,76.87782786624831,726.3378341400355,0.12750824078845913,2,8,2,2,Barcelona,5.981111908170723,Low
180,70.0,80.39244489894396,667.7507205189692,0.4168423117659833,3,1,4,2,Barcelona,29.668423117659835,Low
181,51.25667347765006,85.46648266893244,287.0923466305939,0.39490787325028176,5,2,2,0,Paris,26.326080775797834,Low
182,36.42842443583717,68.84198711914138,533.5992453351573,0.4607952377172625,5,1,1,0,Barcelona,24.036479707923775,Low
183,34.29107501938888,74.98401752936421,610.5145017751845,0.19456158358124587,9,4,1,4,Berlin,24.23293834162912,Low
184,49.824724152431855,89.18776026351506,592.8290495216953,0.28251835325111957,3,2,6,0,Paris,20.77260077824075,Low
185,42.76537214674149,106.01077231612098,405.6149354918871,0.17379515086575908,2,1,2,0,Amsterdam,17.06756315268004,Low
186,52.14000494092092,31.123780742042932,937.1163823652543,0.2484939737896478,8,1,3,0,Amsterdam,32.62694122017275,Low
187,49.73237624573545,70.77651402421344,308.43731565033215,0.3088973006267536,7,2,5,0,Barcelona,29.00868587998817,Low
188,44.271710873431275,85.34521984852658,337.52173300009247,0.12133231593543559,9,6,3,0,Amsterdam,23.494836421383738,Low
189,36.532062819315954,57.0505973847316,535.0392621892364,0.38594816427095413,3,2,6,2,Amsterdam,17.819100488504326,Low
190,29.851527753141355,123.2792407941825,817.5204582445781,0.3173173441484301,6,2,7,2,Paris,21.128631767426707,Low
191,40.53485047932979,64.11475299428157,374.5707723943744,0.43158360688426933,5,8,6,4,Berlin,14.476291212641627,Low
192,53.56398794323472,78.96768282481793,460.12574515295114,0.2087122004764789,5,5,2,3,Paris,20.656318387735205,Low
193,47.14093744130204,93.90055242105727,661.5940509523539,0.46132844210770185,8,8,9,4,Berlin,22.75556565346763,Low
194,32.542612212880115,65.21788027995264,497.32067676684,0.4994777012121774,1,8,2,1,Paris,4.7575606759858085,Low
195,46.73180925851182,33.83567380488957,449.80942182045567,0.4677193753510698,1,2,6,4,Amsterdam,17.696736531064246,Low
196,48.85317379728837,69.28363682708667,584.844935283008,0.4111569903332617,3,7,9,4,Paris,14.267522042519127,Low
197,36.16142563798867,105.73601389817601,540.877698534439,0.4249475211495123,2,9,9,0,Barcelona,5.597902902891724,Low
198,46.53725105945528,71.57762183037154,654.5658178455187,0.3294976970178346,2,8,2,0,Barcelona,9.256152288014931,Low
199,45.58208718446,58.83914246352553,693.7203333598045,0.17606154516504421,2,9,9,0,Berlin,5.935241606988442,Low
200,33.57029702169377,103.14180523756804,546.0504590008043,0.3708162740590869,4,8,8,3,Berlin,9.779251847099001,Low
201,48.577873603482836,71.73062759942368,543.7599088067464,0.3851012008239726,1,4,7,0,Berlin,14.424374089284575,Low
202,50.60784526368234,67.24597965874457,532.11664734292,0.49415405610716234,9,7,8,1,Barcelona,27.623894140176322,Low
203,55.830512431752766,83.73640224158274,573.3695834973931,0.3165205265025287,5,9,8,2,Paris,16.414358994551115,Low
204,55.53802052034903,99.26875524046969,508.27559568071956,0.20854760601002256,5,9,1,1,Amsterdam,15.246882216204932,Low
205,31.22330632042909,139.54283829331365,499.9087276516566,0.3734690086958027,9,4,9,3,Berlin,25.10168198308675,Low
206,35.62174960084877,100.68090269143558,679.4940681240863,0.4917503278665819,5,7,6,0,Paris,15.10402815892045,Low
207,50.1503526720866,108.9959991597086,727.4174270532565,0.1708855633076376,8,6,1,4,Paris,23.753961434702354,Low
208,50.13785950912209,67.35084502530361,273.86705830498687,0.23039916741424107,1,3,1,2,Barcelona,14.845349526879035,Low
209,50.150476863060476,54.35329735076309,501.50317276108535,0.3167523815090725,1,6,7,3,Barcelona,11.212666874008868,Low
210,70.0,81.55828374047807,396.6958349832148,0.16808585395280196,4,8,2,1,Amsterdam,18.68085853952802,Low
211,50.70890510693167,82.6792478814899,453.35428002708915,0.10888825580797534,8,2,6,0,Paris,29.30155409015925,Low
212,56.35565640180599,53.03718146588507,560.3774314602982,0.23479324897650025,3,3,5,3,Berlin,20.754629410306798,Low
213,54.54001763493203,75.61763675239968,600.4157557313703,0.4461483206004232,1,8,5,3,Barcelona,10.82348849648384,Low
214,51.51391251305798,89.98294004297827,483.18103345829826,0.11738735972948594,9,4,6,4,Paris,28.628047351212253,Low
215,41.84730755359654,89.009834875452,212.99894979157955,0.271571623606767,9,4,8,4,Barcelona,27.269908502146635,Low
216,52.589692204932675,92.60719633460681,355.2431629135731,0.40488030917043305,9,2,5,4,Paris,34.82571075318413,Low
217,37.27174785462428,87.27411825343607,634.4749505300249,0.4812730387643541,9,1,8,1,Barcelona,32.494254744030826,Low
218,42.63181393259991,67.32478351824861,200.0,0.4941901596017729,2,7,5,4,Berlin,11.231445775797702,Low
219,40.14636452170897,67.15248433377892,678.1140727523,0.2687877522434967,4,4,6,3,Amsterdam,16.73178687894766,Low
220,45.81874139386323,50.0262150501531,578.1844985966812,0.48015371775164706,2,6,8,3,Berlin,13.547159595675437,Low
221,68.14658566673509,124.61937597962736,697.4264122295033,0.1141675893123455,7,8,2,3,Barcelona,23.585651593143986,Low
222,26.32734807408252,80.33625911548232,470.2146219678559,0.39836677519942254,3,7,7,2,Barcelona,7.38187217421898,Low
223,51.86260190374514,74.3786736051287,200.0,0.3570984138534452,9,7,3,2,Barcelona,26.629764709657994,Low
224,28.872841288103483,56.780197963688536,564.5543962259746,0.19980874303446094,7,6,9,1,Berlin,15.659939816775653,Low
225,40.280681342105666,150.0,691.1979686057512,0.3029274002718596,8,4,7,4,Barcelona,25.113478405350293,Low
226,55.889505969673664,53.16679919442761,638.7082708270132,0.15182149510419826,9,4,3,3,Berlin,30.285066741944078,Low
227,45.64280019095463,69.27880185984816,400.5962774767947,0.4486388603806244,8,9,8,4,Barcelona,20.679228661092633,Low
228,34.22255222070694,90.39592090715152,513.014161319397,0.2431592342182592,7,5,2,3,Amsterdam,19.19835800839467,Low
229,37.84696290740032,95.00532414360694,420.0745596830114,0.35041778818628666,9,9,8,2,Amsterdam,19.358266754082962,Low
230,51.79597748934676,103.94830138039211,377.1100303715942,0.1635105145149049,1,9,7,3,Barcelona,5.673898391953076,Low
231,37.69633368282864,125.19021269423158,643.3082856769777,0.18246593785248286,4,4,5,1,Paris,15.133559483373418,Low
232,47.16458589581975,92.6539413865178,320.37015331022565,0.4967825483212608,4,2,4,0,Berlin,24.117201251958534,Low
233,45.45571839903814,53.59923000083331,365.92753541275806,0.4012345577765317,5,2,1,3,Barcelona,24.64906109747676,Low
234,38.483996523941826,73.57637187195546,334.3961549791422,0.48478874790962834,8,9,4,1,Berlin,18.893086436278832,Low
235,66.43944089325325,87.69580931284712,276.46287150514297,0.21834046608481766,1,9,6,2,Paris,10.61523692882415,Low
236,51.33919022318011,131.7056510376456,521.9621437763905,0.16582515064792816,6,3,6,2,Amsterdam,24.560008573433315,Low
237,24.74857413342393,45.05486303939257,674.2254572722964,0.3012273853915324,9,5,2,0,Berlin,20.936846093942503,Low
238,46.86454314769428,110.06441263063068,472.26848656321016,0.2978673128909374,8,5,9,4,Berlin,25.538036073217658,Low
239,38.38213535231612,84.49785923866042,274.13782991537505,0.16997860550319516,2,2,1,4,Berlin,14.214426660726787,Low
240,53.52433334796224,100.94576338073702,625.9916809613042,0.3932878278325641,7,2,4,3,Berlin,30.990178282714314,Low
241,37.07479261567299,77.4501320841017,752.8552631052457,0.24471101377549365,5,1,4,2,Berlin,22.06954792245683,Low
242,43.85263558533101,58.93918424684184,403.06365137801083,0.17454609237220692,2,2,2,1,Amsterdam,15.901251599321371,Low
243,50.049872789804574,98.7718194850333,428.2168599923423,0.23279335781731536,1,7,8,0,Berlin,8.842895415114524,Low
244,53.657551941701215,96.36077567764053,577.3490945125092,0.32546347985400603,2,1,2,4,Berlin,21.851900381050424,Low
245,32.997035929442234,104.30142414349305,743.2810621677577,0.3905883728721773,6,1,2,3,Amsterdam,24.304994507554444,Low
246,41.654987641590516,79.66738411553412,422.02487814121605,0.29275635442299386,8,9,2,3,Barcelona,17.924059836707094,Low
247,40.25054688839044,65.00444941700377,300.1325328502693,0.3102379959313494,3,2,1,2,Barcelona,18.177544025830628,Low
248,38.46670767426288,41.03032512440396,594.7127909408609,0.15557837437709937,5,4,5,1,Berlin,17.095796046049855,Low
249,62.65454240281097,100.48433170348517,619.8602109713449,0.46587636988329284,2,3,4,1,Amsterdam,22.95512641967622,Low
250,49.049817109609556,90.59723706109965,500.91971756528403,0.47148967919681783,8,4,2,4,Berlin,29.429841924851047,Low
251,32.391160456649544,55.85543417840102,416.2800110513824,0.37337063616720145,4,7,1,3,Barcelona,10.95105449866688,Low
252,54.17861947054776,66.53565816758439,649.156809648807,0.10705256357360989,6,2,1,2,Amsterdam,26.324111476900427,Low
253,66.22156197012633,68.33102970121399,579.2054006821946,0.31482968636133046,3,2,2,1,Paris,26.0147654546512,Low
254,55.32465260551147,42.92538920043955,384.73467246447603,0.3516875888354455,8,9,1,3,Amsterdam,22.614271670007895,Low
255,29.806300340459867,59.55794008487166,507.3642096958507,0.497861689183244,8,6,9,1,Barcelona,20.920506993970402,Low
256,40.15765927133749,51.65424107984114,297.243870196303,0.4984267820779188,3,7,2,0,Amsterdam,12.531565602180436,Low
257,57.669111491866225,69.68802470280158,602.883568465688,0.44304449413022295,9,5,3,1,Paris,32.23117838886209,Low
258,37.92330534381219,61.53256254176093,460.6649645925716,0.12553239681044542,5,5,9,1,Amsterdam,15.132315571248112,Low
259,49.43819428146229,39.32487697833128,434.6433751422894,0.481310556311492,9,4,5,3,Berlin,31.644563847553602,Low
260,52.74634053429337,130.56475576423702,495.0688272271349,0.34506449886079965,7,8,8,1,Berlin,21.274547148896005,Low
261,35.730695284219166,111.31351827573077,506.04615489953716,0.42035470819167176,3,7,7,1,Barcelona,10.422755667182464,Low
262,44.404746439382,60.52451446200036,634.239509234834,0.26287713987434147,6,2,6,0,Amsterdam,24.950195330558014,Low
263,20.0,86.81053491634025,588.6635796987832,0.22786778849383593,2,2,2,1,Barcelona,9.278677884938359,Low
264,34.756123586657104,90.43662724553238,476.5386081810796,0.2852976581935232,6,6,4,1,Amsterdam,16.279813657932362,Low
265,42.4743184860684,109.77714636933692,614.5502224578493,0.1587498051875308,5,1,9,3,Barcelona,22.829793597695826,Low
266,32.52216818035151,59.53487433349804,560.1105880537419,0.24282645550132242,3,7,7,2,Amsterdam,7.684915009118677,Low
267,61.32411303931635,107.30266959956066,436.01005455709446,0.44304699990731145,7,8,3,0,Berlin,24.82770391086802,Low
268,30.698586220393672,66.30236739482662,481.2922762645271,0.1151801945043526,4,8,6,1,Barcelona,6.361377811161627,Low
269,40.599555133030165,46.60343989578467,477.7665666735319,0.16035121872984182,6,3,8,2,Barcelona,21.283378727207467,Low
270,46.30740577286091,98.10341398286243,575.7892014761303,0.15004646385979423,9,7,8,3,Paris,22.892686370456214,Low
271,59.412732890661154,112.2689606030607,444.94660779175376,0.2612302170800912,6,1,8,0,Amsterdam,30.936122037999258,Low
272,30.641378488205607,144.6977243382671,441.438622036755,0.49879476035634474,4,3,8,3,Berlin,17.680361150025128,Low
273,56.63163752154959,50.00686837274466,795.3135964150938,0.16934317208455307,2,6,6,2,Berlin,13.682922977310408,Low
274,45.10233061019587,97.47299212701972,640.9603222620656,0.15819305983970408,9,9,3,0,Berlin,19.6126297814558,Low
275,35.18491348952049,69.75496890516168,385.90990033622916,0.46602229191046185,4,5,9,1,Barcelona,15.715696965960767,Low
276,49.62103474263271,99.58396776310079,585.6411490913298,0.45282020678638635,4,5,3,2,Berlin,19.914512490653674,Low
277,46.9905969557347,43.23776121921873,517.7525098482765,0.11289614799862178,2,9,4,3,Barcelona,5.726140566706627,Low
278,38.99783122841205,48.4307556075359,558.7326762890141,0.40068238407172607,5,9,1,0,Paris,12.206173209240873,Low
279,45.69802084990019,60.6031294208379,520.6011986847657,0.3621862805905719,6,6,2,2,Berlin,20.331269060875776,Low
280,41.1468640313824,81.9741011417021,678.4463968227853,0.40709632394108364,6,5,6,2,Paris,20.915022448825557,Low
281,46.13517345251248,63.972968336541115,551.8430516977169,0.2978009819183689,3,2,1,3,Amsterdam,19.818561854937435,Low
282,51.62130674521047,96.47635859783549,490.68669526785686,0.4965516873793182,9,8,9,3,Amsterdam,26.451908897356322,Low
283,60.86016816145352,105.67236545644786,656.3285865474526,0.11753880748438528,7,8,8,1,Paris,21.433438523279904,Low
284,32.62184501173151,94.9894385311339,534.9927561631808,0.1937486345615223,3,7,2,1,Amsterdam,7.224039849134675,Low
285,66.33033374656267,120.4696909915217,518.2217868993587,0.25861839478944604,4,8,2,2,Berlin,18.485284071863262,Low
286,25.479122004774982,90.39566573638358,547.1033903729171,0.2799111766262813,7,3,8,3,Berlin,19.942848367695305,Low
287,43.482149049644164,49.57758224149582,485.958646495045,0.46854696107980753,8,3,8,2,Barcelona,29.230114325691325,Low
288,50.883172064845766,114.08441283845849,501.38404894932034,0.32400174563090356,6,2,1,4,Paris,27.504969075762766,Low
289,47.809918677350325,64.87109410985006,411.9958116857191,0.11804439820815756,4,1,5,3,Paris,22.023419585286675,Low
290,38.77300480179406,102.76046249213925,387.3249170564182,0.26314518537026477,2,3,2,4,Barcelona,13.763353294240865,Low
291,42.918777496427246,119.34335541387766,350.21444202763405,0.26659616494762794,8,3,1,4,Berlin,27.041594898404455,Low
292,40.06999065341167,91.41720026825998,291.20250698043856,0.48619637537511395,1,7,3,3,Paris,8.38296094977464,Low
293,39.106352430557884,42.59602967088376,368.04239579231654,0.3396788364084433,9,9,3,1,Barcelona,19.6286940932518,Low
294,53.496020970210246,57.04469583725521,473.85994482996114,0.3542604284635755,8,1,9,2,Paris,34.09141057569883,Low
295,48.57015485965047,113.06861167212838,515.4676373668456,0.3853012125005083,3,8,1,0,Paris,12.424058582900226,Low
296,38.070904047393455,75.77193285892959,459.3055155278539,0.4080157262728493,4,1,2,0,Barcelona,22.00142847694653,Low
297,53.995998754332504,81.98933837355415,200.0,0.35402042808099565,4,3,9,3,Paris,23.239003907109705,Low
298,48.072995208766095,98.97061040409024,736.1879536643513,0.1948777404535742,2,4,5,1,Amsterdam,14.37067596716557,Low
299,53.1286211883896,97.40807155200808,662.9720184335572,0.44961836573646574,5,8,9,1,Barcelona,18.434770013881536,Low
300,51.29628841923612,86.96999530963652,566.8639776825693,0.3928479201642521,3,1,6,1,Barcelona,23.817365727413357,Low
301,36.710049890779274,74.78329071948835,786.1236008829902,0.39674819403878236,1,2,3,0,Amsterdam,13.980496907621605,Low
302,39.39818959803031,72.18328885669106,353.3953823774434,0.4986226956938997,2,5,8,4,Paris,13.30568383634809,Low
303,52.472936051232615,101.44747063228357,783.1437680939007,0.42101061394532635,7,6,9,0,Amsterdam,24.951986954823045,Low
304,51.10370265433465,93.83923827669483,355.2178884874178,0.4316605612620613,1,5,2,1,Paris,14.147716408921006,Low
305,44.79098406035852,73.56749998455525,535.8106887937034,0.48056220628406343,2,3,9,0,Berlin,17.74291728094819,Low
306,46.17327383308782,107.05280782482852,308.9244012298693,0.16045359993955755,7,7,4,0,Amsterdam,18.95651814932192,Low
307,57.77664895788425,76.7741471217554,502.20411433165503,0.29909095059122714,1,1,8,2,Amsterdam,20.823904193277546,Low
308,39.0842861116417,58.70844564164017,557.9249746997583,0.33222680943631505,7,2,5,3,Amsterdam,26.04755392785566,Low
309,50.470973811700375,61.02573252741638,476.7964503298168,0.23171029168898305,8,9,6,4,Berlin,19.958395060399944,Low
310,42.97807347566106,55.53147909225585,607.0816166135206,0.4357613375578022,2,4,4,2,Paris,15.251035418276341,Low
311,42.8231879677278,73.18974958490782,514.8521674230886,0.4049678486582894,4,8,5,3,Berlin,12.896634876901235,Low
312,55.9877685198719,110.84310695840483,421.6377907433736,0.3883532298032496,7,9,1,1,Amsterdam,21.179862853994063,Low
313,53.2541634898803,59.87262047423728,414.97800232964914,0.4988597759032668,1,7,3,2,Berlin,12.464846805996757,Low
314,53.135096360006386,84.71189402545258,621.6370658923545,0.2037525493633562,6,1,4,3,Amsterdam,28.47805440163548,Low
315,58.05478807154329,63.58276635931467,401.9386955289549,0.3941829006701686,5,5,1,2,Barcelona,23.85826542816467,Low
316,45.21003841632759,73.49227396821406,637.3104455727405,0.3205617899623603,6,6,3,0,Paris,19.768629424521883,Low
317,51.81952971294964,42.2489697003687,683.4067689247896,0.22519567299755044,8,8,4,0,Amsterdam,21.797815643860396,Low
318,41.89733243406544,74.48654427108656,249.6929206480805,0.16423474828925033,1,8,9,2,Berlin,4.211547213112135,Low
319,48.24166352488442,75.15736550487595,669.9389580951552,0.4583535348270189,3,9,3,2,Berlin,11.556034405735517,Low
320,43.698569456323156,93.50719860089238,809.0634047667048,0.3381821930831381,9,9,3,4,Berlin,20.99139276772833,Low
321,45.96995964992718,85.58202283138426,537.8005641802893,0.42997353505631786,8,4,4,1,Paris,28.090723245541334,Low
322,50.95157025436914,50.04019687619887,589.8626277942234,0.31813799360061795,4,6,9,0,Barcelona,17.466851012316923,Low
323,36.81779316766527,107.10495610108856,655.5507986553738,0.18799083226160784,9,3,9,2,Paris,26.42524627291566,Low
324,65.9238727568546,85.25757600554988,458.67765272314665,0.23501952524013012,7,1,1,3,Barcelona,34.62735707945768,Low
325,34.93982618500298,84.95983792943717,527.3420335306805,0.25261553698941863,2,6,8,1,Berlin,8.008103225395079,Low
326,32.85811387212268,79.77044116537152,302.8700705565336,0.48917392500148094,1,1,1,3,Paris,15.249173411651611,Low
327,56.581108735000676,67.0560638194445,520.7952542795676,0.102253311352553,1,9,2,1,Barcelona,6.496865734025732,Low
328,52.91662693962936,85.44505849371815,574.7167993466812,0.4942664092098028,3,6,5,3,Berlin,17.817652173986836,Low
329,51.24119817052155,91.88971089821456,577.4244534389704,0.4921846540439323,2,1,6,0,Berlin,22.794205991595785,Low
330,51.2834550926428,36.32760771636113,659.8137085396371,0.49846031621205467,4,3,2,2,Paris,23.869639689913384,Low
331,44.87753227153085,66.53097906634761,383.77967327967065,0.29063527156785385,8,1,5,2,Barcelona,30.869612397137793,Low
332,36.02745628514168,73.62632573991027,420.1089864989755,0.4855235878483999,5,2,3,4,Berlin,22.663472764026505,Low
333,45.75804558193726,86.40426514235695,784.3261018987032,0.258239672739931,5,6,7,2,Berlin,17.30981040198049,Low
334,38.22838288487888,109.83277514817814,477.4507439354435,0.11051777626735469,6,7,1,0,Berlin,14.073692628137211,Low
335,54.75119733417751,60.70647963508044,530.0050680968492,0.18973887454870583,5,1,5,1,Amsterdam,26.822747945740314,Low
336,43.52942618497861,67.55095382955395,489.94849374121685,0.47811849797495387,5,5,3,1,Barcelona,20.340012835243122,Low
337,36.745028032074885,67.18664723383625,376.74787605424666,0.10550587733416,7,6,2,2,Barcelona,17.078567182964065,Low
338,41.78614158347007,59.96181024738646,743.529381633771,0.31839765416919,6,4,3,3,Amsterdam,21.719819016732924,Low
339,49.12931454275624,71.32033762219343,420.84478821190913,0.13024063555787163,2,6,4,2,Berlin,11.04120071840559,Low
340,39.36275447196025,99.27005549969928,330.9071714439605,0.2145586313710314,1,5,2,1,Amsterdam,8.45441265529839,Low
341,36.77779604433569,53.654112615891364,432.38895840458724,0.13523714028475467,1,7,2,4,Amsterdam,3.885710216148252,Low
342,47.436872114919126,90.69535987882259,200.0,0.4438114484452226,4,4,3,1,Amsterdam,20.66917611892796,Low
343,47.44966571108723,37.452444249541614,402.3068802525227,0.3364282838590823,2,1,2,3,Barcelona,20.09918255191699,Low
344,39.9305682462887,65.96655008894486,354.780710322151,0.4608425862873252,6,2,6,3,Berlin,25.587596336759866,Low
345,40.289616943816775,71.76276749455035,592.6142946390987,0.37534127981609133,9,6,2,4,Berlin,24.840297881305947,Low
346,47.32049937357636,121.87149182285162,398.98786406601914,0.48841165249803986,8,2,1,3,Barcelona,32.08026633705331,Low
347,30.519156585026757,73.1299423811828,633.1705903368272,0.30395106190416266,4,5,8,2,Barcelona,12.695257594549654,Low
348,30.925362256234447,24.968913163727045,709.7725989603982,0.35548423270514984,2,4,4,2,Amsterdam,10.832451003921832,Low
349,37.81555778747564,30.02777732846875,617.1763004431399,0.3305235279556227,1,7,2,1,Amsterdam,6.1499026157989185,Low
350,42.86552848288153,80.85073965866702,467.6917566709885,0.2937041717786451,7,4,4,0,Paris,23.79670026265091,Low
351,48.10907565598005,95.34427139474772,521.167174505839,0.43838374616920506,3,7,2,2,Paris,14.316560158486066,Low
352,59.753562169495524,89.38639644068132,271.25225897839107,0.35781005426814405,6,8,5,2,Barcelona,21.504169193530096,Low
353,53.576596232020194,84.18925264502475,479.93309412181407,0.42052490594218916,5,7,7,4,Amsterdam,19.77822792902795,Low
354,43.40061470036573,109.05648993764167,370.934229789975,0.4145455746409653,5,2,6,2,Barcelona,24.165640156519373,Low
355,44.80983792097311,66.51021948157171,604.1489571723948,0.17641806426211815,2,1,2,1,Amsterdam,17.70713201891311,Low
356,34.97470635362191,102.37276390067063,885.9128583866711,0.3600654130070575,9,5,4,4,Amsterdam,24.593066036157147,Low
357,44.8148686400761,39.19962787433957,574.9732453960714,0.17985920767253366,4,7,8,2,Barcelona,12.743052668748165,Low
358,42.11341361079862,57.376304176548345,201.32897765680002,0.33332819129750835,1,1,7,1,Barcelona,16.46730599621467,Low
359,48.227185603380896,34.82396512670459,445.81547106284404,0.3709738737785202,2,8,7,4,Berlin,10.177894418799468,Low
360,36.727690564476774,73.12886748325519,518.3736388061682,0.49889402863503474,9,3,4,0,Berlin,29.50724745569338,Low
361,50.193465142411725,78.84346956834143,513.1036137890395,0.11221679125989535,7,7,1,1,Paris,19.68020745532247,Low
362,60.32738913002578,82.85253730566299,390.378031158687,0.1364969576454884,2,3,7,2,Barcelona,18.963186315462615,Low
363,43.91239851543143,81.54708382217838,536.7937613955403,0.1308106785484926,7,4,6,4,Paris,22.481826340114356,Low
364,49.01711722098941,56.8111667297068,313.6248744620919,0.25934451450669604,4,8,8,0,Barcelona,13.298580311363784,Low
365,51.90143991711113,75.2439788896696,358.2636915972399,0.4286353445943255,2,2,5,1,Barcelona,20.856785421076594,Low
366,40.987795281141636,42.56383328485629,596.8696462405567,0.43762253311485433,4,6,8,0,Barcelona,15.672563915491036,Low
367,47.24092481810417,114.08072437830626,347.6505153680261,0.39479183828846065,5,9,8,1,Berlin,14.620195828315854,Low
368,45.12592400781795,72.40934817754997,580.7317408238385,0.4587512967319791,4,9,9,2,Paris,12.625290169665176,Low
369,45.97676098548832,67.77784702390773,294.5804338015913,0.22914397766778102,3,5,1,1,Barcelona,14.584468072324304,Low
370,37.26990216144534,119.72350821110207,764.7238825687605,0.13526185770091967,6,3,3,2,Paris,20.033589225442796,Low
371,45.245101742589426,48.94383666126927,383.8595116393918,0.12326121119594005,1,6,6,1,Paris,7.806142634736228,Low
372,49.979982912454496,51.86032214920077,466.4500142294834,0.44085308784775457,8,9,4,4,Berlin,21.902525752213894,Low
373,59.51143607795042,52.59449187828587,549.5919891635609,0.3921745177414765,5,6,8,1,Berlin,22.77517600079989,Low
374,54.59270826085207,78.30321545751295,415.19750712483585,0.3794461224044484,8,4,1,1,Barcelona,30.172273702300103,Low
375,66.53182457511556,90.79079074093994,521.5108941606957,0.23587053541826752,4,5,5,3,Amsterdam,22.818252726717343,Low
376,37.326524371119504,98.49188670294583,586.3035086780188,0.2519620754472905,4,7,4,3,Paris,11.217578065808754,Low
377,53.723206367206785,144.2998829373742,644.0919848755228,0.48324541155972767,5,3,1,1,Berlin,26.449416025759312,Low
378,46.83342005738352,23.764188644980905,618.7246153959436,0.125521897639174,5,9,6,3,Paris,11.805244993606793,Low
379,66.89802933217672,95.21838972811042,474.2284304295989,0.40949269477511707,6,1,3,2,Amsterdam,34.66433574740419,Low
380,36.91701714644849,66.07173568569422,478.00523389345966,0.22385332948335726,5,8,5,3,Paris,11.313638438768116,Low
381,36.602781578192236,65.33962127778067,852.3662837037549,0.11562184736502244,5,5,6,1,Barcelona,14.637052947107893,Low
382,39.00607354555978,64.50569679365306,642.4833602373938,0.39702804429698246,8,9,4,0,Paris,18.172102506637756,Low
383,23.76104275690193,57.28075822980067,361.72645155196795,0.23236475427134984,6,2,6,0,Berlin,18.45196036978408,Low
384,39.74244978319239,122.1131208650863,514.9982245648328,0.38885900749711866,2,1,7,1,Barcelona,18.311325009928904,Low
385,37.40867338446302,101.05743317534757,449.7285291832711,0.3830617532472481,4,7,2,1,Barcelona,12.553219547811388,Low
386,46.50393786476208,80.57989946393437,479.69986491153355,0.31391475017324605,4,9,7,0,Amsterdam,11.590328861161083,Low
387,48.41755975777159,113.77539381217501,315.5757263437868,0.4109492516842196,5,5,7,4,Barcelona,21.134760444173672,Low
388,63.761708392158866,42.18677586752811,438.211514842107,0.3324153296684974,6,4,2,3,Berlin,28.452665814332633,Low
389,54.5042383818605,46.732371716726846,771.733365979087,0.21465474113930427,5,4,3,4,Amsterdam,22.497818925951194,Low
390,39.23096344337597,25.550806695132806,586.8614451313255,0.39364612042576763,6,8,3,2,Barcelona,15.705750237270465,Low
391,36.01585328651642,62.51463649691782,200.0,0.33565592635108943,8,1,1,0,Amsterdam,28.661315249465822,Low
392,49.919191715065054,84.04246316761882,682.5085238746921,0.10509091267596822,4,1,1,0,Paris,22.526666641279196,Low
393,31.797667929793576,82.57146444830835,663.4444284363742,0.4606576711081237,3,8,6,4,Barcelona,8.14587709001931,Low
394,63.31458765854354,83.733547776497,446.10720435403755,0.3182574473297254,9,2,9,2,Berlin,37.176950770860316,Low
395,56.79440120721287,44.723579223347954,607.5895315674823,0.4474509061918127,3,6,9,4,Berlin,18.51282942408199,Low
396,40.30824347895295,100.07886856535055,371.0901183774199,0.4530947355928979,8,2,1,2,Barcelona,29.623420399614865,Low
397,27.868654709091224,85.99068795597495,429.4616425600464,0.2779866626940354,5,5,7,1,Paris,13.640463039667722,Low
398,58.538723741654124,98.32635703664997,724.7819541004781,0.3030639985804924,9,3,6,1,Amsterdam,34.09225710830116,Low
399,43.85460154747382,32.6809455602487,459.24049401954375,0.2663017550702408,3,7,4,0,Berlin,11.319398014944555,Low
400,57.378163119734616,87.78727146994474,219.54025070675135,0.2797747101232182,8,9,3,1,Berlin,22.511196037152565,Low
401,29.05572341205633,50.305869002061826,490.5045165827995,0.4580588635886912,7,2,9,4,Amsterdam,24.297305659503813,Low
402,39.00624977046227,70.06691868621596,488.2117410628465,0.4152576055871644,7,7,5,2,Amsterdam,19.354450987010328,Low
403,45.05243699718183,93.35912246590958,679.755285406019,0.15061027052623122,9,8,8,0,Berlin,21.02183380441686,Low
404,45.46980593764742,82.27734015639783,502.150463326364,0.34412311261603834,8,8,4,1,Amsterdam,21.082172907454606,Low
405,40.49934528520756,58.71150050551703,436.76265328395607,0.4983626561545369,3,7,4,0,Barcelona,12.633430147107637,Low
406,51.228499323474985,80.15682890461046,656.7584217846809,0.33822028049299435,6,4,6,0,Berlin,24.750752601972437,Low
407,34.32379570617405,41.711617118908926,518.1185348751666,0.4143486502372422,6,4,6,2,Berlin,20.440625214224635,Low
408,43.576205149787064,108.7566848974574,387.49659776514244,0.40762458935246837,5,9,3,4,Berlin,13.6491074384608,Low
409,46.20295631711899,74.86789951259372,673.2496340812427,0.24012701034893144,3,9,2,4,Barcelona,8.76215699862501,Low
410,50.14438834058749,107.96374860638315,529.0492646775199,0.24873972108158357,9,5,9,3,Berlin,28.030713712992082,Low
411,52.1161487808889,66.83670782259892,500.4388950019157,0.3896305687161613,7,7,2,4,Amsterdam,23.031150321428285,Low
412,33.75357908162131,66.91060028983543,526.6862587117481,0.299993412641934,4,7,9,1,Berlin,10.626007850905733,Low
413,29.658858292643778,60.89533033405384,339.39974428751043,0.3282282836521552,6,9,8,3,Barcelona,10.679940324314686,Low
414,57.77676821898509,101.90434829232689,420.8519335732494,0.3851623161459351,5,7,7,3,Barcelona,20.684653627154876,Low
415,48.323140119795916,62.2642210667881,500.53739027491747,0.4110300108156201,1,8,5,3,Paris,8.607242144094974,Low
416,37.51513463443446,96.1148858103794,470.800445746298,0.20860663109322855,2,7,3,3,Berlin,6.840606701262622,Low
417,60.51151975522523,70.43869005826774,690.8642574224893,0.1587175037747852,1,4,2,4,Barcelona,15.740630964315418,Low
418,46.156746342928585,30.600917502709507,532.6108779090505,0.21671785868949012,9,2,8,3,Paris,31.014202489773478,Low
419,56.792971840638266,65.74214830533835,628.2355883954604,0.30301533003683023,9,3,2,1,Berlin,33.56804485255979,Low
420,45.67518481410109,50.52229464092879,501.40930318637743,0.23685652691881565,5,7,8,1,Barcelona,15.571120713418484,Low
421,65.60747924881987,80.84756809205844,658.4432725619184,0.32734510353903756,8,9,5,0,Barcelona,25.455694810036338,Low
422,62.55340842443204,50.23980660813774,559.6291634859731,0.12138628965025139,4,2,9,1,Berlin,24.979885423832123,Low
423,42.51035851520926,103.14937751786542,502.01307280826904,0.3039001646455069,1,7,4,0,Berlin,7.292109201017847,Low
424,54.71570950954356,77.72310349117431,498.00753665614707,0.24719396277508318,4,4,8,1,Paris,20.886652480613897,Low
425,51.45375949585147,75.56010013103153,356.83420605635547,0.31386670195715294,7,7,7,3,Berlin,22.07479486832697,Low
426,58.68631557532349,96.39730344468957,576.0373580204466,0.26901334195399074,2,5,8,2,Berlin,16.796028092136954,Low
427,35.35076539419896,104.09767335189656,493.9692898195432,0.213690340255017,2,7,5,3,Amsterdam,6.242133020809856,Low
428,51.86051459998439,79.4975312057587,424.7012059728193,0.46164316218305435,6,6,2,4,Berlin,23.17458600182586,Low
429,55.58424486849588,60.71999251126773,665.9692656218108,0.1739059953685428,9,2,7,0,Barcelona,33.41433341423419,Low
430,27.412605135768857,35.65075959719677,312.4675961157798,0.3725462302322239,3,7,3,2,Paris,7.449243843052896,Low
431,33.16741487334225,62.8487560741205,436.6256156851349,0.46985788503296566,7,5,2,1,Paris,21.14880331233233,Low
432,24.607678222398995,64.56969383380095,654.15781231693,0.31546798387417324,9,9,3,3,Paris,15.03698330546143,Low
433,42.305931655554424,82.67643632480741,547.328441138038,0.4505633954317928,9,1,4,0,Barcelona,33.69741345098426,Low
434,52.17542255795962,71.37132797154932,492.8211608520864,0.14994059137331375,4,1,7,0,Berlin,23.652032681121025,Low
435,60.02357052096028,97.19832430128571,537.650531472522,0.2975155081025632,2,2,1,1,Barcelona,21.982226237313714,Low
436,45.74094780419775,64.67541821823276,526.9121256573262,0.28281011219237573,1,8,6,0,Amsterdam,6.5503854631830825,Low
437,61.286155455712915,78.57397082867645,272.5006180571118,0.10324752281479795,6,9,6,1,Paris,17.918321864861856,Low
438,31.198985417851084,109.59968607992224,447.6107171978058,0.27730293654373384,5,7,8,1,Berlin,11.632724990792664,Low
439,27.966175606448452,88.54563034887417,742.4782481770624,0.24761190255303914,6,1,2,3,Berlin,21.365971707464926,Low
440,44.44452301103381,78.49906145778588,401.1013797834249,0.3679194911098461,7,7,2,0,Paris,20.512551814408603,Low
441,48.840654489393074,64.95138895162057,452.2548478843499,0.4753319114306075,9,8,1,4,Amsterdam,25.405515461123997,Low
442,44.67305251905907,64.16921508212558,418.7568855036219,0.13431643530481463,6,7,3,4,Amsterdam,16.245080108765865,Low
443,24.325578999601234,58.73466867620131,486.9477165022794,0.23099055468584925,6,5,7,3,Berlin,14.107579246738862,Low
444,44.10879960487212,66.47482835542752,412.5315753013553,0.27762589495770074,3,7,8,3,Barcelona,11.508898831038644,Low
445,31.95530499495147,98.89164596860786,573.011225323709,0.28207415121375334,8,2,7,1,Paris,25.407333010622974,Low
446,51.69672548830039,74.45279321769328,529.59701184354,0.4099238883369015,9,9,9,4,Barcelona,24.10825652985913,Low
447,48.66598246096848,46.25567326546922,616.0321422660527,0.27735826633337635,1,2,8,0,Berlin,16.373377401624303,Low
448,35.60120213672645,124.20423232649458,342.35882507165593,0.11086452058146135,6,2,8,4,Paris,20.78900584683255,Low
449,39.861330826633065,87.99912977862908,448.9489275675645,0.3840416378371325,7,5,2,3,Amsterdam,22.298815626361243,Low
450,34.40786478111048,44.826414987170764,466.14160525817977,0.45393187805826873,8,8,1,3,Amsterdam,18.86167821491583,Low
451,44.37320902726828,68.9537768189794,568.3470365132893,0.30556188501986914,8,6,6,1,Amsterdam,23.367581558379175,Low
452,54.551423205012384,82.77215957071044,381.0168204189448,0.33244340867940214,7,9,7,0,Berlin,20.189861048297736,Low
453,35.14273953664456,122.61480233243444,637.3480706387516,0.16517457558761844,8,6,6,3,Amsterdam,19.194567616869556,Low
454,50.040465155178445,52.297188543528264,677.9623385776413,0.18825837787158284,9,5,7,0,Paris,27.394723325269364,Low
455,39.69742381627559,104.40101798389867,351.6691478546624,0.19406809564984473,7,1,8,4,Paris,26.349908101381125,Low
456,37.07127167737656,114.98716067430857,426.36906576596516,0.27229678995251816,3,8,2,1,Paris,7.844349402738148,Low
457,43.929696400454425,64.28364237313575,420.21027375618615,0.4712580883582569,9,3,1,4,Paris,31.391489803718898,Low
458,34.64757677580626,73.06215952849416,894.8579307016248,0.30871390668595444,1,2,8,3,Amsterdam,12.481412099601421,Low
459,39.46350694652818,54.09226881565574,435.514984218817,0.17683905808054107,8,7,8,3,Paris,19.107442664763862,Low
460,33.021221074111516,74.91347147299238,751.6438163234202,0.20643509434757987,6,2,8,0,Berlin,20.97071726570925,Low
461,64.6472513291639,79.08525064142673,310.00520073400855,0.25360601189087373,3,1,7,3,Paris,26.430235517657902,Low
462,45.35263551971729,96.49124995205926,351.5523550753455,0.34930359027711977,9,2,2,0,Amsterdam,32.09882655868638,Low
463,38.00274492007414,107.25458677551117,397.0093202227699,0.2760132612016022,6,6,4,2,Amsterdam,17.160956088038265,Low
464,47.13979910734222,61.29759838445882,373.14660328302165,0.25697793767077,7,2,9,3,Barcelona,27.711719108910366,Low
465,43.8767195030917,30.81687339435014,459.8151898762252,0.3258914401595979,2,1,8,4,Paris,18.921930252523488,Low
466,42.79030400466777,79.46888051809395,393.6832695917753,0.1967339979817862,1,1,4,4,Amsterdam,15.304431181218192,Low
467,51.14166700043425,87.33843824921601,377.098761089814,0.1315613090338329,1,4,8,0,Barcelona,12.658113190468603,Low
468,52.57507710047305,86.23544219212604,673.7707994709991,0.10976572592888885,3,8,6,2,Berlin,10.870180389430802,Low
469,39.69498852389472,71.8331688122739,683.5690433769748,0.20050366538685083,3,6,9,3,Paris,10.913533211036924,Low
470,39.2418175935532,83.11880249159836,642.3944747562973,0.1366368136577875,8,4,1,1,Amsterdam,23.138913414643838,Low
471,42.24948302848356,117.88612020880619,578.5998433376492,0.23453625540830672,7,6,6,1,Amsterdam,20.020207462628136,Low
472,21.98078835264415,89.54335422406274,513.9114598669329,0.40917341614390224,8,6,4,4,Paris,17.68597066723227,Low
473,29.84808937801448,70.6657893749229,425.4453964001137,0.3865177321947354,1,9,3,3,Barcelona,1.319604135351697,Low
474,58.66874267444525,67.49505457260011,357.0263742867362,0.34437104911521155,4,4,5,1,Paris,23.044333293485693,Low
475,61.449677135012834,75.75369105805673,554.4493555149031,0.4410000975517915,8,6,8,0,Berlin,29.844904116021763,Low
476,42.50963960443622,120.918499045766,323.9554411179803,0.2128270498177107,2,1,6,3,Berlin,17.38116237950797,Low
477,50.765569630557664,75.41748226184507,350.91186062369104,0.45402150121198626,7,7,1,4,Paris,23.26988590128716,Low
478,48.112501545435364,79.5051413869823,672.9369884307214,0.2596956678676717,8,7,6,2,Barcelona,22.530707142307325,Low
479,70.0,67.94216072659242,785.0973562583131,0.2603573273066506,9,1,7,0,Berlin,40.10357327306651,Medium
480,56.195749114345766,107.47458393604911,558.9942707249721,0.26214064545020865,7,8,6,0,Paris,21.480131188805814,Low
481,43.72082408519233,128.99593136861688,665.9685728441966,0.1392377464963926,9,5,3,3,Barcelona,25.008624690521625,Low
482,35.44459559399574,91.26532623578471,463.1227523834025,0.4901961993324223,2,9,9,2,Barcelona,6.035340671522945,Low
483,28.935536797424277,82.06932259463565,299.34887208684734,0.15540271113006368,1,8,4,0,Amsterdam,0.23468815052792014,Low
484,47.03463635867223,80.91957082935588,591.8257427927877,0.2363542897876738,1,3,5,2,Berlin,13.973933805478406,Low
485,37.436492547156966,20.39233028035636,585.3933984905095,0.22772012813070286,4,1,5,4,Paris,20.008149045454118,Low
486,30.77746290402326,98.62877160712043,510.7502830820366,0.12987177312668385,1,3,3,0,Berlin,8.031956602473816,Low
487,38.534271157574736,83.35416039989609,463.6436812842333,0.16090405204475067,7,2,2,1,Barcelona,24.16932186771993,Low
488,34.18451996385605,90.70855126651813,644.3315867871647,0.11794333447415434,8,2,8,4,Amsterdam,24.434789333898355,Low
489,61.871416350725646,62.21344514790738,352.14004498587883,0.2169617974242054,3,4,7,4,Berlin,20.731042879459746,Low
490,53.816397569494505,70.38857802557271,383.93291316640136,0.4466627696115626,1,2,5,0,Paris,19.611546966963978,Low
491,44.92027358683383,69.72437658742068,348.7840239859358,0.2357768822949538,3,8,1,1,Berlin,9.833850898999685,Low
492,59.79944138890026,105.54057460182597,512.7459443953741,0.1494767328269517,2,5,1,2,Barcelona,15.934599744939597,Low
493,45.77368307647618,70.53100408492267,336.81604818361126,0.3582775473535672,6,1,8,1,Amsterdam,27.814880396478525,Low
494,36.38715798671736,132.06650805274495,397.3636729227135,0.4986403648219643,7,6,4,4,Berlin,20.90255104423485,Low
495,60.23124077269657,90.77156047537594,394.1366656659203,0.19292951581277104,9,7,4,0,Barcelona,27.49866738993668,Low
496,50.38910043684659,48.10793350010671,460.90875014990627,0.2118284021482278,5,1,9,1,Barcelona,25.735014152536255,Low
497,34.62753845673544,76.78634266870108,276.8938330394035,0.4887388217123154,4,3,2,1,Amsterdam,18.775649754143785,Low
498,43.09661321916392,63.708121946089605,513.08074880559,0.17151051502019488,1,9,5,4,Barcelona,3.1440891159511244,Low
499,36.24381746615243,25.140438254499394,687.0955475997016,0.30448562698366555,6,7,6,2,Berlin,15.418001509682382,Low
500,31.17200269035664,119.98677350284473,520.3237058475142,0.19586085320643798,8,4,6,1,Paris,21.31020933917137,Low
501,54.26177547531641,97.5785635555001,731.1981717201982,0.4729407591604976,4,6,3,1,Amsterdam,20.007940234199896,Low
502,64.0941664047013,93.33018294748281,700.0997278815388,0.4926084058305177,1,6,6,3,Barcelona,17.154333979715567,Low
503,31.01432426180859,84.1350915074926,616.6602570871781,0.4258791384480062,5,3,5,4,Berlin,19.06308866302264,Low
504,50.62969236690571,45.44956078268906,511.2028763955328,0.22591352632512424,5,2,8,3,Amsterdam,24.448042973322952,Low
505,38.49357430878173,67.90957151111408,503.37505823681596,0.261394990112202,2,5,4,4,Barcelona,10.662022193756538,Low
506,40.12874616235304,101.04451936960032,614.5699658544889,0.19692227346656854,6,8,3,4,Berlin,14.007846583371595,Low
507,39.07606075761131,53.71949925543743,441.24940857439515,0.4563031868035966,9,3,6,3,Barcelona,29.785850095319358,Low
508,36.36009230320184,20.0,217.6218872798804,0.4658233110752633,6,5,9,2,Berlin,20.066260801713184,Low
509,45.48521627944827,74.32234980547685,573.800608115444,0.2675482648984189,8,3,8,2,Barcelona,27.82104753281867,Low
510,36.69049883588962,76.45606114931154,330.3397055097543,0.36261322796120077,3,7,8,4,Amsterdam,10.133281930378892,Low
511,47.704568257798385,83.38908541036773,355.67881577144226,0.16622127190987757,2,6,3,3,Amsterdam,10.973583196438291,Low
512,44.49761890550863,98.2129660878634,500.03359219936823,0.2739743601453636,4,6,1,1,Amsterdam,15.089029273106224,Low
513,42.6105195313359,95.94014530578022,485.7312683669795,0.352599642669399,9,1,3,4,Barcelona,32.809152286094765,Low
514,35.92436337958402,86.46924513109803,288.18865905265545,0.2541612474072078,9,2,3,4,Barcelona,28.318921487947282,Low
515,39.23228669431667,109.88828470216774,524.823734619971,0.243039810274584,3,6,6,0,Amsterdam,11.200084111040841,Low
516,52.55391225825756,42.02575547966713,644.9209491291573,0.10039959690677708,1,8,3,2,Amsterdam,6.77016964654504,Low
517,50.009171876243805,92.61454536193476,330.7487644601326,0.4217173855108457,1,5,2,3,Paris,13.719925417981596,Low
518,35.22444755201449,95.66345908342356,690.8724996273139,0.4557350448085793,4,2,9,1,Berlin,20.124684713690137,Low
519,45.99332305429226,49.010942847994016,265.97437623050837,0.4877854118183329,4,5,6,1,Paris,19.17585103447101,Low
520,52.51387123371789,42.428234782940265,817.598621655643,0.3877085540276862,6,9,5,4,Berlin,18.131246910392232,Low
521,28.305947188786284,61.351446838109965,438.3109354274775,0.3195169249479538,5,6,3,1,Barcelona,12.686953406115425,Low
522,50.43360192379935,63.4614639371177,521.8425495240336,0.20771380792348376,6,5,7,1,Berlin,21.707218656374643,Low
523,38.37376241054153,98.83548658756077,216.1949641271495,0.4997197903853994,7,6,7,4,Berlin,21.509326627016453,Low
524,50.70598668593159,64.63653040772263,490.67959002960373,0.33590114181284225,7,9,4,2,Barcelona,19.070807423907898,Low
525,37.367408434574834,58.5912870429699,534.2723266577287,0.3724616289321785,9,7,2,0,Barcelona,22.43483881969423,Low
526,26.95117899335481,64.70915658263603,487.0756843850758,0.37296246478212713,6,3,2,2,Barcelona,19.314978345827715,Low
527,28.724575621168373,107.9658083538553,415.53783844214394,0.43810071830287256,8,5,8,2,Amsterdam,21.49837986937924,Low
528,45.48084946661382,80.3260843594238,358.0153222208278,0.10386901553876769,2,4,4,0,Amsterdam,12.68294499537182,Low
529,47.59722501721482,75.51872436607721,669.5789929305967,0.18809877617254875,8,5,7,4,Berlin,24.660155266889934,Low
530,35.956833748955916,77.24986253247371,504.62107024969254,0.36621360006800563,9,8,3,2,Barcelona,20.44918612536683,Low
531,51.38592458777374,112.30150835816306,731.1128564775158,0.4580582947298272,4,6,9,3,Amsterdam,18.99636032363039,Low
532,28.3847993773104,61.270706834918954,421.02764678076153,0.3741355127685425,5,4,9,3,Barcelona,16.256794940878542,Low
533,44.33920201352684,112.8877072735026,434.7807959941675,0.2653965165974721,5,5,7,0,Berlin,18.455725770032775,Low
534,32.889838002375434,85.2624074730376,622.3391366894244,0.24462219834810464,2,7,7,3,Amsterdam,5.813173384193676,Low
535,38.48163892197841,75.98951545061631,256.5537556994654,0.39517920331332823,5,8,1,4,Amsterdam,13.496283709726805,Low
536,45.47398671316414,142.52251244835702,317.98049597706154,0.39649507885487745,9,5,8,1,Paris,28.107146802498015,Low
537,36.39586634716048,53.609012755035096,664.6227457029745,0.34282319700227615,4,2,2,4,Berlin,19.346991874170904,Low
538,41.154444557701744,71.15785601082484,324.2099106165208,0.21658680963893484,3,6,8,0,Amsterdam,11.51220146369987,Low
539,55.0629280921444,49.1892190209,227.14234770461786,0.47006192735621743,7,9,2,1,Berlin,21.719497701205494,Low
540,39.23108130476851,103.81154926340423,780.2790782109637,0.32075197684745566,8,3,1,3,Berlin,26.476844159905106,Low
541,53.35692112065142,122.22972334129197,290.92735281886917,0.41619694249933226,6,7,8,2,Barcelona,21.669045761188748,Low
542,33.702931453423815,121.74806953511597,527.6179097492254,0.18572330486473265,6,8,4,3,Berlin,11.96811248467447,Low
543,50.298041779152825,110.59871882865012,510.3627789086407,0.23761631544589115,5,6,6,4,Paris,18.46557568820476,Low
544,59.415686206579004,75.05948830510086,200.0,0.44983180655493704,6,3,1,4,Amsterdam,29.82302392752307,Low
545,20.283554998727105,70.86897556275383,459.90244652482863,0.12004281197598737,9,1,9,0,Berlin,23.785494619378003,Low
546,37.03104744529523,38.22075568764837,567.2619874218665,0.3049261245026649,2,3,7,2,Berlin,13.658575478615218,Low
547,50.7707212718054,130.89683837954482,553.1464072278291,0.2926821919376036,3,6,5,2,Barcelona,15.158038300917656,Low
548,42.96954613957007,91.7244519537117,635.5281025705252,0.40049207556323285,1,4,6,1,Barcelona,12.895784597503349,Low
549,48.71145873371309,67.70107737826292,441.8763027641849,0.21275750823973297,4,1,3,1,Paris,23.241012702511256,Low
550,38.960148132841795,113.20142222467419,606.8756663138241,0.1876267287438398,2,6,9,4,Berlin,8.564311727290935,Low
551,45.865897874729,55.68088708099998,396.6006397879892,0.47045313550929346,6,1,2,0,Berlin,28.964300717511637,Low
552,43.44322764607921,90.16555085556685,288.42988753808373,0.32868386078338596,1,8,1,4,Berlin,6.319806901657621,Low
553,56.67782061659807,75.68427164272913,305.3407436478151,0.14187582731346182,8,3,1,2,Berlin,29.92210445811404,Low
554,47.54420843301213,95.96692849700753,280.6834317206878,0.17721446488572845,6,3,2,2,Amsterdam,23.535407178760924,Low
555,48.37602662075202,78.41066152034696,651.4378951836791,0.49953042380569934,9,1,6,4,Berlin,36.008112224282605,Low
556,40.881230338775325,43.7268027222194,272.81397364121653,0.17824359850087698,6,3,6,2,Berlin,21.546805086641367,Low
557,40.123937759275066,81.88940931675094,541.1058260973955,0.34419020454147153,7,7,9,1,Amsterdam,18.979083373197234,Low
558,40.67441812180379,106.22160354688405,460.11137088913506,0.2680512315982473,5,8,4,2,Barcelona,12.88283775252361,Low
559,48.944521423782966,79.26958985365037,484.60271398240525,0.45423963793993416,8,8,8,1,Paris,23.22575280653423,Low
560,40.79015519179737,99.37787803972715,704.5410942799549,0.40206743691813107,8,3,4,3,Berlin,27.75772092672052,Low
561,47.89774856896413,53.86176285814867,434.235894917709,0.3387805585047263,9,5,3,0,Amsterdam,28.2571301557365,Low
562,65.75400798645438,79.34348016825369,591.7402342324525,0.104295592719193,6,1,4,0,Berlin,31.269158323128245,Low
563,53.711247034316926,64.38723862278556,505.63450270716675,0.4519180829973839,1,9,1,2,Barcelona,9.132554940268916,Low
564,41.73976467832159,98.67452100261775,477.1971641550953,0.2778669883354865,9,8,9,0,Amsterdam,21.300599286851345,Low
565,57.012139221639444,80.7872890565499,844.9953686579711,0.4726310612074306,3,2,5,3,Amsterdam,24.82995237856614,Low
566,40.91924626978449,97.25184190841532,283.79873814269456,0.2982156051416805,9,1,7,2,Amsterdam,31.757929932352152,Low
567,24.61875464822146,107.19276065394665,693.3697753156167,0.37768979567309025,7,4,3,1,Berlin,19.16252435119734,Low
568,34.91913689082596,97.29046437803471,598.4609848234958,0.12771705978665687,3,9,5,3,Barcelona,4.2529116651143575,Low
569,26.292080789741444,86.82796085734111,428.0712508052324,0.3980606614107144,9,8,4,3,Paris,17.86823085102958,Low
570,41.48486515958692,55.04469353721487,744.3977776162418,0.23519841252476917,7,3,7,0,Amsterdam,24.29744367312377,Low
571,45.184183791895514,79.93034723332747,222.7834831417195,0.24054360573271236,7,6,5,1,Berlin,20.960691194895777,Low
572,61.76437312275283,66.67273994960416,421.73500140513926,0.14746233788375598,7,9,2,4,Paris,20.50393531566341,Low
573,48.269273737641626,71.39840108239434,318.7276693596386,0.1587428594560809,2,8,3,3,Amsterdam,8.068210715853294,Low
574,42.80899471191136,70.63664623124373,561.812519730719,0.17430362248248404,4,5,8,0,Berlin,15.08573463839825,Low
575,53.294055811834895,55.501860630443886,333.04038482192334,0.23128246742856895,8,9,3,3,Paris,20.801041417836156,Low
576,22.88864690992115,31.066535271650253,564.9595920111979,0.4567879651102422,2,9,7,1,Paris,1.9344737240787664,Low
577,47.356145581085656,63.29642379180583,472.0345376267669,0.2473040952920322,4,3,5,1,Amsterdam,20.179884627246018,Low
578,52.708651938869664,84.83448629810398,428.09690860158736,0.3897450826252874,8,8,7,2,Berlin,23.710046407913776,Low
579,30.214137542201584,46.29557386431274,558.2970869049966,0.13309900155594856,3,4,9,4,Paris,10.395231278219962,Low
580,56.43754043206929,80.3920559117906,459.7067564092904,0.33643951970879704,6,7,7,4,Barcelona,21.795657326708756,Low
581,48.38496407494414,127.50671060777412,336.70477354114416,0.2927564925081758,2,8,6,0,Barcelona,9.443054147565,Low
582,40.847120860991986,105.57641388130598,920.2059484452468,0.49118317878180184,8,7,1,4,Paris,22.665968046115616,Low
583,51.32781866106285,121.08853772801322,426.9249225456283,0.4384831079515852,8,5,4,1,Amsterdam,28.283176677834707,Low
584,67.70692857804396,89.77819692331815,200.0,0.28193190897545994,1,1,8,4,Amsterdam,23.631397663167785,Low
585,46.81866255058495,109.18774557466115,373.6851965417917,0.4100571056181356,3,8,1,0,Amsterdam,12.146169821356839,Low
586,47.48220586300336,61.900881738305316,309.9084967440905,0.177215496517511,2,5,6,3,Paris,12.516816724076117,Low
587,40.40639100459756,63.891493324450394,623.9218424060773,0.3249345309567112,7,3,2,4,Amsterdam,24.87126261094638,Low
588,36.50155630535208,20.0,548.2478989387379,0.12984762222748328,7,2,9,4,Amsterdam,23.248943113880454,Low
589,53.303358165442454,109.65363685105747,559.8069202685516,0.23923561290067324,4,3,8,1,Barcelona,21.883363578639468,Low
590,36.43916174091133,118.50809949549715,444.49663012441334,0.19034487264886812,8,9,9,1,Berlin,15.33519724876208,Low
591,45.715662372193925,66.17056886631825,458.0974629414618,0.3875639261300844,3,2,9,3,Barcelona,20.590337972959023,Low
592,40.223425532348834,73.65120734006912,444.36033445884976,0.2960362764857446,9,1,2,2,Paris,31.527390424562096,Low
593,49.78979825746392,61.153447157725964,487.82102237967956,0.40042819153920417,5,2,2,4,Barcelona,25.941221392631217,Low
594,48.33662105286948,89.5663387869373,625.3000153047253,0.3061181750525782,2,2,9,1,Berlin,18.562168066386626,Low
595,55.375399442578995,108.12331363258102,550.411311875802,0.13459377686065543,9,5,2,2,Barcelona,28.458557601380257,Low
596,39.89983601145253,36.430700652973975,575.0169244431299,0.3941470598930107,1,1,4,4,Amsterdam,16.411421402365864,Low
597,42.30125064706629,90.2359632660563,574.9338362373804,0.4332917055951223,8,8,2,4,Berlin,21.023292250071112,Low
598,35.21236284217693,73.08320570702136,632.6663656072607,0.461412490365117,6,2,1,2,Paris,24.17783375630425,Low
599,40.55706739923888,82.83485979916723,543.2225062310382,0.32879677812268326,1,6,7,1,Barcelona,8.455088000998497,Low
600,48.77300493044852,91.47485004185728,553.8272109018378,0.401434143599798,4,5,5,3,Barcelona,19.146242915132536,Low
601,52.56988616645352,75.29493903067947,678.3209361789735,0.4008177347530508,3,2,3,4,Amsterdam,22.779143197466563,Low
602,35.77834675822375,77.41032866485548,400.2431122995332,0.16229990391957774,7,1,8,0,Berlin,24.856503066662903,Low
603,53.6960592010566,74.65312081113403,371.63861300727393,0.16568827498382832,7,6,5,0,Amsterdam,22.76570051015526,Low
604,58.55637858804951,104.25790504470703,322.1117601219716,0.12835420232365047,6,6,1,0,Barcelona,21.850455599651355,Low
605,49.13434903223701,90.4689990031874,527.4371845430384,0.2279654540561206,8,3,9,3,Barcelona,28.519959250232308,Low
606,63.76795812558066,85.51458844343402,221.94016381713152,0.28940343509642585,7,8,5,4,Berlin,24.02442178863846,Low
607,37.26210800896427,48.226206972692935,569.3231144089516,0.4991591411016868,4,9,3,1,Barcelona,10.67022381370615,Low
608,32.55345296688583,70.53550641967115,483.6210358249171,0.27239733682726786,7,3,6,1,Berlin,21.990009258338425,Low
609,27.212797510957213,102.46672900847935,670.1959549731586,0.39049703540294833,1,9,8,3,Paris,0.5688096073166466,Low
610,59.96044311489183,80.94241432809807,399.2124034302514,0.3773588105090139,3,8,2,4,Barcelona,15.761721039557685,Low
611,51.54365656354058,96.48828673972847,469.50225718737397,0.18179278010023184,2,5,3,2,Berlin,13.781024770064489,Low
612,44.44415329089545,124.16279500819084,668.3304999940053,0.12340286057977456,7,6,7,2,Berlin,19.56727459306638,Low
613,47.799686263198204,105.96515173022041,707.4703470167228,0.318402700613435,9,1,2,4,Amsterdam,34.023932885093814,Low
614,33.74510952701623,82.32895844249356,397.977145137227,0.3801222369257905,5,5,5,4,Barcelona,16.424755227362773,Low
615,69.45751979616827,67.22527074510683,527.267184888074,0.49930071607450244,9,7,9,1,Amsterdam,33.3302630995955,Low
616,46.292211819752275,20.0,544.1628466526072,0.24344442091246832,8,1,7,3,Berlin,30.822107755050368,Low
617,46.09394794604893,75.79037693817868,556.0480108431723,0.45854582483243866,1,9,3,3,Paris,6.913642632139065,Low
618,52.25766623898692,71.84968760457878,460.61365110265666,0.2527729823476746,2,7,2,1,Paris,11.70502969517282,Low
619,49.810092317367136,89.75915485988439,692.2075097185452,0.37576468337220514,6,4,9,0,Barcelona,24.700674528932193,Low
620,47.23884024279131,76.1523693256328,216.54447745676816,0.33930117220682077,5,4,9,2,Paris,21.5646637949056,Low
621,37.09525544554688,71.99037351408015,436.83046477983737,0.12119151732103878,7,7,9,4,Barcelona,15.840491806874452,Low
622,49.714683571359956,35.51502673731948,567.189609915942,0.13135537078810341,9,6,3,2,Barcelona,25.22795877928902,Low
623,63.82024496475034,56.50080427124834,568.5837217924015,0.1083056358897844,4,3,1,2,Berlin,23.72912984832294,Low
624,58.454200461549775,91.91627602001394,702.9138545922144,0.2483336338375958,8,9,9,3,Berlin,22.51959647684089,Low
625,60.93186626639397,122.89769077831735,679.7338089801931,0.3983204195064043,4,6,7,1,Berlin,21.262764074982233,Low
626,39.88784323568815,77.56186540635942,457.1687562039164,0.1691021575962891,3,2,2,0,Amsterdam,16.657374546669338,Low
627,35.10395179741419,88.19527683935308,694.9806865295907,0.34234118735355834,2,2,6,0,Berlin,14.95459741275984,Low
628,43.74213079900352,103.81195392382014,392.89373843338177,0.21553111201243116,8,1,9,1,Barcelona,29.77795035982537,Low
629,45.557249122886944,59.72765159499376,639.6331074187756,0.4187970495916289,8,5,8,2,Berlin,26.35514523278237,Low
630,55.94191518470949,89.17035108213605,771.578371763149,0.41935845960119644,3,6,6,1,Amsterdam,17.97615915142481,Low
631,28.075353702851807,61.487747341696036,682.2416160282454,0.4101658059865695,1,3,6,1,Berlin,10.024264170721237,Low
632,60.29550319460614,101.62061096227528,515.8655575286185,0.3099334055205507,6,4,8,4,Paris,27.187985013587348,Low
633,43.419921014210104,83.78507619879332,450.23318423418164,0.2138266840319407,5,5,9,4,Barcelona,17.66424314458244,Low
634,40.7311893005258,87.46129534953599,270.71130556110705,0.4237776175514538,8,4,8,2,Paris,26.45713296567228,Low
635,34.87895624739832,60.43503506453527,546.5809456871306,0.1744402247756966,6,9,1,3,Paris,10.708089121976464,Low
636,28.451433281342307,97.67580899026962,332.71741580436213,0.2159038408114624,4,3,2,0,Amsterdam,14.194468392517313,Low
637,53.231705839619146,132.1178230307754,381.02980045790946,0.17357908246424864,2,5,6,4,Paris,14.20530257652823,Low
638,45.73317967188404,54.80220761429484,321.3881298894993,0.36968406415505906,8,7,8,2,Berlin,22.916794543115802,Low
639,32.10039100258946,71.5060248088119,430.94115010150176,0.3744944112463272,5,7,4,1,Barcelona,12.875061413240111,Low
640,32.04921227936384,85.79018685420229,495.8045878269527,0.3610039971147012,8,6,4,4,Paris,20.224803654956162,Low
641,41.64215300709872,99.66015529989541,541.0421871748558,0.26624058674586715,5,9,2,1,Paris,11.655051769588288,Low
642,61.69021525289393,66.01134286776328,409.9240046879055,0.14006840288057332,6,7,1,1,Barcelona,21.407748604673912,Low
643,42.40408648636395,20.0,660.3925559592775,0.46446783380600853,5,4,9,4,Berlin,21.365904283969268,Low
644,29.96857046881894,113.97973735410062,468.7692113015051,0.30309238560489526,3,9,7,2,Paris,4.521494996694633,Low
645,42.54256935914056,99.01265298960357,381.8416350101721,0.2627888779644366,8,6,9,0,Barcelona,22.39065958738653,Low
646,42.27276430252329,36.42631173783337,533.9438400865155,0.33552995729931734,3,1,2,2,Berlin,20.537128863750162,Low
647,20.0,64.81078020551111,794.5329250315724,0.17711617432764235,4,9,5,3,Berlin,2.2711617432764237,Low
648,44.45705133482188,119.20456073818315,550.2740849802676,0.15301951164194977,6,7,2,3,Berlin,16.367310516866063,Low
649,42.69065469791322,116.19491046144665,445.5716558939589,0.2622100885831774,2,6,7,0,Amsterdam,10.429297295205739,Low
650,51.96206364813418,103.46600056697362,270.8807965821944,0.19088827763996422,7,6,9,3,Berlin,22.497501870839898,Low
651,63.48956094945345,75.59718915100343,467.08815185418945,0.19771611781486584,5,4,3,1,Berlin,25.024029462984693,Low
652,56.26565029547757,82.07468547031274,535.2392187632173,0.4570045951114118,5,4,1,3,Barcelona,25.449741039757388,Low
653,42.31111309445169,76.72685487184684,441.8628663116645,0.31230367087433,5,3,4,4,Amsterdam,21.316370637078805,Low
654,33.934740912583294,108.20599458172094,250.19230426385008,0.29338762572934046,2,8,4,1,Berlin,5.114298531068393,Low
655,70.0,58.10393983762225,372.41519157448494,0.37579183749143896,9,8,6,2,Paris,30.75791837491439,Low
656,45.59218434014488,59.85500862789488,718.1807691331636,0.4806192454706959,3,2,5,0,Amsterdam,21.48384775675042,Low
657,45.13929291912946,105.2568646709004,715.1001505595691,0.14487942578822566,7,5,5,4,Barcelona,21.490582133621093,Low
658,44.758749128899964,78.89096361221095,367.0041246193103,0.4334138268437029,5,9,9,4,Amsterdam,14.26176300710702,Low
659,46.98084760767855,114.4616838863452,600.9135180799133,0.33360767194713836,5,9,1,0,Paris,13.93033100177495,Low
660,43.556395880760576,63.21219482548636,323.214082284474,0.15846614152473493,4,7,8,3,Amsterdam,12.15158017947552,Low
661,39.26337993119763,78.63054099152937,710.6474422992428,0.21885972747559668,6,4,8,0,Paris,19.96761125411526,Low
662,39.53141058759608,56.93967537890117,536.7853771841354,0.29294456658589585,7,4,8,0,Berlin,22.78886884213778,Low
663,44.672467297840015,80.18406703558918,642.44622479248,0.37647085783096923,7,7,3,3,Berlin,20.6664487676617,Low
664,39.56575228866235,43.036326575030024,242.73599792261916,0.1970428067813809,8,3,8,2,Amsterdam,25.340153754412515,Low
665,37.871542173228356,67.80916447612593,601.6455652887332,0.3139515261870359,5,3,2,0,Amsterdam,20.000977913838867,Low
666,46.064302276918966,44.09365337679706,498.8488904473245,0.3738686509663447,7,5,8,3,Barcelona,24.057977192739138,Low
667,42.450227825791444,97.34808082978145,627.7893606186263,0.2794963003390025,4,6,8,4,Barcelona,14.530031351127457,Low
668,60.039929885826886,97.91473349399129,637.2301697146775,0.4452103844480704,9,8,3,0,Paris,28.464082810228767,Low
669,20.0,36.74343173789138,509.8677034212124,0.44778364113616176,5,1,4,0,Berlin,18.97783641136162,Low
670,55.91506851922462,113.34714363751432,409.8755541356128,0.2882764870561783,3,7,9,2,Amsterdam,15.157285426329167,Low
671,57.46085192497629,142.43537816049636,616.9544273269241,0.4891702841635599,5,8,9,2,Berlin,20.129958419128485,Low
672,24.266097675918505,81.15015966840852,490.97682508923083,0.13023403696217895,9,5,9,4,Amsterdam,19.08216967239734,Low
673,41.573124059196516,63.97214349438388,369.0822569708536,0.10134495132917465,8,2,6,2,Paris,26.485386731050703,Low
674,41.28559134004209,150.0,361.97716528134714,0.2522673055215676,1,4,1,4,Berlin,10.908350457228304,Low
675,30.924883052821787,47.02578754243723,278.42533755314275,0.34043882454900376,5,6,8,0,Barcelona,13.681853161336575,Low
676,37.22183312409125,80.50266167172747,423.4563260655405,0.3516800629798643,6,9,9,3,Paris,13.183350567026016,Low
677,33.894241545341714,84.49055681579809,665.4038069111567,0.2905782945175315,2,2,8,2,Berlin,14.074055408777829,Low
678,62.52270443423623,113.62869051131037,526.6744699558151,0.1499533252962585,6,4,1,4,Paris,26.256344583233453,Low
679,54.35678393147461,88.99347437816971,420.5348441115439,0.1681990087151577,9,5,6,2,Amsterdam,28.489025266593956,Low
680,57.71555094994159,67.53415260528871,620.728390727012,0.4408591935408037,4,8,9,2,Berlin,17.72325722039051,Low
681,52.21672064043235,56.2203907403011,375.1285067414917,0.4471644526957045,3,8,9,1,Berlin,14.13666071908675,Low
682,33.70948228782771,71.45445449384661,514.3025411499168,0.36955941514428814,9,2,7,0,Berlin,28.808438837791194,Low
683,39.75479733720226,54.82681597637139,473.0554440911727,0.36568718891155294,2,6,7,2,Barcelona,10.583311090276208,Low
684,49.89374561227918,81.19563299461707,616.8695938382529,0.339072851211123,9,6,4,3,Paris,27.358852195794988,Low
685,32.778721911080545,65.89509550348784,263.41574436207486,0.1811703542807953,2,5,7,1,Barcelona,8.145320116132115,Low
686,52.12998430172388,42.64905516775624,372.4703381278016,0.2713002801039613,3,8,5,4,Barcelona,12.351998091556778,Low
687,42.59674601841865,111.3786447093726,254.26315113581995,0.3783578605853515,7,2,5,4,Paris,27.56260241137911,Low
688,41.251791924504026,67.55818691427402,461.0604917286095,0.3149009088013355,2,2,1,3,Paris,16.524546665364564,Low
689,52.10959968203491,48.296579875617184,681.7141255448646,0.10743213362203968,1,7,2,3,Berlin,8.20720124083087,Low
690,49.4426331148604,75.79352163781147,424.18291855197094,0.4814227226880393,9,9,9,0,Berlin,24.147017161338514,Low
691,41.3903383418092,81.70928914919146,423.39740927065236,0.43792642102885737,6,3,2,3,Paris,24.29636571283133,Low
692,56.59329803364248,36.33833186052416,630.7586636276204,0.20421800564389514,9,7,2,4,Berlin,26.520169466531698,Low
693,34.189366724001026,88.29119167814407,660.2824337682949,0.34658357406651846,3,3,9,0,Amsterdam,15.222645757865493,Low
694,51.15935606944264,53.82106078274339,486.7143399096815,0.46929575349127506,3,6,3,3,Berlin,17.04076435574554,Low
695,50.93101257968384,122.77572022976969,602.7072281074838,0.13840440484546057,3,3,2,3,Paris,18.163347822359754,Low
696,41.904535606860094,93.09901280191838,338.456818868308,0.3012117923186802,2,1,7,4,Barcelona,18.08347860524483,Low
697,48.26133022242118,70.00250024726708,706.696150088812,0.2824972103385178,6,6,9,0,Paris,20.303371170111532,Low
698,32.488864236146966,61.37080574206624,822.3059440905577,0.26408200211341293,3,3,6,1,Paris,13.887479291978218,Low
699,54.24027019206901,77.37580731090941,578.1823686783088,0.43423544355717003,5,1,7,1,Barcelona,29.114435493192403,Low
700,43.15097863557011,95.31976853958224,200.0,0.25225845867898294,5,5,3,0,Amsterdam,17.967878177460864,Low
701,39.772769794809605,79.36264678537,416.2654606403324,0.12546533329640305,3,8,3,3,Berlin,7.1864842714069095,Low
702,55.49009225836889,74.57102982157859,591.9237982503982,0.126335096865721,3,8,8,3,Amsterdam,11.910378646167878,Low
703,37.95656309457241,81.4592572704474,436.7775504250456,0.1170978426098436,1,8,7,0,Barcelona,2.557947354470158,Low
704,30.915387036364404,64.90352671907613,690.8297831375146,0.2636581687496149,6,3,5,1,Amsterdam,19.41119779840547,Low
705,29.433708264760963,71.41985182892405,588.2235896653798,0.38736251107934405,3,8,6,2,Barcelona,6.7037375902217295,Low
706,51.06009951345639,27.855189027374898,394.0286748851305,0.1814889847722062,1,4,9,4,Paris,13.132919701758977,Low
707,32.19570647503717,104.3431557713092,504.8397216156879,0.3585874081726198,9,8,3,0,Amsterdam,19.24458602423735,Low
708,62.54794181984364,87.46994450804405,365.9250169041365,0.3748353888414817,1,3,3,2,Berlin,20.01273643436791,Low
709,24.18070592116278,60.663603899164244,472.6122682381337,0.20208084960623918,5,3,6,4,Berlin,14.775020272411224,Low
710,61.96456368290038,127.46837453388096,416.8110139351172,0.3402230624242517,5,1,8,2,Barcelona,30.491599729112632,Low
711,47.11017467202618,82.17541200980966,676.2142700349557,0.37394733601073893,2,8,5,2,Paris,9.872525761715245,Low
712,44.032868881296075,54.09641070062008,817.4018085246493,0.2866454491208503,1,8,1,4,Amsterdam,6.076315155597325,Low
713,39.550809131910505,101.41843553676146,285.3217500146372,0.23468663891203803,6,9,3,2,Amsterdam,12.712109128693532,Low
714,48.991361143520706,89.95120541273157,211.5175570685372,0.3476606206297309,7,6,8,1,Barcelona,23.17401454935352,Low
715,44.62365297575152,89.86449963710548,463.22413672229214,0.4911388349312228,9,2,4,0,Amsterdam,33.29848424203768,Low
716,56.03301882016521,69.35610988371023,272.2376451756976,0.27073656374759125,8,1,9,1,Berlin,34.01727128352547,Low
717,46.142276486620396,91.26239309445087,506.9317405506376,0.25669403851404843,3,8,6,1,Berlin,10.409623331126603,Low
718,46.50301761461878,73.45604274447264,612.340417070889,0.28570676097044534,9,4,4,4,Amsterdam,28.80797289409009,Low
719,41.36387787786144,93.89853629114606,724.1212845900237,0.1304873573780193,1,7,4,4,Amsterdam,5.2140369371386255,Low
720,44.43054376278933,32.37638864973403,530.2091838072922,0.321265311868556,6,4,5,4,Paris,22.541816247522355,Low
721,48.07801768892059,69.15316342552028,471.02671627256314,0.23147895488690545,2,1,7,2,Paris,19.23819485554523,Low
722,27.898316073433744,123.05387744520488,203.24226251403735,0.148568848932505,9,8,7,2,Amsterdam,15.855183311355173,Low
723,31.51814577894287,60.823313614992486,503.92777237786976,0.28650269644694937,9,9,7,0,Amsterdam,16.820470698152356,Low
724,52.43264094022715,64.90404256267033,510.69308908241925,0.10135359462959098,8,9,5,2,Barcelona,19.243328228364057,Low
725,46.708654381279416,68.80096653875063,595.8435221319118,0.2607140980651036,7,9,9,0,Paris,17.11973729503486,Low
726,43.16016663647321,49.629846602783914,393.7267847706363,0.14229410717058022,6,4,2,1,Amsterdam,20.370991062647764,Low
727,45.184339330653934,24.792980594293695,434.742109964621,0.10971708135991212,2,9,8,0,Barcelona,5.1524726127953,Low
728,48.47581705361671,74.23534003690968,278.2996617043724,0.42979001849780085,4,4,8,0,Paris,20.84064530106302,Low
729,39.60240319690639,83.39648560204142,200.0,0.46649952131305394,7,2,3,4,Barcelona,27.545716172202454,Low
730,37.216952745976876,78.6873732865337,333.7254363804825,0.18306985934364267,6,3,5,2,Amsterdam,20.49578441722949,Low
731,46.958452550976816,76.37803595130283,264.45112786204754,0.31571930553370453,9,2,8,3,Berlin,32.24472882063009,Low
732,35.21627222384968,81.07602177125969,550.5068443130917,0.21118326285239397,5,1,9,3,Berlin,21.176714295678842,Low
733,49.082527557144715,105.5710367887691,422.2798914999714,0.29743097546887287,6,6,7,4,Berlin,20.699068021832144,Low
734,27.974163957621595,75.23884535176958,419.2644304887816,0.27465252835766407,6,4,4,1,Berlin,17.13877447086312,Low
735,55.29155637325644,65.64793557281826,352.33804307371815,0.20762042203219427,8,7,4,1,Amsterdam,24.163671132298873,Low
736,49.72597482413043,72.97186287779785,200.0,0.3801574318541191,8,7,3,1,Berlin,24.21936676578032,Low
737,47.56029734313876,94.4836689939194,726.2466123121326,0.1505963837281017,6,1,8,0,Berlin,26.27405304022264,Low
738,54.82690983945514,115.30067196358124,349.95942158348174,0.12122911286854686,8,9,6,2,Amsterdam,20.160364080522005,Low
739,61.65474444462576,64.29640652077055,438.13698952251394,0.4070701732149117,7,8,6,1,Paris,24.567125065536842,Low
740,55.1437006501813,82.47334467572209,281.7661752066034,0.366372012488272,1,1,9,3,Paris,20.706830319937108,Low
741,26.591257686683548,88.458936048399,645.7895515160951,0.29941044965855923,5,8,3,0,Paris,8.971481802590656,Low
742,32.204230332642986,55.185549831779426,521.5143405555987,0.28711590818901667,5,5,4,1,Barcelona,15.032428181683063,Low
743,38.75181422304321,80.51042918032296,376.0452072101197,0.2989645517965705,9,1,3,1,Paris,31.115189784878666,Low
744,45.26091050210834,43.35815356644762,441.16555829839643,0.27480963043946915,7,4,3,2,Amsterdam,24.326369455027194,Low
745,50.17659020469123,35.773742406515034,751.7269883187305,0.2571569183324717,7,7,1,2,Paris,21.124546244732084,Low
746,37.742561868465344,89.16866019730642,489.05458521780827,0.2998762411544481,2,5,6,0,Barcelona,10.821530972084084,Low
747,46.86766764477078,70.40313146673043,472.73996935761414,0.3114060684639042,8,3,9,3,Barcelona,28.674360978070276,Low
748,37.44617067646678,85.05701019053048,358.79277707911024,0.37676092563344843,3,4,5,4,Berlin,15.001460459274515,Low
749,38.884821970080516,79.55262557479125,215.81282742915454,0.384482864293609,9,2,2,3,Amsterdam,30.510275233960247,Low
750,30.933389031517777,55.589998783405065,475.9941989630983,0.25105163205605785,6,8,4,2,Paris,11.79053303001591,Low
751,35.76766753889096,78.86864245089158,548.8227668486926,0.2654162090973955,9,2,6,2,Paris,28.384462352641243,Low
752,31.483153943836662,49.172467374628624,664.9376696491504,0.24947886789448923,9,6,7,4,Amsterdam,20.93973486209589,Low
753,35.241267470226674,114.77430895003502,200.0,0.3146143094502841,7,7,7,3,Amsterdam,17.218523335570843,Low
754,55.536417966078396,46.100741378500906,331.2355509465457,0.2813414151656781,8,7,4,3,Amsterdam,24.974339541480298,Low
755,35.50601111168057,75.10536822578547,412.88883641653246,0.4558385852544774,2,1,5,4,Amsterdam,17.710189186048943,Low
756,70.0,53.94321029881879,499.4778727140197,0.378544506766589,5,8,4,2,Amsterdam,22.78544506766589,Low
757,49.93317900880889,94.26052933401989,478.24494627073665,0.4594625535017782,3,9,6,0,Amsterdam,12.07457923766045,Low
758,46.84836123694874,71.71421571796243,481.7466971469096,0.3836547966237702,1,7,7,3,Amsterdam,9.391056337322325,Low
759,36.41642219818787,67.03333200946975,561.2144087854916,0.4883968594095257,6,8,2,1,Barcelona,15.808895253551619,Low
760,52.003098794089915,101.33003862628885,364.5060333831336,0.35429471130210766,9,4,3,3,Berlin,31.14387675124805,Low
761,39.24362173762226,80.7357647919388,640.1212163350542,0.4854200552652219,2,8,8,3,Paris,8.627287073938898,Low
762,46.220098146453616,92.91611114839918,565.0178662549221,0.16326795616377043,9,3,7,3,Barcelona,28.99870900557379,Low
763,70.0,55.46685158706338,452.02516038078807,0.12099107233176154,8,1,1,2,Barcelona,36.70991072331761,Low
764,44.0394010027535,44.87957640181233,740.1361987833372,0.3316500740815437,9,8,4,1,Paris,22.528321041641483,Low
765,56.49273326285676,82.68019905100334,733.462405335765,0.49339728231991,5,6,5,3,Barcelona,22.881792802056125,Low
766,37.96823574874112,72.02884111263172,639.9343032790713,0.26704209892095876,2,9,3,0,Amsterdam,4.560891713831923,Low
767,44.65011509503038,95.66086681134861,200.0,0.18481734487718385,6,3,4,1,Barcelona,22.743207977280953,Low
768,62.7080063563551,78.00228868343626,736.8417639076963,0.30861657967740563,7,8,7,4,Paris,23.898567703680587,Low
769,38.730329422122324,85.12688348086574,619.2137783707901,0.3595194498315555,3,9,8,0,Berlin,7.71429332495225,Low
770,63.12448557996929,39.41543675146892,800.9612956569405,0.2260714782063556,6,9,9,4,Paris,19.698060456054343,Low
771,52.07751935455475,127.21092349035641,685.6196887600308,0.3859077433997038,6,7,2,3,Berlin,20.98233324036346,Low
772,39.37533224105732,75.8939503741992,736.7514016245929,0.49004580281829035,8,3,4,2,Amsterdam,28.2130577005001,Low
773,51.32407739055521,97.43967425847998,631.7982275270568,0.45878524868424675,1,3,1,3,Barcelona,17.48507570400903,Low
774,54.7255444962673,59.097708244509334,702.3039797968269,0.21663414940487813,4,2,3,3,Paris,23.58400484292897,Low
775,51.21809962217196,87.70024755543352,799.118561110166,0.23068947325783934,1,1,8,4,Paris,18.172324619229983,Low
776,29.297752801095434,47.428880911881365,532.4832107567308,0.24861648977983544,8,2,7,3,Berlin,24.275490738126983,Low
777,37.728628241751316,91.30169595649177,264.16541838828056,0.2578211113574581,2,5,8,0,Barcelona,10.396799586099977,Low
778,42.52481364448495,71.10064789035418,453.8808649977287,0.1401277996773118,8,1,6,2,Paris,28.6587220901186,Low
779,44.25566570899954,80.72976259838919,558.4918399075156,0.4047851355557157,3,4,5,4,Paris,17.324551068257016,Low
780,51.206720975506784,97.44935075325245,511.2331376557337,0.2461357054442802,8,1,9,1,Barcelona,32.32337334709484,Low
781,46.777010009332535,49.18649221949299,313.015705076086,0.4519279906821809,6,8,5,3,Amsterdam,18.55238290962157,Low
782,31.64655641289899,62.88770673468008,255.33985622075315,0.4707762492480435,1,5,9,4,Berlin,8.70172941635013,Low
783,48.801978510059634,91.43310702716914,388.82559970477564,0.10977252372307525,7,4,4,3,Paris,23.73831879024864,Low
784,51.10585745283823,132.45553686366867,621.1609333976227,0.4954012279712825,7,3,5,3,Barcelona,29.785769515564294,Low
785,50.5979044793104,76.54794163346295,737.0509656234454,0.3840090926000739,6,9,1,4,Amsterdam,17.51946226979386,Low
786,55.807807255546216,94.77840294809832,637.4851420666552,0.30815689039718497,1,6,6,0,Paris,12.823911080635714,Low
787,53.33922154548904,77.325713253538,658.6140930671204,0.2558110433490213,5,1,3,1,Amsterdam,27.059876897136924,Low
788,49.59180079228437,128.55613986890748,487.87766402546634,0.30740725304388516,1,8,2,3,Paris,7.951612768124161,Low
789,44.29834288541353,36.31945832586861,238.6876313441054,0.22984988959137778,1,2,6,0,Paris,14.588001761537837,Low
790,28.390390664840087,82.36552611673395,431.7169128675942,0.3490751254786193,6,9,1,3,Amsterdam,10.507868454238217,Low
791,49.296182191325855,39.36139916094847,461.1853382191432,0.1371921105779165,8,7,9,3,Berlin,21.66077576317692,Low
792,47.076876871631114,20.0,425.44212697464764,0.3484490411647241,1,3,5,0,Amsterdam,15.107553473136573,Low
793,47.715788371953735,87.43655132794541,508.20422980619395,0.21013794005537767,2,4,7,3,Barcelona,14.416115912139896,Low
794,32.232514241796906,83.48744490368647,566.2129639839426,0.10705393162093856,5,3,9,1,Paris,16.240293588748457,Low
795,34.189434595917376,72.87907655644497,627.9522782365246,0.321082306465151,8,6,9,4,Amsterdam,20.467653443426723,Low
796,55.53152853332904,77.34514774900617,458.2820203450499,0.3313791023410786,4,9,7,0,Amsterdam,14.473249583409498,Low
797,44.60444846143345,150.0,214.436089153311,0.27062760188461443,5,9,4,2,Paris,12.587610557276175,Low
798,51.81500697372624,73.54562154921415,427.56834210632974,0.12891449302012675,5,1,4,3,Paris,25.33364702231914,Low
799,45.28318376130461,92.75310903125187,506.55655954879757,0.45733718112167665,3,6,7,4,Amsterdam,15.158326939608152,Low
800,45.297561394957455,63.765879509652976,683.4211883200112,0.3445723228911556,6,1,8,1,Berlin,27.53499164739879,Low
801,54.382838059759976,87.38081437601508,414.8288236723842,0.14628531982758786,5,4,7,1,Paris,21.777704616203874,Low
802,39.83955271782626,74.04415812360956,576.8815442599102,0.30437223063765906,2,7,4,2,Amsterdam,8.495588121724468,Low
803,45.96120776940983,69.73703793175675,543.5131849453148,0.2989017263793886,4,4,4,1,Barcelona,18.777379594616836,Low
804,40.377247112949576,125.47246330500812,506.58507996850824,0.1241607475171708,4,9,8,4,Berlin,7.85478160905658,Low
805,40.65503772567684,109.42962407960847,639.5799978986887,0.342743881441179,7,5,9,2,Barcelona,22.123950132114842,Low
806,41.908278765313604,83.41866618498076,400.8738204871129,0.42333055956862575,7,9,7,0,Paris,17.30578922528034,Low
807,47.22133771633713,22.394701601400833,413.72203255347256,0.39960322169939133,9,1,3,2,Paris,34.66243353189505,Low
808,40.212513783365225,70.97476941868575,498.2148765358658,0.18118776566567335,2,4,1,0,Berlin,11.8756317916663,Low
809,57.55756125573521,147.5756891101271,403.97802423594504,0.44491701182168464,6,7,5,1,Paris,23.216438494937407,Low
810,36.05392697780496,74.2334583340073,576.20184365819,0.23701686626374038,2,2,6,4,Barcelona,14.186346755978892,Low
811,43.13128355838641,107.58043930134146,393.02115434508005,0.47860335131677656,9,9,9,3,Amsterdam,22.225418580683687,Low
812,40.60268941725825,116.04856004881502,533.9456311617702,0.1286991856902855,2,3,5,2,Amsterdam,12.967798682080328,Low
813,59.46977884353733,85.47409789639937,484.97408468198654,0.29448347540793707,6,4,1,1,Barcelona,26.785768407140566,Low
814,46.965547765115744,58.954459203296196,532.2388947165059,0.33884975087101965,8,4,4,4,Barcelona,27.478161838244915,Low
815,55.31844539468635,20.0,431.03879074054413,0.1990600393898419,6,8,2,3,Paris,18.586134012304324,Low
816,30.14439626963028,97.10408021522386,449.13675582097596,0.40855207548809114,3,2,4,2,Paris,16.128839635769996,Low
817,47.67050265869259,59.6310999294113,514.4013901995575,0.3507582719242869,5,5,7,4,Berlin,20.308733516850644,Low
818,53.89630795623437,84.4037612971923,530.311175924197,0.10724377491518222,4,2,9,1,Amsterdam,22.24133013602213,Low
819,45.82283989275424,48.75449151026589,499.3697126913266,0.34334743627849434,1,6,3,2,Berlin,10.180326330611216,Low
820,55.654803750653514,73.36906148824494,755.8043534769627,0.2965912937673786,5,9,3,2,Barcelona,16.162354062869838,Low
821,39.82711549899628,80.84297637252634,351.38946218880733,0.1784116806814031,5,9,4,0,Barcelona,10.232251456512914,Low
822,59.0934744018558,86.71483952610745,490.36943075709297,0.49829929082381186,7,1,7,0,Berlin,35.211035228794856,Low
823,67.9889812361925,52.129445316189646,263.9556466824523,0.458864877931046,7,4,6,2,Berlin,32.985343150168205,Low
824,41.37161439560341,109.92277371903381,555.812221800108,0.2170030780116254,2,4,5,4,Amsterdam,12.581515098797276,Low
825,40.54497478599228,65.07763038170071,332.7130195434779,0.31642836831944654,4,1,4,1,Barcelona,21.82777611899215,Low
826,59.53384477117701,38.13826348866887,458.25346161851354,0.2266008559641163,1,2,8,3,Berlin,19.126161990994262,Low
827,60.795721457307124,77.27441450091341,444.1903512003011,0.4101983006544313,5,6,4,0,Amsterdam,23.340699443736447,Low
828,39.771399728467316,80.8593827256615,542.1336689901757,0.47213257327858205,5,3,3,1,Paris,22.152745651326015,Low
829,40.798131829041424,84.014735829294,417.081362368223,0.24353144276575345,4,9,7,2,Paris,9.17475397636996,Low
830,42.18215391139493,114.05331009212699,410.70414534590265,0.42223369965745106,7,3,2,1,Amsterdam,26.37698316999299,Low
831,31.55549488965723,74.08877908160352,715.3784696128847,0.29936301708528196,6,3,4,1,Berlin,19.960278637749987,Low
832,35.81348053515802,77.00950939078072,542.685018571179,0.25863142452463095,3,9,8,1,Amsterdam,5.830358405793713,Low
833,34.95859233247932,52.42039046917266,415.84237219665977,0.475368740839508,2,3,4,2,Amsterdam,14.741265108138876,Low
834,37.32202434895871,100.51383757219742,462.37494922831536,0.3041618754876126,4,6,7,0,Berlin,13.23822605956374,Low
835,44.65315112613219,84.60772660195259,746.8032428406118,0.28696420010298596,9,6,2,3,Paris,25.265587338869516,Low
836,47.342147325365204,69.49930681764593,464.7252682623355,0.36897376078493727,5,1,5,4,Amsterdam,26.392381805458932,Low
837,60.50500492814077,32.383132663363405,396.60850652714186,0.20449368040731378,1,7,4,0,Paris,11.69643828251537,Low
838,35.016459592612094,116.11030487637719,397.2505774810411,0.2299171483153263,3,9,9,3,Amsterdam,5.304109360936888,Low
839,54.843223984765835,49.30800088859857,417.6310278515634,0.4728183344954491,9,9,7,2,Barcelona,25.68115054038424,Low
840,42.86011155774491,65.21804976575736,410.82534163599166,0.371411938174777,7,9,9,3,Berlin,17.072152849071244,Low
841,44.50536290347567,88.95861277690008,308.0528227476135,0.4306548591084023,3,2,7,2,Paris,20.658157462126724,Low
842,51.74819492166604,50.086051784582835,331.36998545795325,0.20844470477417187,1,1,2,3,Berlin,18.10890552424153,Low
843,33.772779784377015,42.662255543671414,375.6019438457945,0.31751607597194886,4,6,2,0,Paris,12.306994695032593,Low
844,48.82409746184051,26.901310432483378,588.7356527679647,0.48855850679579926,9,6,2,2,Paris,28.532814306510144,Low
845,46.66452208213056,98.0249238226409,442.81440690906896,0.22748155961128705,7,4,5,1,Berlin,24.27417222075204,Low
846,49.92451264008149,66.37034388184195,468.925746635894,0.16419059052681675,5,8,1,2,Amsterdam,14.619259697292613,Low
847,47.89168643907818,150.0,690.5132037882345,0.3043544032898656,6,5,7,2,Amsterdam,21.91104996462211,Low
848,69.55300139910895,55.14112335922816,694.2510724907627,0.25512843548995046,1,7,2,3,Barcelona,14.91718477463219,Low
849,38.62260015748684,56.96372441427697,457.68125852933974,0.1638308931146854,7,9,4,2,Paris,13.725088978392906,Low
850,39.690030449981826,65.86517574286496,405.37047339748864,0.4554205530813472,5,1,9,3,Berlin,24.96121466580802,Low
851,38.76859473575236,86.07836637846222,370.3354529489693,0.49628956422151116,7,9,8,0,Paris,17.093474062940818,Low
852,39.44522880839745,68.24491653036722,603.9163654562357,0.32743287227599915,5,4,2,2,Amsterdam,19.10789736527923,Low
853,38.62612872693482,95.3083053500628,469.2939149716568,0.4098707073493816,5,7,4,1,Berlin,15.186545691574263,Low
854,56.89016531107552,55.53529025028364,442.0257664515815,0.44361534781851986,3,4,4,1,Berlin,21.503203071507855,Low
855,59.20504247989855,45.46020703841047,377.95031372936705,0.38039280240873075,5,4,2,0,Paris,25.565440768056874,Low
856,39.29253706250524,35.04463151477231,384.5500386482917,0.11766241964469248,8,4,2,1,Barcelona,22.9643853151985,Low
857,36.67644426895771,24.410645801570084,548.0087287239867,0.16305369268672712,8,6,5,3,Amsterdam,19.633470207554584,Low
858,49.71415556386404,67.04827451312357,302.68426011691065,0.1283956764605546,2,5,4,2,Amsterdam,12.698203433764759,Low
859,39.477769557190285,72.47549219016945,649.2303040681908,0.10395184265682263,1,2,8,4,Paris,11.882849293725311,Low
860,51.32931817755511,64.21407431292042,419.9233034277622,0.22239856350289464,2,9,4,2,Paris,8.122781088295476,Low
861,47.029230208513,111.08514492967905,477.55460836223114,0.25694238419262394,7,6,8,2,Barcelona,21.678192904480134,Low
862,29.84255885002768,110.70075524020338,299.45330627891684,0.1964118929343703,3,6,5,4,Amsterdam,7.916886584352007,Low
863,60.47505201330061,71.62992531388745,498.14510926364534,0.1258418592345284,8,9,1,1,Barcelona,21.900934196335466,Low
864,62.95877673095522,35.15197217020093,450.751858596416,0.3119452363346711,4,1,9,1,Berlin,28.507085382633274,Low
865,38.87211309515614,65.83237229862368,492.48791017153,0.20932772798285668,8,7,8,2,Berlin,19.254911208375407,Low
866,41.122984400640156,65.00446515207346,720.7563347542836,0.418414861945425,2,3,1,1,Barcelona,16.021043939646297,Low
867,47.85865390724905,63.571625943048545,526.654706868536,0.10322104865011249,5,4,3,3,Barcelona,19.38980665867584,Low
868,48.34456789987025,62.55702740254388,380.80112237812943,0.43701082051504414,6,1,3,3,Paris,29.373478575111516,Low
869,51.5854427267283,63.66342760687982,393.3020134180148,0.4819014715783828,1,3,5,4,Amsterdam,17.79464753380232,Low
870,65.1020453876635,70.336459602556,589.2696778870653,0.3864540252614278,1,7,7,2,Amsterdam,14.895153868913324,Low
871,43.2305277250595,64.11147252961108,694.8039936490136,0.39345762610502666,9,6,1,3,Amsterdam,25.90373457856812,Low
872,37.01702755461546,85.2080627156398,542.2877031126575,0.4734249246410933,5,1,1,0,Barcelona,24.339357512795573,Low
873,31.20680771985473,89.00921789762153,603.3069116832154,0.18362851412013967,4,9,6,1,Paris,5.6983274571578155,Low
874,37.69069960058081,57.23387282043775,591.4606585005058,0.49782622728343073,1,4,5,2,Paris,12.285472153008548,Low
875,44.66873027126203,111.77663315017584,712.8596620036282,0.4093924813514168,3,7,3,3,Paris,12.994543894892775,Low
876,62.94557863517788,55.498442453984644,207.56147409109508,0.39062828333111754,4,4,3,4,Barcelona,24.78995642386454,Low
877,39.823887009638284,39.554984654616575,600.0828408956793,0.24443623159811712,5,7,4,3,Barcelona,13.891528418872657,Low
878,47.237879516388986,89.51945178412629,647.5604065855346,0.31831099416224423,5,5,2,0,Paris,19.85447379653914,Low
879,44.83577103927248,59.5647966396415,299.191444079664,0.3615671153093388,8,1,9,3,Barcelona,31.566402464875132,Low
880,56.88393273448084,88.0322867689347,367.1497723990376,0.3481371445268864,3,4,4,2,Berlin,20.546551265613115,Low
881,70.0,20.0,372.382587705777,0.38199385539103237,7,3,3,4,Amsterdam,34.319938553910326,Low
882,39.69131227079679,114.81139853707668,390.6814705433925,0.13295269563136425,6,6,7,4,Amsterdam,16.23692063755268,Low
883,40.10560557481778,96.80733520101006,427.7424423596711,0.24225937313267873,6,6,9,0,Amsterdam,17.454275403772122,Low
884,55.44160877069072,42.48808627092496,536.3904219582412,0.27360000663819084,9,1,2,2,Berlin,35.868482697589116,Low
885,51.81891489626312,43.030571903842855,629.8511976751055,0.2042517191499866,7,2,6,0,Paris,28.5881916603788,Low
886,63.46707325736034,121.80664760243819,662.1975436652805,0.16905090810768952,7,2,5,0,Amsterdam,31.730631058285,Low
887,50.839281853259635,61.56550241255104,374.3265408248327,0.15557099196514512,1,4,1,0,Barcelona,12.807494475629344,Low
888,41.40707909212941,59.14537878168441,373.2945501945526,0.24655335690263405,1,9,7,3,Berlin,3.3876572966651617,Low
889,50.90654830692309,23.34869764626793,697.3732760024334,0.2973766802250264,9,2,1,1,Paris,33.245731294327186,Low
890,56.087035805829075,71.23054485996114,597.0115903127967,0.1251905760586643,9,8,9,3,Berlin,24.078016502335363,Low
891,53.204821811973645,74.30700962910618,512.4297262803494,0.4785832378362198,3,1,4,2,Amsterdam,25.24727892195429,Low
892,50.07274031107298,97.88732741923712,571.0005013332451,0.4060973291443034,8,8,8,0,Paris,23.08279538476493,Low
893,55.666746895891535,45.023039295388116,495.5294327222839,0.3923407092741866,9,3,1,0,Amsterdam,34.12343116150933,Low
894,56.692955904456724,41.99283019398476,578.6877024571422,0.1691442099954908,1,5,5,1,Paris,13.199328871291925,Low
895,58.82158991037527,91.27406586941193,449.58999552413894,0.3415203072048756,3,1,3,4,Amsterdam,25.561680045161335,Low
896,51.48709887589643,105.16825178067663,540.3207401658847,0.311889978723467,6,1,4,0,Paris,29.0650294500036,Low
897,43.328819196831454,40.72119122205292,273.41809244457556,0.49298753831467756,4,6,4,3,Berlin,16.928521142196214,Low
898,46.46713686433323,107.03785215749353,396.83235577618535,0.3990687080320632,8,3,8,0,Paris,29.4308281396206,Low
899,57.06508966508357,80.93854603717054,398.4483234814485,0.33030475348649246,9,8,3,2,Paris,26.422574434389993,Low
900,36.83064329012764,107.29513347686614,443.84149501896286,0.44032506658804893,7,4,1,1,Berlin,23.452443652918777,Low
901,48.686733088729014,78.24449096205959,361.02301178303776,0.1620377083442838,1,6,5,4,Paris,9.226397010061541,Low
902,41.06661187672639,20.0,419.9684561265377,0.10608661187639089,2,9,2,2,Berlin,3.880849681781826,Low
903,45.28744822934817,76.20081544209903,272.8378906402819,0.3760933333658093,1,8,6,3,Amsterdam,7.347167802462543,Low
904,57.78451862607299,106.50359546678175,582.305071459235,0.139324584094895,9,4,4,2,Amsterdam,30.728601428770844,Low
905,46.910990680199035,57.65634952290714,487.62297216329085,0.1461734559934037,4,8,9,0,Amsterdam,11.535031763993747,Low
906,45.46436548156149,70.30087577731369,244.2188588335975,0.3978722905698122,8,7,7,1,Paris,23.118032550166568,Low
907,31.401438590200808,75.59666241122554,374.77551341799904,0.20821393765359564,5,5,2,0,Barcelona,14.002570953596198,Low
908,52.46253566027221,20.0,550.490214134325,0.3514524862275572,5,7,7,1,Barcelona,18.753285560357234,Low
909,51.45484181141075,121.78368938593691,418.5467080421315,0.46696277043709944,5,7,8,3,Amsterdam,19.60608024779422,Low
910,66.6325472330546,57.46560800257063,395.4587809792855,0.22658981265514333,5,2,3,2,Berlin,29.25566229646781,Low
911,41.92221765046999,92.64338581181997,488.8110984487885,0.18685766313596752,3,7,3,1,Paris,9.945241926500673,Low
912,47.19150327663939,77.83247159629478,551.5396302767324,0.1426251534964207,6,3,2,2,Berlin,23.083702517956027,Low
913,47.49383683710755,111.44047640898401,284.5471314441259,0.15218494456789045,1,8,1,1,Paris,5.7700004968111696,Low
914,60.77453279763475,90.15140306070202,582.5192721826819,0.1248890781515371,8,8,3,0,Berlin,23.481250620805795,Low
915,44.047044676130476,74.12689321197564,379.9560077588935,0.13505695153189606,4,9,7,1,Amsterdam,9.064682918158104,Low
916,47.790215257703395,57.662122687018,497.3108047625302,0.27280183552366155,6,4,9,1,Barcelona,23.065082932547632,Low
917,51.078965097165394,99.94626753455347,494.68697889627356,0.2283460180095879,2,3,9,4,Berlin,17.107149709245498,Low
918,46.86609123156358,33.163967401134585,420.9400822640339,0.38262432572919924,2,9,6,3,Amsterdam,8.386070626761068,Low
919,40.535663854494715,96.14726050689731,346.45103808039283,0.4480966632988007,8,9,6,0,Barcelona,19.14166578933642,Low
920,46.94089992898308,52.523881211128185,457.14701778616046,0.4139092812569537,1,2,5,0,Barcelona,17.22136279126446,Low
921,55.73631749859772,111.30709154891599,743.7995463612792,0.3122549026662609,8,6,2,2,Barcelona,26.84344427624192,Low
922,34.7348470058894,84.03248856656738,295.74874543045536,0.1409768464930614,1,3,7,1,Berlin,9.330222566697435,Low
923,46.32969674146876,96.10309419625273,753.8469528657313,0.38390691357662143,9,5,1,1,Berlin,28.237978158206843,Low
924,37.99879185060827,82.04972034561798,461.04182433852014,0.24513148989074943,1,2,6,1,Barcelona,12.850952454089976,Low
925,56.950466289248425,36.190572621475084,505.30571256329586,0.13426015756616408,4,4,4,0,Berlin,20.427741462436167,Low
926,29.768130952162252,58.48177091511654,336.9933782922909,0.43698656288505033,9,3,3,4,Amsterdam,26.80030491449918,Low
927,39.410781527284115,96.80973344028456,384.3095874983779,0.23528660687300224,1,2,1,2,Paris,13.176100526915256,Low
928,48.772118750645205,84.1663954339961,424.56355249429714,0.18729953300462854,9,6,6,1,Barcelona,25.504630955239847,Low
929,60.65524029234341,109.5247476326418,343.1457543683132,0.44858082584753733,8,3,7,4,Paris,34.18238034617839,Low
930,44.34249738927012,90.08186407592929,468.66230639436924,0.460853547378802,5,4,1,3,Barcelona,21.911284690569058,Low
931,39.44800473306802,55.83245273243351,438.9476162289843,0.23558833487662395,6,6,1,0,Paris,17.190284768686645,Low
932,63.8115706944059,60.09839655698415,777.61717136536,0.24192056771254938,5,5,7,3,Barcelona,24.062676885447264,Low
933,30.51986099583756,82.57293476308094,325.1038721479308,0.33185141103325766,4,4,6,0,Amsterdam,14.474472409083841,Low
934,23.011940433799182,22.148898349997367,515.403577512288,0.39337659752426324,4,4,7,2,Barcelona,12.837348105382386,Low
935,49.40014450053332,121.83604714057464,537.1769422852738,0.1252596807627454,8,2,8,3,Amsterdam,29.07264015778745,Low
936,39.97945775647389,91.04366840943894,339.45191770222436,0.3373374628753887,8,4,8,2,Barcelona,25.367211955696053,Low
937,34.787671828692865,110.6758649262218,603.0241243179257,0.48112802471343263,9,8,9,2,Berlin,21.247581795742185,Low
938,52.08356447299353,40.48490147977078,440.25094806775576,0.2048375588719815,3,5,9,2,Paris,16.173444930617872,Low
939,47.43800713771199,111.11412900888139,200.0,0.46353088563877354,8,8,7,3,Amsterdam,22.86671099770133,Low
940,39.359213692632714,135.78747277569371,598.9774418156848,0.48006733630523746,3,6,9,3,Barcelona,13.60843747084219,Low
941,32.19695601329106,46.97804111556706,332.45886738464543,0.20766145638843592,2,5,6,3,Berlin,8.235701367871675,Low
942,53.724573282801444,99.28504487259417,342.8337580791351,0.4016807463541402,2,4,9,1,Barcelona,18.134179448381833,Low
943,51.50201177958661,80.02774861718233,603.1853124338597,0.195510003327824,9,9,2,2,Paris,21.905703567154223,Low
944,44.00824136220617,41.389153793793895,447.9257776372325,0.39504446469285315,4,5,2,1,Barcelona,17.652917055590382,Low
945,63.466369960476655,92.32209929629674,637.665822582725,0.4189679885155304,5,6,6,0,Berlin,24.2295908732983,Low
946,34.29915233673847,100.8400801209337,681.5249143047978,0.1988822814842598,2,7,3,3,Barcelona,5.778568515864139,Low
947,29.74474829075261,64.97183618327882,403.2607309516553,0.38634781743329405,9,1,2,4,Barcelona,29.28690266155872,Low
948,38.080919301187556,109.14791300638058,618.9893743932546,0.42484181554563594,7,9,8,0,Amsterdam,16.17269394581263,Low
949,44.54413983644502,38.33091483027006,386.6808797910677,0.24343154884276472,3,8,7,2,Amsterdam,9.797557439361153,Low
950,47.43339449322692,42.631096338758894,834.9673875698265,0.1670811103958908,6,5,8,2,Barcelona,20.400829451926985,Low
951,42.5876394214367,83.41493488971881,396.0564493203177,0.13678582692700544,7,3,6,1,Barcelona,23.644150095701065,Low
952,48.520553965142966,80.6346319493068,653.9131161440006,0.3301526814439768,6,5,9,3,Berlin,22.357693003982657,Low
953,32.48460575809556,62.085662789397375,626.5685038822363,0.49123924772628536,6,5,9,3,Barcelona,19.15777420469152,Low
954,59.437646040732595,100.23986089929714,547.41317331634,0.4291801280088865,8,9,2,0,Paris,24.623095092308642,Low
955,44.178488216074314,93.27235785539874,399.4185257874975,0.2743358555738211,8,7,5,0,Amsterdam,21.496905020560504,Low
956,56.172958315881274,101.4534767733504,477.29037620878864,0.31464836114198347,5,2,9,0,Paris,26.998371106184216,Low
957,48.42725346377704,76.9215891161933,200.0,0.2118111541647276,4,5,3,4,Barcelona,17.14628758078039,Low
958,49.567532191537836,95.06450669945852,533.6630057573376,0.16522634694402544,5,9,5,4,Berlin,13.022523126901604,Low
959,50.69767280232204,68.85874242425014,552.4422996542578,0.29283246329290935,9,2,8,2,Paris,33.1376264736257,Low
960,49.47708560017315,131.3454672521649,520.0249128592058,0.2854006264668741,6,8,2,2,Barcelona,17.697131944720685,Low
961,51.42722759867544,59.686355746950355,200.0,0.30877198112150406,3,3,6,2,Amsterdam,20.015888090817672,Low
962,58.29152530132431,132.6324357364578,310.1545332365283,0.4811218342255763,3,4,4,3,Barcelona,22.298675932653058,Low
963,46.9652116970147,80.87219867723522,387.7863525727006,0.34155812005790886,1,2,6,2,Amsterdam,16.5051447096835,Low
964,52.09003757588512,45.61222776078143,543.748839978357,0.3423087346489495,5,9,3,1,Berlin,15.550098619255031,Low
965,44.102643057127736,114.20198376221504,543.4008358464476,0.15120990514443072,6,6,6,0,Amsterdam,17.742891968582626,Low
966,59.40117215449473,83.14753470987398,474.4664312043231,0.49859554647072823,8,9,7,3,Barcelona,25.306307111055695,Low
967,38.2360769794073,101.27810245950594,595.2868304905935,0.4091379776938674,9,8,3,4,Berlin,21.562202870760864,Low
968,63.00940432910816,110.59639796356483,346.06364370456504,0.45088133763760196,7,9,5,0,Amsterdam,23.911634675108466,Low
969,44.59842049355657,88.44888885362563,591.5352508540994,0.2657201647323977,1,5,8,2,Amsterdam,10.536727795390947,Low
970,30.69224897881952,65.19397887967963,571.2113157259837,0.30085123831425,7,6,2,4,Paris,17.216187076788355,Low
971,46.28104414910789,104.39283444173125,556.6332099256866,0.30883352366491057,9,7,7,4,Amsterdam,24.472648481381473,Low
972,38.18948342525119,80.01888768636489,472.69393533715163,0.17763781571584208,4,5,1,4,Barcelona,13.733223184733776,Low
973,53.406435489887244,97.14644546521048,774.6115737246893,0.3757956625307829,7,1,7,0,Berlin,32.279887272274,Low
974,38.47376020697609,26.156735655213467,573.9793532734818,0.4611906894469827,9,9,1,3,Barcelona,20.654034956562654,Low
975,40.538165667852205,91.1745429252463,354.74962051196616,0.1654823272553676,1,2,4,0,Amsterdam,12.816272972909337,Low
976,26.104592690544692,64.03535437137424,537.2458213603976,0.1345273093944658,9,7,4,1,Barcelona,16.676650901108065,Low
977,40.47693680750923,121.33274092946326,612.8725065611328,0.3952875622161369,4,8,5,2,Paris,12.095956664414135,Low
978,20.761206733710434,95.57718369722738,411.78371016135355,0.20928073266919284,8,8,2,3,Barcelona,12.32116934680506,Low
979,29.16097176514277,85.99644364623242,663.3908370396648,0.3495450166469317,3,1,6,3,Berlin,16.743741696012147,Low
980,52.604146561442974,92.15774983375555,557.3050558574016,0.3783033351968723,2,7,6,2,Berlin,13.064277320401612,Low
981,52.85800158650832,55.038978678082046,200.0,0.22876430543272874,8,9,8,1,Amsterdam,20.645043530279782,Low
982,49.254575617849646,120.58141726320135,544.9507966006889,0.4260578389703138,8,3,1,4,Berlin,30.53695107505803,Low
983,35.33023856870787,129.78426046042262,439.0956268380927,0.3199955928456868,3,8,4,2,Barcelona,7.799027499069227,Low
984,44.5228864385802,89.82283776370541,580.5769721812604,0.44759976318072114,8,8,2,4,Amsterdam,21.83286356338127,Low
985,44.963974609094315,119.76008921434097,641.6322260377722,0.40531742102357904,6,9,8,2,Barcelona,16.042366592964086,Low
986,33.416353108074574,65.77129503318665,529.2743070712727,0.4474302528149815,9,8,4,0,Paris,20.499208460572184,Low
987,60.0339830176715,60.07216084437548,749.7878350917043,0.10806455284715764,6,5,8,1,Barcelona,23.590840433773025,Low
988,53.77362290575671,81.02311871822307,473.1939673154756,0.1974025042954379,8,5,2,1,Berlin,26.606111914681392,Low
989,42.79035826170336,90.87352595919747,593.7226734580813,0.13600317617837546,2,3,4,2,Berlin,13.697139240294764,Low
990,45.26885838994531,70.15033296892199,620.7413860456021,0.27683320687573965,1,6,9,1,Paris,9.348989585740988,Low
991,47.08382807947552,93.4442047592121,485.3981046660901,0.4559840486461273,2,3,5,4,Amsterdam,18.18498891030393,Low
992,24.582651315757094,87.65973705183535,616.8161461966673,0.28701610490674767,4,2,6,1,Berlin,15.244956443794605,Low
993,42.52822617479403,55.04233061772362,410.7990519256747,0.4398852178321576,9,7,9,1,Berlin,24.657320030759784,Low
994,38.180157520022014,92.96982543629304,436.6147371468172,0.23087129520772717,7,3,9,1,Berlin,23.262760208083876,Low
995,34.983799901050844,101.58820606303803,303.12669644955315,0.235828029122101,9,4,7,3,Paris,24.85342026153626,Low
996,42.18899707114045,84.28673293975977,536.211367455507,0.458224692130751,9,8,2,2,Paris,23.238946042649644,Low
997,62.976865268495224,108.81620258154231,548.7877513781516,0.27032685860468064,9,1,7,0,Berlin,38.09632816659537,Low
998,51.4084286126701,49.5649051625762,676.8894737868844,0.41590619511786653,8,9,9,0,Amsterdam,22.081590534979693,Low
999,39.28821010217203,91.6987605532963,618.6710006533825,0.19465741915276055,6,6,2,3,Berlin,16.733037222179217,Low
1000,50.72582781356159,50.74298234008063,457.280666502885,0.47952033187105425,7,2,7,3,Barcelona,31.012951662779017,Low
1001,58.99355436586002,52.14796604417281,323.27304689985846,0.3298312986122285,2,3,7,0,Barcelona,20.49637929588029,Low
1002,54.246336829127685,64.22672915655525,564.9275603779961,0.40372942743136075,1,5,3,4,Amsterdam,14.811195323051914,Low
1003,45.59630369920174,56.44849541064387,666.6129758621963,0.13580627991795421,5,6,6,0,Berlin,16.036953908940063,Low
1004,38.53063222294426,66.30010453147156,613.2777460705915,0.29706569033221153,8,9,8,0,Amsterdam,17.029846570205393,Low
1005,51.982233136135896,74.64624223222029,662.6716287285931,0.4604153990936093,3,2,8,2,Barcelona,23.198823931776857,Low
1006,48.934853854217494,100.92886215828462,468.2165703202636,0.45081545161732184,7,5,3,0,Berlin,25.688610672438465,Low
1007,53.95193220027733,71.97102403235743,430.00715477365316,0.11872558289369102,5,7,6,0,Berlin,16.872835489020105,Low
1008,51.351718016819696,40.35935733076018,389.46479716523015,0.2214793876515787,8,7,2,1,Barcelona,23.120309281561696,Low
1009,55.49552715319335,108.501696162379,491.6155300079607,0.27732800259163204,6,4,2,3,Amsterdam,25.421938171874327,Low
1010,39.64764788439432,59.07274665962401,488.21138060467706,0.16890592574231528,6,3,8,0,Amsterdam,21.08335362274145,Low
1011,58.173940656343255,78.53198932238428,531.0016442808675,0.39199932439598817,7,8,5,0,Paris,23.372175440862854,Low
1012,46.975996046923996,91.16341267351778,480.6053814446738,0.17380479823948464,7,2,5,4,Paris,26.830846796472045,Low
1013,65.75260872625265,84.99026046006956,479.9558405409843,0.2386558777479545,4,5,4,0,Paris,22.612341395355337,Low
1014,38.10812181910432,107.3544886880369,383.4958920541784,0.36531225474312734,8,5,4,2,Amsterdam,23.58555909316257,Low
1015,62.359638031652494,91.97507858481897,641.2428520327236,0.292835737809792,6,1,8,4,Berlin,32.136248787593665,Low
1016,46.979107834626475,58.467260507572306,511.4777093365567,0.39542841545395757,8,7,3,0,Berlin,23.548016504927517,Low
1017,38.48581996385552,134.46405434979155,473.8334098572077,0.48448316048914386,7,4,3,2,Paris,24.390577594048096,Low
1018,40.16114165945678,84.85833658345584,387.8856120126193,0.146618675086079,1,2,8,3,Amsterdam,12.514529248697823,Low
1019,41.7965269180568,76.31649433446235,300.2130334413371,0.3838270865592244,4,8,3,0,Paris,12.377228941009282,Low
1020,49.241659464019165,104.09813557638927,696.1946288824015,0.19213766225284581,7,4,2,3,Amsterdam,24.693874461734207,Low
1021,50.228354880355,86.23627364825181,583.195806219771,0.2657906909630277,9,1,5,0,Amsterdam,34.226413373736776,Low
1022,39.26299996061421,89.98070482348318,256.4123236145049,0.11314509031805593,2,8,3,4,Paris,4.910350891364821,Low
1023,44.756454077390174,142.30459996501716,614.4713451064486,0.15436295291707958,5,7,6,4,Berlin,14.470565752387847,Low
1024,66.42270358611864,73.12196429362383,638.3721755349663,0.2279109156195599,9,3,7,2,Berlin,35.70592023203119,Low
1025,62.275431701007115,72.05597764956511,518.6564183451394,0.236794322115194,9,3,3,1,Amsterdam,34.550572731454075,Low
1026,49.36323669674032,82.9144628003116,739.7166343627639,0.4598340865848384,6,7,9,2,Barcelona,20.90731187487048,Low
1027,45.380034781682,106.78789838952596,532.5079463184325,0.39672516370660604,7,2,1,0,Barcelona,28.58126207157066,Low
1028,46.200313267182615,42.336649245240025,287.4764708076215,0.48887318727481643,9,5,7,3,Barcelona,29.24882585290295,Low
1029,51.13517972730416,30.86110271308737,554.7753501572481,0.33962860413409623,8,7,4,3,Paris,24.23683995953221,Low
1030,34.77207434801595,65.32211823449632,536.7345952569094,0.1966854928365272,6,6,7,0,Berlin,15.398477232770055,Low
1031,42.42623462576655,39.15192602351782,409.50547268327676,0.23106201196865717,6,7,9,1,Barcelona,16.538490507416537,Low
1032,28.314159261224106,69.37921631185904,586.0338255316137,0.22793436931678684,7,2,9,1,Barcelona,21.7735914715351,Low
1033,48.992231226052795,92.56249240323226,249.8502100713707,0.23059773106530065,7,7,1,1,Barcelona,20.503646678468844,Low
1034,51.47195939702741,57.731278411193415,648.5850241164185,0.3691856692447263,2,2,4,0,Barcelona,20.133444511555485,Low
1035,40.16813537700626,44.32933558046644,368.2817444591821,0.3123231712361665,9,7,7,4,Paris,22.673672325463542,Low
1036,60.73986763290033,81.7334290428837,352.25808123244514,0.2541696712346577,4,8,6,4,Berlin,16.763657002216675,Low
1037,32.74234336997659,101.56358711537925,482.92628415387844,0.15963590749148665,9,8,9,0,Berlin,17.41906208590784,Low
1038,30.3562511979018,37.62566403708468,564.9459392065453,0.10885566517685837,3,5,7,4,Berlin,8.695432011139122,Low
1039,47.24451818559972,100.5058099576496,524.5886095390144,0.18753387103507704,5,7,3,1,Barcelona,15.548694166030689,Low
1040,55.470983026121544,100.43265509345815,388.6011251341433,0.14298856158747253,5,8,7,4,Amsterdam,16.071180523711188,Low
1041,61.83927691457869,103.8521275539157,424.0866063212167,0.4141780123408958,7,4,5,0,Paris,30.69356319778256,Low
1042,40.4111573713106,110.46200537179216,330.0436478933807,0.14499918312555415,4,2,2,4,Paris,18.573339042648723,Low
1043,55.78680833431296,135.0503481164904,466.2980147555195,0.38969129492273447,4,7,3,4,Paris,18.132955449521234,Low
1044,44.61491530499293,71.09769878452362,661.2531821766364,0.2542634759104331,1,1,6,4,Berlin,16.42710935060221,Low
1045,43.273727000591805,82.73928950194646,499.3605593534186,0.1293513558975104,6,2,6,4,Berlin,23.275631659152644,Low
1046,53.83659937486672,69.58903916879936,628.912138213918,0.42509201977263433,4,7,7,0,Paris,17.90190001018636,Low
1047,51.5232287841342,80.04942111889527,718.3102006589288,0.3318522280946453,5,1,6,2,Barcelona,27.275490916186712,Low
1048,29.236078430157505,118.3218338909078,411.79722214445496,0.19430460514542924,9,7,9,4,Amsterdam,18.21386958050154,Low
1049,59.76540349725896,46.37463790173328,472.0140120416953,0.45787246973306717,4,5,5,2,Berlin,23.008345746508358,Low
1050,58.800913541474515,58.47375819586061,825.6789291593743,0.11810332554822059,1,3,5,0,Berlin,16.32130731792456,Low
1051,38.74437298490471,114.42952341261403,716.6515117969918,0.18072784327910518,9,2,8,3,Barcelona,28.43059032826246,Low
1052,48.95803533437409,105.50091267255225,249.13932112814712,0.40081877112234443,5,7,8,2,Barcelona,18.19559831153567,Low
1053,49.94030186282739,70.92170882957305,558.072247409136,0.3837511721239557,7,9,1,0,Berlin,19.319602280087775,Low
1054,47.60673765823907,101.360050028018,500.0839988509543,0.21570867748979122,3,9,3,3,Barcelona,8.939108072369635,Low
1055,39.4969484615458,88.53039606230084,623.9679666288143,0.12480995014111325,4,8,6,4,Barcelona,9.097184039874872,Low
1056,38.283766320619485,117.5068652250247,388.2531848772417,0.44323122888997757,9,2,6,0,Barcelona,30.917442185085623,Low
1057,44.744459290085544,81.86273984566931,374.0587441938992,0.22547905522796105,1,1,1,1,Amsterdam,16.178128339305275,Low
1058,56.72729019259364,105.64080284681455,398.5893927059586,0.1782853659713061,5,8,2,3,Amsterdam,16.801040717491155,Low
1059,50.43600154594432,146.0502977623155,414.2107180702351,0.3064247289443909,8,2,7,1,Amsterdam,31.195047753227204,Low
1060,41.29385667913894,94.95247887618666,622.2986250213521,0.4640908797129789,7,4,1,4,Barcelona,25.02906580087147,Low
1061,52.716987106483444,81.2332041448711,322.819824027668,0.11741863113735014,4,4,5,4,Barcelona,18.989282443318533,Low
1062,20.0,98.06117463052448,406.6079150061022,0.4063216352123551,7,2,1,2,Amsterdam,21.06321635212355,Low
1063,56.48765700372103,70.86797854490288,231.64814142478383,0.3289892911754836,1,4,6,4,Amsterdam,16.236190012871145,Low
1064,27.602862212219005,139.6991926381183,651.0676735118559,0.2701796466207268,6,7,7,2,Paris,12.482655129872969,Low
1065,41.37559058596868,84.50177594239953,690.654514914671,0.3976321776420241,9,6,8,3,Berlin,25.388998952210848,Low
1066,33.803301053738565,73.17666699436218,450.938985370432,0.486329769776653,3,6,3,1,Amsterdam,12.004288013888097,Low
1067,32.053185242790946,59.1077748744991,455.30759527801655,0.1916824844650764,4,4,3,3,Paris,13.532780417488047,Low
1068,56.608267873785195,107.43050479016097,567.9832853424346,0.15745894602884786,8,2,1,1,Paris,31.55706982242404,Low
1069,40.32298798688109,101.67968532069347,721.1723011067384,0.4651526980890789,5,5,3,0,Amsterdam,19.248423376955113,Low
1070,48.46503881730716,67.56614071464767,561.2916121345876,0.3675812309829215,5,3,5,3,Paris,23.715323955021365,Low
1071,44.53079421120816,94.41128362806057,395.3687086287328,0.2751944086247864,1,3,6,0,Amsterdam,13.611182349610312,Low
1072,49.770408272231215,42.28610079467859,257.17661420203393,0.32930382810571324,6,4,3,1,Berlin,24.224160762726495,Low
1073,45.768218910602556,84.6242643768289,332.73106060047684,0.39824556207049766,2,5,4,2,Berlin,14.212921293885744,Low
1074,32.1700777581143,91.31890880191736,510.98291754686977,0.40921275948228686,1,2,5,3,Berlin,12.743150922257158,Low
1075,54.9626681944714,122.68324523898058,401.7008715198808,0.4679576723275859,6,6,5,3,Amsterdam,24.168377181617277,Low
1076,40.06243416838687,60.729529931782764,529.2451558986138,0.2707371155582491,5,6,9,2,Paris,15.726101406098552,Low
1077,29.43418101340249,48.04118427994189,417.0613975645649,0.21736436400775802,5,8,8,2,Amsterdam,9.003897944098329,Low
1078,40.718848390340874,57.614300976873956,341.2780353058383,0.35586570671593676,9,2,1,4,Berlin,30.77431158426163,Low
1079,60.00759790634311,46.585787492127004,323.44525528203934,0.26629115971181216,3,8,2,4,Paris,14.665190969021054,Low
1080,53.50221742113493,113.41643394397457,734.3531764059844,0.33783938157959115,1,8,5,1,Barcelona,9.42905904213639,Low
1081,41.51347865592141,118.71598237560092,633.3481623775465,0.26799431938238005,8,4,3,3,Berlin,25.133986790600222,Low
1082,41.50742295681571,88.00541444872073,759.5776927741938,0.1611983146712698,5,7,7,2,Amsterdam,13.56421003375741,Low
1083,41.783649487826175,110.5323736421287,580.9926351132655,0.28777070066358335,5,7,6,2,Amsterdam,14.912801852983687,Low
1084,65.76747983560841,83.34895951450588,435.50128870777417,0.3763671287764131,8,1,2,0,Amsterdam,37.993915238446654,Low
1085,48.819354522315535,77.62220880748085,698.5011383734907,0.41971352306706,8,1,8,4,Barcelona,33.34294158736526,Low
1086,49.300416471910694,71.67405952365596,495.03979979573484,0.2973305107186187,2,8,5,0,Paris,9.763430048759394,Low
1087,55.30283454031842,72.24022521556087,533.1262655435528,0.16609515608416037,3,1,6,2,Amsterdam,22.75180192293713,Low
1088,47.387891590265134,41.30496109227422,493.57634313867214,0.26587508385977265,1,3,8,3,Amsterdam,14.375118315677266,Low
1089,42.40957854179297,86.60636909018348,200.0,0.41451757153667934,3,6,6,3,Amsterdam,13.868049277904685,Low
1090,43.03650150915022,78.9916522446489,740.710251844228,0.26514370824682915,4,8,3,0,Berlin,11.562387535213357,Low
1091,44.283987405859364,98.6340181019469,573.650591893663,0.378612317441689,7,5,7,4,Berlin,23.571319396174697,Low
1092,44.627777634901584,82.33808741096524,549.4734591302765,0.3028854726712359,9,5,4,1,Barcelona,26.917188017182838,Low
1093,52.2762954363698,75.93240746077271,490.7335906594159,0.1964892500437587,5,4,6,3,Paris,21.647781131348523,Low
1094,45.519458858072994,58.22017424980923,524.5141730579196,0.4184602032092297,1,4,6,1,Paris,13.840439689514195,Low
1095,52.32640077215579,81.80383092054403,410.40815962306283,0.1336853816282748,2,7,5,4,Amsterdam,10.534774047929485,Low
1096,44.19283419891418,98.45593077040405,592.4869028460906,0.3099561131020603,2,6,1,0,Amsterdam,11.357411390694857,Low
1097,45.786351903160906,51.41652522290348,303.9352483401301,0.18355641369736198,9,8,8,4,Berlin,21.57146970792189,Low
1098,25.017993154678923,82.18684384201848,527.9102648705821,0.12682625141655027,7,6,2,2,Berlin,13.773660460569179,Low
1099,54.16327674702482,85.8260737882371,584.2360205856656,0.30117357483329954,2,7,4,4,Berlin,12.760718772440441,Low
1100,48.46488475897993,62.04838040954339,470.19962992656457,0.29982486237396944,1,5,3,0,Berlin,12.037714051433671,Low
1101,54.98010109859652,65.30359237729999,555.6301688706537,0.3827603606702884,5,6,6,0,Amsterdam,21.321633936281838,Low
1102,20.0,85.76527121915537,351.29984116486247,0.39790027722076193,1,1,1,4,Berlin,10.479002772207618,Low
1103,65.88374704780728,51.664474542684424,355.1259843656054,0.3911165954771587,9,3,9,0,Paris,37.176290069113776,Low
1104,43.604103718448265,88.74809288123481,535.507568153959,0.26382349316670206,3,8,5,2,Berlin,9.7194660472015,Low
1105,56.081828167375164,57.616140658519996,601.7824481931577,0.352675914890625,2,3,5,1,Barcelona,19.8513075991188,Low
1106,34.60094072874469,106.57134232583041,218.77015167474337,0.3307780970575841,6,1,4,4,Berlin,24.188063189199248,Low
1107,51.1277390506257,138.44569363470748,578.303095266615,0.26862470244676784,3,3,4,0,Amsterdam,19.52456873965539,Low
1108,34.46584436826344,58.48107995745451,418.51977494354946,0.3388850776743973,5,4,1,1,Amsterdam,17.728604087223005,Low
1109,38.76231039304195,93.35519655936687,471.07908690388814,0.478899150682505,8,8,9,2,Amsterdam,20.417684624737632,Low
1110,64.14031353866787,61.83145237794952,299.0723114652444,0.17715749747255094,2,9,9,4,Berlin,11.513669036325869,Low
1111,43.09317599236653,106.02385434494474,372.2574139719938,0.46230883831421055,5,4,4,0,Paris,21.551041180852067,Low
1112,47.17432873179723,48.368539772869624,644.9187988295466,0.12138220559327935,8,7,4,1,Amsterdam,20.86612067547196,Low
1113,53.70067730688754,92.01466896069282,504.929506097032,0.22335568516066429,1,1,7,2,Paris,18.843760043672905,Low
1114,49.95681887972604,58.175275827766185,442.5832397435662,0.2152580994446113,4,9,4,3,Amsterdam,11.639626658363925,Low
1115,46.504189051435766,74.82538527254079,482.5267471053448,0.35054604315236226,5,4,1,0,Amsterdam,21.456717146954354,Low
1116,48.64961002466225,54.224368121317326,573.3817736996452,0.15248998071091613,3,9,9,2,Paris,8.619782814507836,Low
1117,69.03415585238275,100.55876177239384,566.0741744245007,0.4529390447359015,2,3,2,1,Barcelona,24.73963720307384,Low
1118,44.42381202966415,59.075491139010325,488.7459499404799,0.43142056338601653,3,5,5,4,Amsterdam,16.141349242759407,Low
1119,47.010990467149675,93.79910648329569,663.9438666345002,0.3608263278741112,5,1,4,1,Paris,26.211560418886016,Low
1120,55.50654396007612,71.39754929344167,645.5693955359999,0.28336553271687914,7,3,8,4,Amsterdam,28.98561851519163,Low
1121,56.05525932957984,77.13819070502842,562.0058043695593,0.4731824168568314,2,5,6,2,Berlin,18.048401967442263,Low
1122,56.8703030556038,83.69389768500321,508.1917674365106,0.43229862188822243,7,6,7,2,Paris,26.384077135563363,Low
1123,51.38730222029184,60.95438320852878,598.5981642679309,0.29972605923249795,6,8,2,1,Amsterdam,18.413451258412532,Low
1124,33.569950872695166,85.25917783852218,547.1401132701775,0.3807493417817245,7,1,4,1,Barcelona,26.378478679625797,Low
1125,61.334315323010955,118.25836410886028,659.1200107708921,0.32677198087187387,7,3,4,4,Berlin,31.168014405622024,Low
1126,33.53654606981312,60.54763035418215,634.9342065107462,0.3351768953553058,9,1,2,0,Amsterdam,29.912732774496995,Low
1127,48.02635465239033,109.29525358184611,347.26191478734074,0.23239042777498853,7,5,4,1,Berlin,23.231810673466985,Low
1128,37.45724149980642,117.45244083719462,337.105524388744,0.28483384184995875,6,8,9,0,Barcelona,14.085510868441514,Low
1129,44.35861653407007,59.5961252742989,394.8125683393886,0.1312485723158977,8,4,8,0,Paris,24.62007068338,Low
1130,48.2876241030348,43.623634872736204,646.4208035100381,0.242939476665837,7,9,1,0,Amsterdam,17.41568199756881,Low
1131,48.21357215450273,87.54902250429411,263.55365048431315,0.3783314061448608,6,6,8,2,Paris,21.247385707799424,Low
1132,49.21920754235285,66.31481193082817,559.213608366199,0.4812864122024746,4,6,9,2,Amsterdam,18.5786263847306,Low
1133,61.13711269058647,126.71508047907506,554.3814636639443,0.48522564510520816,7,5,8,0,Amsterdam,29.693390258228018,Low
1134,49.5353430151398,80.8701885124958,674.3972088029288,0.32228914764995664,8,5,1,0,Paris,26.583494381041508,Low
1135,42.558433647093516,59.94501479912052,527.0508035995831,0.3426489007238328,8,7,8,2,Paris,21.694019101366383,Low
1136,54.64087168288357,51.32101222470722,298.51859141241493,0.174288474200387,4,8,5,4,Amsterdam,14.135146246868942,Low
1137,56.894704889246405,107.24762397727076,356.0967559027816,0.3781232432374123,9,7,9,3,Barcelona,28.34964389914805,Low
1138,32.72392184863008,65.72040064789533,322.7006717153263,0.1282635170697545,3,1,9,1,Barcelona,15.599811725286568,Low
1139,50.97400069849858,81.0957199865107,419.30840505002897,0.21387427431977782,9,1,6,0,Amsterdam,33.93094295274736,Low
1140,52.01172742310898,103.89506862781202,472.56476488641096,0.36734533891417687,3,6,3,2,Paris,16.276971616074462,Low
1141,42.02436496640008,67.89354120172925,325.1837710668415,0.22412405261739574,7,3,7,0,Barcelona,24.34855001609398,Low
1142,58.75706813311619,78.85177928149598,720.5992985978434,0.11993874964578173,4,9,3,0,Amsterdam,13.326507936392673,Low
1143,43.499444129674735,79.585789754437,301.2077942071338,0.4327481637403855,5,7,7,0,Berlin,16.87731487630628,Low
1144,46.255764534715425,97.0831127879023,701.9155135793721,0.22413200285382523,3,2,8,0,Amsterdam,19.11804938895288,Low
1145,43.2692817571613,94.76860838775815,677.7744547159011,0.12524208994347139,2,3,5,4,Paris,13.733205426583105,Low
1146,45.155790475814676,74.49715671862928,634.7453824533553,0.1299152658011461,8,8,5,1,Amsterdam,18.845889800755867,Low
1147,34.037249131047986,81.59122653741294,395.9350088754874,0.20070351951550147,7,1,4,1,Berlin,24.71820993446941,Low
1148,30.599491174057057,70.70552471191279,551.3676318765353,0.1712063788886105,7,5,3,2,Berlin,17.391911141103222,Low
1149,60.94505063224972,43.059689827013884,308.3943299674073,0.40972004711206034,8,1,8,4,Amsterdam,36.880715660795516,Low
1150,36.53038651681672,86.44002143495324,636.6360552550624,0.2286736186668138,1,9,6,4,Berlin,1.7458521417131543,Low
1151,35.08607650543693,127.3047940208267,488.9022827695597,0.421878314015933,8,7,6,1,Amsterdam,20.24460609179041,Low
1152,23.466098863962852,57.90702148272343,438.6019678119972,0.1695383991292611,5,5,2,2,Paris,11.235213650481466,Low
1153,38.610382523104974,60.674257259932425,316.43827300155965,0.2971516718176335,8,6,4,4,Paris,21.55463147510783,Low
1154,31.76910206592502,58.231805708906464,200.0,0.3752148534212515,9,3,5,2,Paris,26.782879153990024,Low
1155,61.42015160136369,98.11479446807806,344.21887144463665,0.360796341546342,2,3,5,1,Barcelona,21.534008895872528,Low
1156,55.09817089342634,91.212136354911,666.919729341936,0.3404517639721075,3,7,3,0,Amsterdam,15.433968907748977,Low
1157,38.118496548222765,76.03655768958858,439.5749857287794,0.469928640772468,6,7,5,4,Paris,17.63483537219151,Low
1158,67.52435805344308,57.04952345902588,474.6006714327429,0.19141005908269776,9,7,5,2,Amsterdam,29.6714080068599,Low
1159,54.81765486991594,82.3094197909981,598.3331537432679,0.2974876817848422,8,2,2,0,Berlin,32.4201732788232,Low
1160,41.75168616491378,40.88444681660489,770.8503317174398,0.4535970200289635,6,2,5,1,Paris,26.06147604976377,Low
1161,20.00594285126427,83.58566417143733,698.7506982418458,0.13115750623806283,5,5,3,3,Barcelona,9.81335791775991,Low
1162,67.90942572590743,101.78810965219836,354.1497494275718,0.1223553073012301,3,4,3,4,Paris,21.59638079078453,Low
1163,31.10427533236404,48.720021584158054,208.61441428438906,0.19332091502331658,4,7,5,4,Barcelona,8.764491749942378,Low
1164,28.54601253043108,41.68704307925841,853.9421388650155,0.3532084878152074,7,3,9,2,Berlin,21.595888637281398,Low
1165,55.225704320096405,119.48594729237149,840.348741748918,0.20395185057992277,7,5,2,1,Amsterdam,25.107229801828147,Low
1166,69.39752406339272,64.70600901238538,528.2680394643924,0.1760959535235196,3,2,9,1,Berlin,25.580216754253012,Low
1167,58.84272818510518,108.39869614859555,309.42676316272673,0.2835209261433168,4,1,3,4,Berlin,26.98802771696472,Low
1168,50.639091200523595,76.15005837005421,644.483980084091,0.34543922750776457,3,9,7,4,Berlin,11.146119635234722,Low
1169,50.94754341665286,75.95112957646681,483.8024470981085,0.19942308280669618,2,4,1,2,Berlin,15.278493853062821,Low
1170,53.53415558780308,90.96031748741613,483.0528315340084,0.22027647468949685,6,8,1,2,Berlin,18.26301142323589,Low
1171,52.589285897867654,57.90002858133899,634.1688264657694,0.3454237219246056,7,7,8,3,Amsterdam,22.73102298860635,Low
1172,47.811914239693756,83.31242858739114,550.1562120309948,0.47829536879578105,4,1,9,0,Barcelona,25.626527959865935,Low
1173,46.04201103951876,70.46276462939768,322.1277633477582,0.36989669097523536,5,7,3,2,Berlin,17.011570221607982,Low
1174,44.374068721004775,46.98766391487421,451.2887097377039,0.41316165743382405,8,2,6,0,Paris,30.44383719063967,Low
1175,37.46035411133324,88.43705186815998,599.172939299202,0.24672403790218753,9,3,3,4,Barcelona,27.205346612421845,Low
1176,42.19324923133226,73.4173048280521,576.5378333607528,0.20890174375378645,7,1,6,3,Barcelona,27.246992206937545,Low
1177,28.070431858046145,76.0743792888823,539.3024861537714,0.28170709728104903,1,7,7,3,Paris,2.7382005302243337,Low
1178,44.0166037320525,49.74597641464605,640.0134431713797,0.4228531314846695,3,3,5,3,Paris,18.933512434462447,Low
1179,35.11408892849083,119.78500919407011,445.7424518274103,0.2825198567162224,5,6,3,1,Paris,14.359425245709472,Low
1180,33.964106827842286,101.9178546596529,526.8004662828608,0.4386901635159445,3,7,8,4,Paris,10.076133683512131,Low
1181,46.798941511534785,104.10389710429946,200.0,0.4955087922780509,1,3,5,1,Paris,16.494770376240943,Low
1182,58.92002286344599,72.36388243895794,432.5524709235779,0.12881066629213456,2,2,1,1,Berlin,19.964113521955145,Low
1183,54.183166060023126,36.77042776241449,614.5854362863466,0.11816406243348149,8,9,9,3,Barcelona,19.93659044234175,Low
1184,29.294993963768228,128.82293456223778,441.44082993242864,0.15983588116534475,7,9,3,1,Paris,10.886857000783916,Low
1185,35.10371863429663,78.4725622998533,430.06589124243317,0.25374787029373846,3,7,2,4,Paris,8.568594293226372,Low
1186,54.40771187988216,61.28000509949865,343.7820572337772,0.15241688365817296,4,5,3,4,Amsterdam,18.346482400546375,Low
1187,35.175126064616904,90.42003936207784,650.5048839093719,0.4482657910475024,3,4,7,1,Barcelona,15.035195729860096,Low
1188,42.753668500029754,109.17801970008244,582.2694910310856,0.10925850041082552,4,4,8,4,Barcelona,15.918685554117179,Low
1189,50.50052099024552,79.42373609786334,623.8121896734627,0.22631708653432903,8,1,2,0,Berlin,31.913327162416948,Low
1190,35.31655545136365,111.96437919848435,241.06790570631654,0.17387785179768214,9,4,7,1,Barcelona,24.333745153385916,Low
1191,46.0537550614596,107.07499846292171,475.9324935101549,0.472615732063013,7,7,5,3,Paris,22.042283839068006,Low
1192,31.659745050817953,53.09047031494854,457.9833488374991,0.36779240195601115,9,5,9,3,Amsterdam,23.6758475348055,Low
1193,38.98632356048786,63.155247358513094,457.91424401021715,0.46481210258054984,9,9,7,4,Barcelona,20.844018093951856,Low
1194,48.19781934142537,103.93842908199419,407.5958684423066,0.4889314841241573,7,4,1,4,Amsterdam,27.348660643669184,Low
1195,29.070062664683306,20.0,448.0843592329977,0.29883929747094773,7,3,1,3,Paris,21.209411774114468,Low
1196,49.40474737960399,76.26360767087527,627.4467174059978,0.19372764321921052,8,6,6,0,Amsterdam,23.7587006460733,Low
1197,44.803622010733186,44.22921995938321,213.07229699782562,0.17749151447863573,3,4,9,3,Barcelona,15.216001748006315,Low
1198,50.524899544171475,68.08615496416188,766.5942152045681,0.18916754467433622,8,2,1,1,Barcelona,30.049145309994806,Low
1199,47.23914134064661,72.5294977742699,572.5761687539692,0.3834373230488012,1,5,3,3,Berlin,12.506115632681997,Low
1200,58.64140429973844,71.0438905523123,493.6502156509681,0.1161782912492003,6,4,5,2,Paris,24.754204202413536,Low
1201,46.25224502647907,66.19346869718478,636.025121955939,0.12054442921308595,2,5,4,0,Berlin,11.581117800074583,Low
1202,40.70594458874747,52.57140875927965,282.22478822473477,0.34325717695326,7,9,1,0,Berlin,16.14435514615684,Low
1203,46.222975030322836,137.29778167046715,400.2948642273479,0.35682285869496266,3,4,4,3,Paris,17.435121096046476,Low
1204,50.43298029036388,126.68655010403377,481.83868514141693,0.366105169728984,5,6,4,2,Barcelona,19.790945784399003,Low
1205,45.48860070325704,50.94835449359292,704.8340555648266,0.2487522018354365,2,4,4,1,Amsterdam,14.134102229331479,Low
1206,45.405916912038826,119.55291878258919,493.02551283101633,0.42237795548566126,1,1,3,3,Berlin,18.34555462846826,Low
1207,37.980083121932445,70.01336273817867,567.5082006777719,0.31344983509064706,5,2,7,1,Barcelona,21.528523287486202,Low
1208,38.37099082449052,83.22968683329276,411.5631506095808,0.14218625200376778,9,6,1,2,Barcelona,21.933159767384833,Low
1209,30.973947282003067,78.4181510025771,573.0263103451236,0.41883972282693815,9,8,2,3,Berlin,19.4805814128703,Low
1210,62.495767431869396,63.506283968650855,751.5859389461685,0.48122711450818334,7,9,1,3,Berlin,24.061001374642654,Low
1211,32.56136764608715,104.59630859015367,649.3290037511172,0.12401452520094347,9,4,4,1,Berlin,23.008555545835577,Low
1212,38.07094802204092,83.14716326441645,487.78160183331806,0.256540535480232,4,6,5,3,Barcelona,12.986689761414596,Low
1213,37.81592734430802,68.08621441951897,601.3236270898204,0.29500641793389903,3,3,5,2,Paris,15.794842382631398,Low
1214,53.949243769444415,47.385263904988186,586.6275431910817,0.1585883040313268,4,9,2,3,Paris,12.270656171146593,Low
1215,42.05050321707972,57.66012465702199,575.9881507545914,0.4470835791131509,7,8,3,4,Berlin,19.085986756255426,Low
1216,57.477420726737336,38.96549710994758,666.7930041290613,0.2136598579560176,8,1,4,2,Amsterdam,33.87982479758138,Low
1217,38.26509375756132,80.30558871037924,665.67165557562,0.4132034159752641,2,2,6,0,Barcelona,16.611562287021037,Low
1218,47.78994162223802,50.083360192890105,480.92621046876735,0.36839779281132645,5,9,6,1,Amsterdam,14.520960414784668,Low
1219,36.64652946740243,73.36098718703647,596.2818592216654,0.33921832898680937,5,3,2,2,Berlin,19.88614213008882,Low
1220,66.45149127773388,114.25254634025927,442.5357618260309,0.17685713947862178,9,3,2,0,Barcelona,35.20401877810639,Low
1221,33.12401580970487,109.98248932303964,361.53914055266335,0.1882814082203623,3,9,9,0,Paris,4.320018825115085,Low
1222,48.09820710227027,79.19307764743455,459.575936644402,0.11893936189862774,6,3,2,2,Paris,23.118855749667357,Low
1223,51.337768809320984,77.82288184642125,488.5582772390626,0.19628497191290656,5,5,2,0,Amsterdam,19.86418036192536,Low
1224,49.137990974514985,126.99686373552521,250.7628516233012,0.23817744378420566,2,6,3,0,Berlin,12.123171730196551,Low
1225,43.147123411222914,93.01890300896778,629.049883912508,0.4332581215449701,2,3,9,4,Amsterdam,16.776718238816574,Low
1226,43.70179300266574,71.80483850308693,200.0,0.24655706668592214,4,8,6,3,Berlin,11.576108567658942,Low
1227,45.438114719791095,44.3495470719887,907.2225409229482,0.4018487131062426,4,2,6,4,Paris,22.649921546999753,Low
1228,43.529979983715116,89.84683045411859,725.2818700694478,0.275776912518195,7,6,5,3,Barcelona,20.816763120296486,Low
1229,54.638791167949094,100.73309431457156,460.84869137415296,0.41394732479755536,1,2,7,0,Paris,19.53111059836028,Low
1230,67.10523001591352,64.2087118871589,501.413954084566,0.490508640174816,6,9,4,3,Amsterdam,23.53665540652221,Low
1231,39.425082149921664,87.2800688784508,545.4457810380925,0.19593662322303207,9,6,3,4,Barcelona,22.78689087720682,Low
1232,31.301970204209223,70.91066762712427,411.6259418016587,0.4449366447855505,2,9,7,1,Berlin,4.339957509118271,Low
1233,44.117179516487454,75.39919002002493,528.8928721380405,0.3487296345223099,5,4,1,1,Paris,20.722450200169334,Low
1234,70.0,20.0,478.4000033447508,0.42691770463546197,4,3,6,3,Berlin,28.76917704635462,Low
1235,36.963254320302696,74.45546490709661,485.8590924153551,0.3606343609071221,4,2,2,1,Paris,19.695319905162027,Low
1236,61.391168054440676,104.23423256020135,527.2191595220958,0.2695798029096601,8,8,2,2,Berlin,25.1131484454288,Low
1237,61.77700814076441,64.21493611083605,302.97083024690085,0.19122997577671616,6,4,8,1,Paris,26.445402199996483,Low
1238,39.46411758292005,81.3131592053829,505.9354586200472,0.128014090132466,7,2,3,3,Paris,24.119376176200678,Low
1239,50.689830791852756,61.10123233270199,524.5171619926216,0.3142073457842868,9,9,9,0,Berlin,22.849022695398695,Low
1240,61.283966231285376,89.01104190731932,519.3274432033871,0.4961304378107463,3,8,4,4,Paris,17.346494247493077,Low
1241,41.20872259012513,74.58692006159566,467.6253866845768,0.3952167220056825,2,5,6,1,Paris,12.814783997094363,Low
1242,42.964196398976384,56.518961482949834,670.6786663954058,0.23093821655960667,3,8,1,3,Paris,9.19864108528898,Low
1243,39.18319086051356,113.3137866916282,446.95211676776734,0.43088192003469417,8,5,3,4,Amsterdam,24.56377645850101,Low
1244,34.852432693071336,103.22330033830538,534.0988860234786,0.40759360007056267,9,7,4,2,Paris,22.031665808627025,Low
1245,38.50722454933993,64.87733090179563,694.5946300888319,0.21265431734138274,5,5,5,0,Berlin,16.17871053821581,Low
1246,32.760597332377436,92.44470773544444,488.09357899695317,0.10572299591769388,8,5,1,4,Berlin,19.385409158890173,Low
1247,45.34083468259226,93.43530007050951,532.1694901201327,0.14726505541357984,7,4,4,4,Amsterdam,23.074900958913474,Low
1248,37.30026768941358,96.0575308752794,485.5423045527654,0.45092247612482306,9,5,5,3,Paris,26.199305068072302,Low
1249,47.33785911790748,37.64360260012305,685.6054690345399,0.43462521412194877,4,7,4,2,Amsterdam,16.04760987659173,Low
1250,29.44104353796373,105.1651635258157,461.34131576205573,0.218083600351345,3,3,7,1,Amsterdam,12.513149064902569,Low
1251,48.30880232214457,65.75752592685672,692.5031865932308,0.21407817051376818,9,4,8,2,Paris,28.63342240178105,Low
1252,53.33528961608925,71.05430166396833,484.4618158029403,0.41714599484098847,8,8,8,0,Berlin,24.172046833236656,Low
1253,25.062643574285445,145.947043806505,371.08104148279745,0.47509498795816885,7,6,3,1,Paris,17.269742951867322,Low
1254,48.74056569847572,87.54683451802529,601.9059755861182,0.41165490271904004,1,8,5,2,Amsterdam,8.738718736733118,Low
1255,57.27668992473292,70.34193811382062,454.2998249366516,0.34223147081230465,2,2,8,0,Barcelona,21.605321685542922,Low
1256,32.90358981308795,24.86764068110235,593.0751348648744,0.19706854013272182,9,9,7,4,Amsterdam,16.3417623452536,Low
1257,61.72572386837703,114.74410334865888,200.0,0.3102991656381043,5,7,9,4,Berlin,21.12070881689415,Low
1258,49.190190093660455,46.369758229784935,500.78078928424196,0.19340474343730585,1,5,7,4,Paris,11.191104462471193,Low
1259,37.949881442415915,54.91402741251241,431.05920518637794,0.4232045680387094,9,7,2,4,Barcelona,23.117010113111867,Low
1260,44.44230922342294,71.71619252280377,340.51119702030826,0.2547844318070949,1,2,4,1,Amsterdam,14.88053708509783,Low
1261,50.58326912521722,115.41029479250732,417.0138497240301,0.4334788867976105,8,4,8,4,Amsterdam,29.50976960554127,Low
1262,45.760053914124114,99.33099966664398,413.9445283561023,0.25264368719309016,5,7,9,1,Amsterdam,15.754453046168134,Low
1263,50.387559924463694,76.05406225399351,492.80213077241285,0.4296597620799566,6,2,7,1,Paris,28.412865598138673,Low
1264,35.79326406920634,87.70730159097053,294.90103080725663,0.2333271260660968,1,8,5,2,Paris,3.0712504814228683,Low
1265,46.69360824036078,64.99035767822235,547.441067038957,0.27605308184706795,2,5,1,4,Amsterdam,13.268613290578914,Low
1266,30.8628550309502,83.49134223913377,704.9322177808682,0.34619536773706305,7,5,9,3,Paris,19.22081018665569,Low
1267,43.887739386513,81.83341861945341,542.139274542174,0.1281150456119675,2,8,6,4,Barcelona,6.447472272073575,Low
1268,35.960923585352106,104.21924739203384,621.3482913843513,0.4792828247261858,5,1,2,3,Barcelona,24.081105322867487,Low
1269,37.64470057410233,104.17945306097374,664.1843681920693,0.3294423144495213,9,6,2,4,Berlin,23.587833316725913,Low
1270,57.36093175210438,92.34943455514112,685.4734268276266,0.30312800587632094,5,2,1,1,Paris,27.23955958439452,Low
1271,55.91310120594269,70.94131106134745,780.5208039231958,0.43575758844796486,3,1,4,4,Paris,25.631506246262454,Low
1272,51.09138120907177,98.54555735975316,425.11970025861046,0.446305091958731,6,7,2,4,Amsterdam,21.29046528230884,Low
1273,34.07687235327421,77.70078834492384,392.2274022258325,0.3089041618116064,7,4,9,4,Barcelona,21.312103324098324,Low
1274,41.83591550305198,52.952140782171675,617.5198472487102,0.47090493031745495,8,1,2,4,Paris,31.75982395409014,Low
1275,57.130976999791834,69.91780520222653,606.23993294861,0.12589510643059226,3,6,9,2,Paris,15.398244164243472,Low
1276,46.417169136399046,82.11317459460811,616.3512949423534,0.14529031690048702,4,6,1,2,Paris,14.378053909924581,Low
1277,68.19329539981695,102.75539459161863,783.3923681375378,0.3387152920057761,4,3,7,1,Amsterdam,27.345141540002846,Low
1278,48.93317839394372,75.41179569607118,501.70548631977414,0.2416263447174335,2,6,6,1,Barcelona,12.09621696535745,Low
1279,46.92049116490031,49.77003221900985,563.9234839469277,0.2856900664756795,7,9,6,3,Paris,17.433048014226884,Low
1280,41.908835357974986,81.41854208242049,352.9417622774788,0.23123168715886663,4,6,2,1,Paris,13.884967478981164,Low
1281,46.33540904782282,82.8364010014138,820.2981685963937,0.2618901245779742,4,1,1,2,Amsterdam,23.019523960126588,Low
1282,43.47530163619456,84.64594072256882,449.51826181863333,0.42905853885851986,8,6,8,1,Berlin,24.333175879443566,Low
1283,52.0810867668859,102.99678789886076,453.7676107758755,0.3373904799417219,6,8,8,3,Amsterdam,18.99823082948299,Low
1284,54.56702316794584,105.47308100224745,447.9875163487636,0.49893781971339934,6,7,2,3,Paris,22.859485147517745,Low
1285,37.140105394920504,65.14472819045834,403.2656212033493,0.4147516791283852,9,8,4,2,Barcelona,21.289548409760005,Low
1286,31.68767046442222,64.59641354877641,390.5844426728526,0.20946650164073066,4,8,4,1,Barcelona,7.600966155733973,Low
1287,26.637946268967035,53.99503222611317,421.4443575665712,0.2057380470906785,9,9,2,3,Paris,14.548764351596894,Low
1288,50.079913269125434,97.47039175701191,295.1306107923583,0.23435930804680286,1,3,9,1,Berlin,14.867567061205659,Low
1289,33.966333938261265,116.2205027084429,382.20231196051424,0.4373037922590971,9,7,4,1,Amsterdam,22.06293810406935,Low
1290,23.47109407047517,72.12295180227692,792.344466717143,0.11091506026022624,1,6,4,2,Paris,1.1504788237448138,Low
1291,48.885786045309644,73.96423588187517,610.3482715462053,0.1920725115485031,7,2,4,2,Paris,27.586460929077923,Low
1292,69.9299951743279,116.6695639224744,638.8856265091576,0.4619673681377068,6,5,5,1,Paris,30.09867223367543,Low
1293,44.939290884601064,92.63894633037519,676.5813181125372,0.3559585744333008,7,3,8,4,Amsterdam,26.541373009713325,Low
1294,53.38490774451642,90.90589262002638,775.1201846543586,0.1907388382004226,9,5,4,4,Barcelona,28.422860705359152,Low
1295,45.81829358547565,50.22708735065683,234.28661728342342,0.18765798729303215,4,9,3,0,Amsterdam,10.122067948573019,Low
1296,44.01110346808857,96.96820173198547,315.5175327070189,0.4450472407037722,9,8,1,0,Paris,23.65380344746429,Low
1297,54.190764829877686,56.771591487256046,379.4414508657972,0.4575030033108186,3,9,2,0,Barcelona,13.33225948207149,Low
1298,42.097254558113484,51.649495351626044,429.54053052656036,0.2024524363848461,9,9,4,2,Berlin,19.153700731282505,Low
1299,47.673923140719026,71.3307105808322,454.91459141221264,0.2682041432306129,1,8,9,1,Paris,6.984218374521839,Low
1300,48.216978061960134,65.35518191378274,432.9533670790939,0.4338382954513269,5,8,1,3,Barcelona,16.80347637310131,Low
1301,38.31909546356951,74.46000764037402,532.8963369698081,0.4084029754439542,5,6,6,1,Barcelona,16.579758393510396,Low
1302,54.92042349536523,43.975459136877035,505.2943086117824,0.42556644262643384,1,6,6,1,Barcelona,13.731791474873905,Low
1303,43.25040243304591,103.97040766169181,391.57478072326256,0.30735927631518756,1,6,3,0,Paris,9.04871349306565,Low
1304,37.442548405071555,108.19215736291072,200.0,0.4646196193220693,3,6,9,1,Berlin,12.87896071474216,Low
1305,50.365098435704034,31.31643814647964,351.06969419319523,0.2303806175817741,9,9,3,0,Barcelona,21.913335706528954,Low
1306,36.015320182089624,104.46144514166376,417.6142020031137,0.16266885373900722,7,1,1,1,Paris,24.931284592016958,Low
1307,45.281811573691286,59.73678425445934,462.9380844788421,0.3834929330259459,6,6,2,3,Barcelona,20.419472802366844,Low
1308,44.90881003355796,101.42438842456966,330.54988110341947,0.31574176640275853,9,8,4,4,Amsterdam,22.63006067409497,Low
1309,55.85895565831578,78.28883768333961,426.37903002553696,0.4418343075237924,4,1,4,4,Barcelona,27.676029772732658,Low
1310,49.746982328799525,80.71938910202496,330.35189172716207,0.132463699649886,4,6,2,2,Paris,15.248731695138716,Low
1311,44.74973041254856,75.37255876446953,481.12709726775006,0.43747696137522674,3,9,6,3,Barcelona,10.299688737516835,Low
1312,53.17766299200287,110.30323010583714,339.0363007456077,0.2173178612835289,5,6,6,1,Barcelona,19.12647751043615,Low
1313,58.90207549017313,49.01029968687429,372.6643015444303,0.36194226686727327,5,2,3,3,Amsterdam,28.290045315724672,Low
1314,50.578103063518626,95.19600846837521,303.69738035162914,0.11605151563130232,7,1,1,1,Amsterdam,28.83394607536861,Low
1315,45.103526198433805,107.53325412223876,476.9748956645324,0.34383251852144026,7,4,9,3,Paris,24.969383044744546,Low
1316,31.881637676498404,97.90850201351026,370.03283450714025,0.38690867567493437,6,6,4,3,Berlin,16.433578059698863,Low
1317,34.348863369246274,138.11747285808545,636.0176400013144,0.24750008580224814,4,9,9,4,Berlin,7.279659868796363,Low
1318,41.94775295645332,66.77633093188253,560.8775400039349,0.1861642821048561,7,5,5,3,Berlin,20.94596870798456,Low
1319,38.90487797840717,103.93262056483829,489.5222197724535,0.31505227064141805,2,7,7,2,Berlin,8.321986099936332,Low
1320,43.13028697014554,77.3477341164645,380.37717539843175,0.4332763217742587,9,6,3,1,Paris,26.27184930878625,Low
1321,45.56649924897107,110.83515190881674,557.0780457974454,0.22941894331866033,7,6,3,0,Paris,20.96413920787792,Low
1322,50.29692754356731,79.80777510696576,603.6051334022956,0.20098771900851184,2,9,8,3,Amsterdam,7.598955453155311,Low
1323,44.29501221940909,70.30310545343826,521.4032618302446,0.2115741234550751,2,5,1,0,Amsterdam,11.904244900373474,Low
1324,49.86501643826202,112.65180509679072,740.5552783200396,0.47965286116666583,6,2,8,4,Berlin,28.756033543145264,Low
1325,45.6447441481012,67.71095152452675,568.9455977112224,0.2437107663058239,7,8,8,0,Amsterdam,18.130530907488602,Low
1326,25.245334336461287,44.6818560274861,637.0410826352052,0.10144169595531488,9,3,3,2,Paris,22.088017260491537,Low
1327,35.606646061812455,67.07882792065429,520.0348123303967,0.41267248318384786,4,9,1,2,Berlin,9.308718650382216,Low
1328,43.55912444278385,95.47582366471332,601.3496679885465,0.3797099181341561,8,5,9,4,Barcelona,25.364836514176716,Low
1329,32.90305257158892,114.80096878967728,380.48281509962374,0.15142730584118758,2,1,4,2,Barcelona,13.885188829888552,Low
1330,50.99928729996205,82.7782343824128,431.24024551808094,0.49396169965396497,6,4,7,1,Barcelona,26.239403186528264,Low
1331,60.30750832343698,112.95492668085063,552.404533022357,0.3432249141220445,4,9,9,2,Amsterdam,16.02450163825154,Low
1332,57.18761851697317,46.04562696306016,551.3149222336073,0.3003117963762406,8,1,3,3,Berlin,34.659403518854354,Low
1333,42.86557129069792,68.91841337955243,576.1417734414871,0.2528877070491564,9,8,5,2,Barcelona,21.38854845770094,Low
1334,59.90726136849952,72.78562207114747,665.0589338418093,0.45946910222545523,2,8,3,1,Berlin,14.566869432804406,Low
1335,46.486674572021116,77.136014313187,286.2543242276882,0.19758539256742533,7,9,5,4,Paris,16.421856297280588,Low
1336,41.629140288819606,82.10235970625492,353.8321178584556,0.21430756008796076,7,9,2,2,Barcelona,15.131817687525489,Low
1337,38.8659733645906,97.27277393480482,534.435896161138,0.14896432267462678,8,6,4,1,Barcelona,20.149435236123445,Low
1338,41.975303135118715,68.87982904573775,391.3454552294809,0.4036476382337041,5,5,2,3,Barcelona,19.129067322872658,Low
1339,41.118231814587716,83.47571717382814,1006.6652361934043,0.33821971216234137,3,7,3,0,Paris,11.21766666599973,Low
1340,46.70416222375488,78.8719277418987,577.3579428755204,0.34362646770179933,1,9,5,0,Berlin,5.947513344144456,Low
1341,46.60573981049865,56.85275240272125,488.25037266047644,0.18738817240778546,4,5,9,4,Barcelona,16.35560366722745,Low
1342,45.03046020153415,77.15833277296412,422.67960903742113,0.36046735565083354,3,3,3,4,Barcelona,18.61381161696858,Low
1343,49.369381697463496,76.40851175257205,427.97565752104333,0.40618337889874556,2,9,6,0,Berlin,9.372648298226505,Low
1344,56.906462747863415,75.87298587492384,504.5210991972766,0.2431554122902757,6,1,4,0,Amsterdam,30.00349294726178,Low
1345,54.495541354413234,80.79398641453626,516.7972898931887,0.4205388575846849,7,1,4,4,Amsterdam,33.05405098217082,Low
1346,30.151020315500965,81.89183851533465,431.4951282959731,0.2395162354128084,7,4,5,0,Barcelona,19.440468448778372,Low
1347,20.0,69.19262052231674,459.02716302201475,0.40325538460371513,8,2,7,2,Barcelona,23.032553846037153,Low
1348,54.34319911239274,111.81786834928161,701.6426862851895,0.1134920429830876,2,7,4,1,Amsterdam,10.937880163548696,Low
1349,31.33121301584579,50.76298426992459,707.6757443976551,0.32046584058946104,6,2,8,4,Amsterdam,21.604022310648347,Low
1350,42.75234598107316,61.97574728825259,537.8050969902315,0.4878106242559547,6,7,9,1,Barcelona,19.203810036881492,Low
1351,33.298869739406406,149.4990906055889,298.81104091448935,0.4924978402729563,1,8,9,3,Berlin,4.914639324551484,Low
1352,26.9801956241998,54.05021612526925,580.7754734958565,0.21270103133669627,2,8,9,3,Amsterdam,2.221069000626903,Low
1353,50.41462728204788,46.15613313225603,733.1423662416539,0.2765596364321422,9,3,2,2,Barcelona,31.389984548935782,Low
1354,52.59155160302647,98.36191862503044,705.4671652943568,0.12519116319465323,8,9,3,3,Paris,19.52937711285447,Low
1355,39.2348959927328,28.07200365565315,610.1638779214501,0.4493365230418399,4,6,5,4,Berlin,15.263834028238236,Low
1356,20.0,74.11815225068902,713.3634432928733,0.32742886125608567,6,4,1,2,Barcelona,15.274288612560856,Low
1357,39.53755551747517,133.6456231269122,508.00764087185325,0.2540402715762068,2,8,4,2,Paris,6.401669371004618,Low
1358,48.91804005402547,41.37660194616499,594.2154454750557,0.14510822339566123,5,4,5,4,Amsterdam,20.12649425016425,Low
1359,30.210884312258713,30.45088785653217,397.883665051223,0.47870691419875566,2,4,9,0,Paris,11.85033443566517,Low
1360,46.83359919779156,42.52046995105754,543.8398184233569,0.3120876191283975,5,8,8,1,Paris,15.170955950621439,Low
1361,44.846901508270044,102.45898920867464,699.4301365955787,0.21317117163316157,7,4,1,4,Paris,23.585782168812628,Low
1362,50.792914996010886,108.11941799964532,411.58648827696635,0.2400860520526038,7,1,3,0,Amsterdam,30.138735019329303,Low
1363,46.19580368414153,67.18528007553728,370.783485580357,0.20827887236885909,9,6,3,0,Paris,24.94152982893105,Low
1364,35.26931059118444,97.08031010002672,514.6233408535545,0.34072392354279224,3,8,6,3,Amsterdam,7.988032412783254,Low
1365,56.965715016644914,114.75638318779974,466.0006694414001,0.47198543031220397,4,3,4,2,Barcelona,25.309568808115515,Low
1366,43.4147042697303,124.68366036074563,597.372158160563,0.44267752133062577,9,2,4,2,Paris,32.45118649422535,Low
1367,44.72695460490068,73.84161797050379,432.0110711079436,0.284152350170391,8,6,1,3,Berlin,23.259609883174114,Low
1368,35.667320409268044,22.463207058250333,757.765942340407,0.4305997449204032,7,1,4,3,Barcelona,27.506193571984443,Low
1369,40.567177488084894,59.47802693975783,306.54858530584164,0.26924219251053194,8,5,1,2,Amsterdam,23.362575171530786,Low
1370,36.15197285973099,69.32989512661857,688.0602179329602,0.20092285630345522,9,6,5,4,Barcelona,21.854820420953846,Low
1371,43.27053940076577,73.52653008554023,385.2726157537845,0.4933660461065712,4,8,3,4,Paris,13.914822281295441,Low
1372,62.11708480142343,75.30351497478202,230.6025898123965,0.22155502718832876,5,7,5,4,Amsterdam,20.350675712310316,Low
1373,31.280988570686436,107.97236494826673,535.6812734523301,0.22948969239476336,9,6,3,4,Paris,20.679193495153562,Low
1374,28.86438602123259,111.86071066718954,461.80880209791746,0.49587714711460895,7,2,5,3,Barcelona,24.618087277515865,Low
1375,59.711703274936085,75.70815865188041,333.55859481454536,0.15357099726626197,4,8,4,1,Berlin,15.449220955143446,Low
1376,42.90676322848134,107.46212190129546,247.7934662427104,0.404213595203878,6,8,9,1,Barcelona,16.91416492058318,Low
1377,38.309272613400836,88.94153416577723,498.7458819092815,0.47432510339309064,1,5,6,2,Barcelona,10.736032817951157,Low
1378,55.39904687396076,81.61264932156429,646.3755337435726,0.3047179977101675,1,3,2,1,Paris,17.166894039289904,Low
1379,38.94384460263136,102.6636039277491,587.7430239629666,0.10100870468112802,9,8,1,4,Berlin,18.693240427600685,Low
1380,63.260097135469366,81.80630120594789,508.50599732588984,0.2500235776452425,8,5,1,3,Paris,29.978264917093238,Low
1381,51.77925871339269,131.44527942744406,571.8271359826603,0.14462759695393085,1,3,1,4,Paris,14.480053583557115,Low
1382,40.120885918542974,44.03972083013602,495.91788014332144,0.26647506437347834,2,9,9,0,Paris,5.201016419297676,Low
1383,66.57308213265503,67.12072752269955,285.5413635454443,0.4160107046569139,4,9,5,3,Amsterdam,18.63203168636565,Low
1384,38.94285076996662,76.83702757615124,286.8659022164835,0.2754846195535202,1,7,4,0,Paris,5.937701426525186,Low
1385,52.42095372009307,90.98631726144977,469.5247206522982,0.27277004853836906,2,8,5,0,Berlin,10.453986601411613,Low
1386,47.99292580406492,111.69901217757723,475.90200704508885,0.32271579076753865,5,5,9,2,Paris,20.125035648894862,Low
1387,58.01741289398798,79.39003581909608,627.6474017760148,0.3326762338990721,8,5,3,0,Paris,29.231986207187116,Low
1388,60.615111967268525,44.444258762344816,613.5956335662121,0.44251852351958854,6,5,3,1,Berlin,27.10971882537644,Low
1389,45.320041490657665,101.0628474113751,590.7699523638424,0.2233421756915806,6,2,2,1,Barcelona,24.829434204113106,Low
1390,37.46582129653817,98.87396915354911,457.9575930384229,0.4286685057472064,4,3,8,0,Paris,19.026431446433513,Low
1391,49.59972142939117,31.45353351551485,292.90217448347903,0.32637349947681893,2,8,7,2,Barcelona,10.143651423585538,Low
1392,38.22284630247894,79.90489665823002,561.8106705599035,0.22021181988685878,3,6,2,0,Paris,10.66897208961227,Low
1393,65.13387247526623,40.246454232992555,578.7753969893253,0.21805041760243085,6,9,4,3,Paris,20.220665918604176,Low
1394,46.36535331082737,63.38372256244844,200.0,0.24445500684228982,6,7,7,3,Amsterdam,17.854156061671112,Low
1395,41.34678448687891,57.429776825930006,374.8492720126006,0.3490772970479902,5,6,1,3,Berlin,16.894808316543575,Low
1396,46.84680305864909,100.23161745604965,396.3418433909156,0.19232469254397966,6,4,1,3,Berlin,21.977287843034524,Low
1397,31.528737104703033,82.92075435430459,517.7525301685155,0.46813342466890695,6,7,8,0,Barcelona,15.639955378099977,Low
1398,35.28385961489349,47.86022498109931,379.4959350851459,0.32996503367116015,1,4,6,4,Amsterdam,9.884808221179647,Low
1399,57.00413907944426,102.00164907393355,494.27981467630394,0.4680063107984027,6,7,2,4,Paris,23.2813048318173,Low
1400,38.43105721028604,44.15485440178964,468.4197589470512,0.11856174343166188,5,5,1,3,Amsterdam,15.214934597402433,Low
1401,34.5308901731806,88.25284476177359,476.1275792693408,0.23704454818458937,8,2,3,2,Berlin,25.729712533800075,Low
1402,50.36652752527286,59.649733267711106,392.5408559448881,0.10912306427504924,9,7,4,2,Paris,23.70118890033235,Low
1403,56.85704154662997,70.858072936737,404.1522418899984,0.20890072603918794,6,8,5,0,Paris,19.146119724380867,Low
1404,52.18953310665067,92.6067687009596,337.9599410328961,0.4448025889074353,4,2,3,4,Barcelona,25.10488582106955,Low
1405,54.960476858058165,93.03623497648823,557.0101160860748,0.11464388633688034,3,6,5,0,Amsterdam,14.634581920786253,Low
1406,37.43204911430539,113.42422683889902,585.6653942887052,0.27445883996629794,1,4,7,1,Paris,9.974203133954596,Low
1407,30.78189333258156,77.94365750821368,384.40730748119915,0.14702682818929114,7,5,9,3,Berlin,17.20483628166738,Low
1408,60.01333651955487,87.66127157408351,728.0960144025566,0.2667362637041471,5,1,5,1,Barcelona,29.17136359290793,Low
1409,41.77320161157864,69.05656693989188,452.80978288369266,0.4355406337057509,4,6,4,1,Berlin,15.8873668205311,Low
1410,42.49166983544953,84.54974706556995,729.527843569484,0.34922841336100763,9,8,9,2,Barcelona,22.239785084244936,Low
1411,58.281941418490575,90.9871512002128,403.6809239252595,0.3947025381325693,7,2,8,4,Amsterdam,32.43160780687286,Low
1412,50.5623000940066,77.5422538136406,200.0,0.2396416461798324,8,1,5,3,Barcelona,32.0651064900003,Low
1413,49.55887772081608,34.906237897687596,560.3296737368527,0.4777590780040566,4,9,9,0,Amsterdam,14.145254096285388,Low
1414,66.65002344901083,88.28677240827238,537.2817657678481,0.38370483751180007,8,2,9,3,Amsterdam,36.83205540982125,Low
1415,38.564817696198574,89.11403693388642,505.1590692961375,0.26871952771381236,4,8,1,0,Paris,10.256640585997694,Low
1416,54.278401280812375,62.995663091301225,403.6651282334016,0.27058592009082194,1,5,6,0,Amsterdam,13.48937958515193,Low
1417,45.570131248970846,47.89032409818714,494.81416617712716,0.4674736711773191,8,2,5,4,Barcelona,31.345776086464447,Low
1418,47.68592278863257,116.89697876259913,423.3110813195709,0.33056187737415677,1,5,6,1,Barcelona,12.11139561033134,Low
1419,60.28468426412532,92.28613777236005,454.6475650502374,0.38255168396121675,3,9,3,0,Paris,14.410922118849761,Low
1420,50.07835756289624,74.27297422695726,626.2448383647612,0.26681408980526833,7,6,3,4,Barcelona,22.691648166921553,Low
1421,50.38296079049633,51.57417792131281,527.632584429514,0.18947710590588565,3,3,5,1,Amsterdam,18.509659296207754,Low
1422,55.72507337309802,59.454629289466354,591.4927080997966,0.38942371679776744,8,8,7,1,Barcelona,24.61175917990708,Low
1423,41.350472704571146,112.56475991965578,465.2197240061315,0.34312950885655513,5,1,4,3,Berlin,24.336436899936896,Low
1424,36.607903326609936,83.44154852170115,448.6973981292837,0.3005371521699117,3,9,6,3,Berlin,6.4877425196821,Low
1425,34.55190805978967,66.23532332498233,326.9776203667035,0.34960837599778555,5,9,5,3,Paris,10.361656177914755,Low
1426,25.33643410623998,92.74223078061641,444.49450811477044,0.18331423442569347,5,4,2,2,Amsterdam,13.434072576128926,Low
1427,65.56207129940321,59.64004531384191,200.0,0.41757548261278254,8,8,1,1,Barcelona,27.844376215948788,Low
1428,33.96791634278317,117.52107575700946,411.4667050541548,0.4792651220081223,9,3,6,2,Paris,28.483026122916172,Low
1429,42.78746376414228,113.82001337241813,487.71887342137416,0.4564412576670811,6,6,5,3,Paris,20.400651705913496,Low
1430,42.23186700111079,68.33564821993059,584.5510481405234,0.22857429812280686,3,8,9,4,Amsterdam,8.955303081561304,Low
1431,48.07406697809101,64.28324382422849,459.6983183712565,0.2624023093128304,2,9,7,3,Paris,7.546243186555606,Low
1432,53.15737212539297,20.0,552.15103133675,0.42336091991902447,3,8,1,0,Berlin,14.180820836808135,Low
1433,53.60473488359745,42.9604807112158,200.0,0.33804685232984155,9,9,6,4,Paris,23.96188898837765,Low
1434,39.16922561431062,46.51325562605609,491.47447216895756,0.31916577747065966,7,4,7,4,Barcelona,22.942425458999786,Low
1435,43.32878286213589,83.37975852468465,248.0745810629895,0.4706567870133781,9,1,3,1,Berlin,34.205202728774545,Low
1436,47.825799504882994,71.84415738896601,318.75447265110006,0.31440998439082035,6,7,9,2,Berlin,18.991839695373102,Low
1437,42.51308873816453,46.36661281461896,471.9251678204209,0.30597547183492396,8,4,2,0,Berlin,25.8136813397986,Low
1438,61.07345576019993,72.97089893838607,691.4395981810331,0.11680743650654386,9,1,1,4,Barcelona,35.990111093125414,Low
1439,49.90974951638251,92.63342869118371,555.6810145205088,0.12776678343605508,3,3,9,2,Amsterdam,17.7505926892753,Low
1440,52.348777860498174,93.19598374788967,502.73464957056757,0.10296812315226007,7,7,7,2,Paris,20.234314589672053,Low
1441,51.628812686674124,32.50824297852797,497.07044157993465,0.46529769031345347,9,3,1,0,Paris,33.641620709136774,Low
1442,56.73473857485325,76.79341298790423,392.9556660193299,0.2633546640070803,2,1,4,0,Berlin,22.15396821252678,Low
1443,46.81021558703707,45.41648057570974,418.40248799409744,0.287424550453365,7,7,3,3,Berlin,20.417310180644773,Low
1444,32.03168052044153,102.54321742850685,564.1064068206196,0.43815477903698485,5,8,7,3,Paris,11.991051946502308,Low
1445,48.996879517526416,99.60366040883747,292.19592223332586,0.3436985241503112,8,5,5,4,Barcelona,26.636049096761038,Low
1446,38.48643106208171,57.54931934188854,588.9581075424531,0.34380063855623244,4,6,9,4,Berlin,13.983935704186834,Low
1447,39.713833182502434,60.84886993999,441.7239399321721,0.21861377174192498,1,3,3,4,Berlin,11.60028767216998,Low
1448,50.863640187550935,68.46832373754232,623.8335612304348,0.4335633495698077,8,5,6,3,Barcelona,28.094725551963357,Low
1449,57.38283071433636,23.68016513171652,644.1640185848125,0.16633199041579752,6,3,2,4,Amsterdam,26.37816911845888,Low
1450,45.21271576736061,88.39920433601442,249.037398124139,0.12125983686917917,8,2,3,4,Berlin,27.77641309889998,Low
1451,48.088330125989636,73.17888634149674,412.7628855159173,0.17664134300741294,3,7,4,3,Amsterdam,11.69291246787102,Low
1452,62.02214944635238,104.25437706419648,371.67084680890645,0.20709488750982588,8,7,6,3,Barcelona,26.177593709003972,Low
1453,47.407531794885685,52.539769550936185,228.09080523902855,0.2129244231416827,8,8,1,4,Paris,20.351503769882534,Low
1454,70.0,64.5219262937517,345.12000856858845,0.36820543944750705,1,1,6,4,Paris,25.18205439447507,Low
1455,50.65509645631544,42.336868549022114,866.1883767898009,0.1871298349314574,4,2,4,2,Amsterdam,22.067827286209205,Low
1456,27.392372408441823,54.89273591264367,591.426484431866,0.3706633217979939,7,2,8,1,Berlin,22.924344940512487,Low
1457,52.53341621104533,50.450450098294525,787.5931952908632,0.1364528692935199,1,3,9,3,Paris,14.624553556248795,Low
1458,48.81158384882778,104.89934197116114,624.3647660027503,0.15888098443916363,3,7,8,1,Barcelona,11.732284999039972,Low
1459,57.897527540827454,62.54345378121519,388.7235258487287,0.303528579396398,3,7,8,3,Berlin,15.904544056212213,Low
1460,51.73181351269958,83.10439211861534,442.73432049889357,0.46875832103065707,6,7,2,2,Amsterdam,21.707127264116444,Low
1461,43.615440160162265,70.48091490345489,588.265427036046,0.4438270355244456,5,1,2,1,Amsterdam,26.022902403293134,Low
1462,32.757017637106344,48.26336834967968,565.6259305209554,0.48750137697712126,7,2,6,2,Amsterdam,25.702119060903115,Low
1463,42.90976742713975,75.79248942070893,413.3986976437499,0.3601916261112684,3,8,5,0,Amsterdam,10.47484648925461,Low
1464,36.494795457907,94.97758329658987,273.50102441311896,0.3703259465664368,1,9,6,1,Barcelona,3.1516981030364692,Low
1465,39.19476550195277,49.80601518641619,993.1641781083108,0.3500091995725968,3,7,9,1,Paris,10.758521646311799,Low
1466,50.8857840442061,100.22781976828446,478.8275491485791,0.3491275691432789,8,1,7,1,Amsterdam,33.25701090469462,Low
1467,61.69904504351406,58.756976963057596,451.139166022607,0.15884813802703387,5,4,5,0,Paris,24.098194893324557,Low
1468,48.94671529822981,67.92540184817898,517.0001695857952,0.31749558246557147,3,8,7,0,Paris,11.85897041412466,Low
1469,33.04116937964815,93.26707807525119,463.5907116033457,0.2544271733806903,8,5,8,2,Amsterdam,20.95662254770135,Low
1470,49.446026682201406,63.4140960695128,518.4093361558225,0.2770148863109174,6,1,1,0,Berlin,28.103956867769593,Low
1471,56.966314866456514,80.93937148339664,693.0420929174629,0.30944022922369496,3,7,7,3,Amsterdam,15.684296752173903,Low
1472,38.90217095680618,72.1327292802977,481.31772804703644,0.15135846872090064,5,6,4,4,Barcelona,14.184235974250862,Low
1473,43.65982833327082,83.23420016759546,325.5934341008358,0.24379509354084794,1,9,5,1,Berlin,4.035899435389726,Low
1474,45.14688194729197,20.481522361912567,475.75343082820837,0.12537982435064143,6,4,2,2,Amsterdam,20.797862827694004,Low
1475,37.151016869177596,34.25795461979793,430.3397327885134,0.49186725216895966,9,4,5,2,Paris,28.063977582442877,Low
1476,51.48280433843859,95.39917515117095,713.5848405870277,0.14741121152805048,7,8,9,2,Paris,18.91895341681208,Low
1477,43.79051851392219,105.92953514122625,675.6678597106356,0.20340989541798182,8,4,1,2,Berlin,25.171254508356476,Low
1478,49.195324439070276,57.23783241171196,516.1287500646198,0.4565171706813589,6,3,3,1,Barcelona,26.82376903853467,Low
1479,36.125078221978995,73.89929119572164,308.18962177711154,0.29308401849565674,5,7,4,2,Paris,13.268363651550265,Low
1480,40.62541699676589,87.36798132255754,316.1161604840081,0.15425488060825213,6,5,9,1,Barcelona,18.230173905112288,Low
1481,52.22381357827771,97.3304400414676,502.26848923768307,0.2536922152157396,7,9,2,2,Paris,18.70406622564071,Low
1482,41.27166847908233,29.308068208228782,550.4484453981921,0.14634719767655435,9,5,7,2,Berlin,24.34497252049024,Low
1483,62.269638512334055,57.848993825540575,443.80657710109176,0.18008639883380073,8,9,9,4,Amsterdam,22.98175554203823,Low
1484,41.003638143853976,71.68551550375312,427.97456236891486,0.12081193877993801,5,6,4,3,Paris,14.509210830955572,Low
1485,47.24684725751886,97.57850493090123,411.08011502320295,0.27529099781963995,7,6,5,0,Berlin,21.926964155452055,Low
1486,54.325908318730896,142.46076209303737,496.49090596340807,0.42265444869010393,8,6,4,0,Berlin,27.52431698252031,Low
1487,30.816342670669684,74.29985682975705,200.0,0.3343876714799582,1,7,7,0,Amsterdam,4.0887795160004865,Low
1488,27.39191188019224,44.82556344740028,334.8010056845435,0.3425381221938447,8,4,8,3,Amsterdam,21.64295478599612,Low
1489,29.743436854299052,90.05670193003245,405.9423731828974,0.18023361203329613,7,4,8,1,Berlin,18.725367176622676,Low
1490,57.62584103427182,113.02489473851776,681.1254792427881,0.23755753730094661,2,9,3,0,Paris,10.163327683291014,Low
1491,39.481418541075534,82.70035302448753,377.92795371066063,0.43809684153633277,2,7,2,0,Barcelona,9.72539397768599,Low
1492,70.0,57.33378637114268,527.070221274681,0.13514247373060584,6,6,6,0,Barcelona,25.351424737306058,Low
1493,39.357524013426115,103.94984853700048,533.9814126396494,0.4431722614674135,3,1,1,1,Amsterdam,20.73897981870197,Low
1494,46.84551303197037,96.58864046246087,694.6874758491143,0.29347601050591426,1,7,9,3,Paris,8.488414014650255,Low
1495,60.421099525678756,54.34797889510939,689.3866110446226,0.4348589725300469,8,6,7,3,Berlin,29.474919583004095,Low
1496,65.06092888159122,89.53564043835854,491.37455468076257,0.22720256775776015,7,4,8,1,Barcelona,29.790304342054966,Low
1497,65.61503576636397,104.93163919147182,428.6772888215836,0.23553718063320833,4,8,7,4,Barcelona,18.039882536241276,Low
1498,57.083662305931426,109.54725106397234,400.42503457614646,0.4006419473292572,1,7,5,2,Paris,12.631518165071999,Low
1499,55.240625258114626,78.33877561726361,463.84051663013287,0.4139984693568881,2,8,5,1,Berlin,12.712172271003269,Low
1500,50.92526949201183,71.04801384551703,434.89499685146,0.1918578711960587,9,9,7,2,Amsterdam,21.696159559564133,Low
1501,52.78361076166638,110.68184555203158,583.0441114037347,0.48914852992876223,4,1,7,3,Barcelona,27.226568527787535,Low
1502,39.488142836714665,49.74598742547788,563.0464726227806,0.13379604169793158,3,3,2,2,Paris,14.684403267993718,Low
1503,36.81801116577693,90.96448227302514,588.7701786717523,0.12740118524085237,8,2,2,0,Amsterdam,25.319415202141602,Low
1504,44.96625542589048,45.74933431588927,688.8925567154253,0.3382016861144411,4,3,7,2,Paris,20.371893488911557,Low
1505,43.298153774750716,106.63440680649006,779.4303682100265,0.3890963071086486,7,2,5,2,Berlin,27.8804092035117,Low
1506,40.46771950672725,73.54886210972096,518.6995090111335,0.4843544516899896,5,6,2,3,Paris,17.983860368918073,Low
1507,51.963874474567156,111.71458089118673,664.919565709348,0.2619783123195446,5,9,1,4,Amsterdam,14.708945465565591,Low
1508,54.553052085705104,92.28531890888817,447.2509724248677,0.11011656359585326,6,2,9,2,Berlin,26.467081261670064,Low
1509,45.884068862918475,49.419494248451755,677.7510475374523,0.3411585357785628,4,4,8,3,Barcelona,19.17680601666117,Low
1510,59.77530081055262,115.61569330193109,659.2263735763767,0.21587840823950877,2,5,2,0,Amsterdam,16.591374325560874,Low
1511,33.58310885866495,118.78113166069323,651.2623954914487,0.2731788484781609,6,5,2,2,Paris,17.306721142381093,Low
1512,43.06340540720282,102.05716231498039,514.1104761787286,0.2953877928999741,5,1,3,2,Barcelona,24.37289955116059,Low
1513,37.831776793971954,60.96030337409451,399.7462754013667,0.12580504429521355,3,6,4,0,Berlin,9.607583481143724,Low
1514,26.3346338292694,72.34965114106478,290.82073432017853,0.29439271382564114,4,5,9,1,Amsterdam,11.34431728703723,Low
1515,44.17319314157301,83.63568043514398,493.9944188718351,0.2705278667217259,3,6,6,4,Berlin,12.957236609689163,Low
1516,43.78252491616716,62.40724001671417,729.9518813373775,0.38501770611463726,3,4,3,0,Berlin,16.98493453599652,Low
1517,60.13449743242131,122.30866431158012,453.523264795389,0.35826636448493787,4,6,8,0,Paris,20.62301287457577,Low
1518,51.30811684554777,83.60816179315093,617.7689878190082,0.1740862872602244,2,9,6,0,Paris,7.633297926266573,Low
1519,34.758131756707954,20.0,626.5927100778397,0.1824555672841588,4,1,8,1,Paris,18.751995199853972,Low
1520,63.54092566334188,88.48389531890551,457.4470668609241,0.20040247150974932,2,6,2,0,Barcelona,16.066302414100058,Low
1521,57.21033695525353,71.29606507956717,697.4517256279279,0.17158017611887094,8,1,8,1,Barcelona,33.37890284776477,Low
1522,50.82097703468616,78.1268360970388,200.0,0.36288527986738683,5,7,5,4,Paris,18.375145909079716,Low
1523,42.73515901150168,70.78451585535751,316.5874581892738,0.4977720716801083,7,4,4,1,Barcelona,25.798268420251585,Low
1524,35.405607632765204,100.17616041516717,362.6551555462311,0.36084333620637465,4,6,3,4,Amsterdam,13.230115651893307,Low
1525,41.27793223928947,107.99219446383452,377.0427465698915,0.34267261847651653,6,7,9,4,Berlin,17.310105856552006,Low
1526,55.88748619704186,87.07632905646635,550.4394426778844,0.26397117334042897,4,5,7,4,Paris,19.90595759251685,Low
1527,63.84586305934609,71.51722032154602,543.5056704580853,0.2250321035439043,6,9,7,3,Berlin,19.904079953242867,Low
1528,60.43243528272189,78.96656987977074,559.0985858262512,0.46442950276259165,1,8,6,4,Berlin,12.774025612442482,Low
1529,40.11150578213726,80.48999041444071,589.412224119873,0.4876007496568612,6,3,9,1,Berlin,24.409459231209787,Low
1530,33.80382566710989,59.939249003379075,357.48431462815256,0.2987104702350911,6,1,3,3,Amsterdam,23.62825240248388,Low
1531,46.40886246911204,94.47321621428087,317.2735899789021,0.216080198202623,2,8,1,0,Amsterdam,8.08346072275984,Low
1532,27.315606344371485,91.50105809651166,559.4479523011794,0.4080488830679071,9,4,7,0,Barcelona,24.275170733990514,Low
1533,48.23167714184781,118.51103099441684,405.46518895303416,0.1529827163467514,6,7,9,2,Berlin,17.499330306021857,Low
1534,43.52397413701331,111.38374450721187,264.4287431948044,0.4062352950574727,7,4,6,4,Barcelona,25.119545191678718,Low
1535,40.33963498131758,62.858127060246744,645.7016426812222,0.4275793497245355,2,7,2,2,Berlin,9.877683991640628,Low
1536,29.052969327332043,100.50745936272412,709.2652859753446,0.14996157785086695,2,1,8,4,Paris,12.715506576708282,Low
1537,50.136001065697165,56.22616542263821,733.5741334547989,0.4907445875186255,2,1,9,4,Berlin,22.448246194895404,Low
1538,39.672991603380886,97.39830252352124,528.0511582212081,0.4942049161553914,9,2,8,1,Berlin,31.84394664256818,Low
1539,33.30083164289712,67.08464503099731,593.8898143959354,0.47468779173094056,3,5,9,1,Amsterdam,13.237127410178541,Low
1540,20.0,54.41866941561039,705.4802335042866,0.29841392376250575,4,6,1,0,Paris,7.984139237625057,Low
1541,44.724850949493636,87.0011335674351,403.7876314964849,0.1984296569107314,1,2,3,3,Barcelona,14.401751853955403,Low
1542,62.72251596669744,20.0,666.6016526081138,0.3328037123527652,1,1,3,0,Paris,22.64479191353688,Low
1543,61.6125921454787,36.2256106398693,541.3094351214813,0.26797353538857427,4,9,9,4,Amsterdam,15.663512997529352,Low
1544,40.429037434137285,75.56270290564292,637.0567478513886,0.18237945788687884,2,7,3,3,Amsterdam,7.452505809109976,Low
1545,38.97787939638219,82.06104416587107,527.9139531313903,0.2694705638471391,8,8,1,2,Berlin,18.388069457386045,Low
1546,49.68774256075024,70.76703074604528,694.4385064622003,0.3655559342710363,4,6,3,4,Amsterdam,17.561882110935432,Low
1547,35.016145608117085,40.51409253206003,533.5285643812306,0.12836532431439643,3,9,2,1,Amsterdam,4.2884969255790875,Low
1548,48.01791899819466,59.55270394653736,277.40314107988735,0.23336720057840663,3,8,9,0,Berlin,10.739047705242463,Low
1549,52.660802783846904,89.78023318093484,717.7889948472083,0.10711795600513008,6,4,1,0,Amsterdam,22.86942039520537,Low
1550,57.26933223884308,94.54454426570906,357.8703888541832,0.3997982021846703,6,5,2,2,Amsterdam,25.678781693499626,Low
1551,43.99845923520047,79.59442206010146,687.9587315365872,0.35627650704668035,6,2,1,0,Barcelona,25.762302841026944,Low
1552,42.96326249823034,108.92084452592472,486.4635677839517,0.12506885388078637,6,1,9,0,Berlin,24.639667288276968,Low
1553,36.22017413243439,89.93492558648086,676.401647779656,0.4858950238407872,8,6,7,3,Berlin,22.725002478138187,Low
1554,36.7311964596014,61.313608651044696,670.2152922300147,0.10904862285084027,8,3,1,4,Barcelona,23.609845166388823,Low
1555,42.73521108098473,72.98744866470956,564.5214461473057,0.33598425859043546,9,4,6,3,Barcelona,28.180405910199774,Low
1556,48.67365506816178,44.92834606980363,576.2802976440696,0.41054698471962237,1,1,5,3,Barcelona,19.20756636764476,Low
1557,54.13584626233249,77.29652524021458,563.3942925788849,0.4151585252178892,8,6,5,0,Barcelona,27.39233913087864,Low
1558,36.96821049319655,107.80251548053346,200.0,0.11371405423728152,5,8,4,4,Berlin,10.22760369033178,Low
1559,59.92688568959522,97.1322521177742,517.7495328347303,0.4625660530561757,3,4,3,0,Barcelona,22.60372623744032,Low
1560,42.28876398957431,115.05023314797805,332.59037358921574,0.46738066877084894,3,8,8,0,Barcelona,11.360435884580784,Low
1561,44.78632705651564,72.42786890502518,525.6780715618495,0.3245561492617491,6,3,7,3,Amsterdam,24.18145960957218,Low
1562,37.527883208521764,113.65249486285644,328.55861804251765,0.2928332795548585,8,7,5,1,Berlin,19.68669775810511,Low
1563,20.757597397270583,75.16739433880075,322.2572088160888,0.11794698522503994,2,3,9,1,Barcelona,6.906749071431573,Low
1564,53.8404539636105,116.78962706424736,740.7401752630852,0.32478165700394745,9,6,7,3,Amsterdam,28.399952759122627,Low
1565,52.36843897092433,79.45358131394691,660.4171082186285,0.2637516327080923,5,4,2,3,Berlin,22.34804801835822,Low
1566,42.18672442881787,97.68078434510691,499.37861225837685,0.4091225629634625,5,6,7,0,Barcelona,17.747242958279987,Low
1567,45.66990717224872,116.87780910774639,527.7152975373535,0.26155342675443516,1,7,7,4,Barcelona,7.8165064192189675,Low
1568,50.15939217704099,75.16430928546986,462.81259613854866,0.3734323333298839,6,8,4,0,Amsterdam,18.782140986411136,Low
1569,29.374541431134574,85.45972468860435,585.4814563969285,0.14056325849501233,5,6,8,0,Paris,11.217995014290494,Low
1570,39.70947322653705,112.22158563015756,398.59184501767925,0.15318090830638678,7,4,4,2,Berlin,21.444651051024984,Low
1571,52.94264679621827,76.67492090174841,649.0610394301937,0.15588407625966336,7,9,7,0,Amsterdam,17.941634801462115,Low
1572,32.45710576830751,46.97769293734597,462.03697384788336,0.11821019991989741,4,7,4,4,Barcelona,8.419233729691225,Low
1573,47.935579321666296,133.57517636462273,437.0229506253157,0.3165315437079215,5,9,8,0,Paris,14.045989233579103,Low
1574,31.43418195376595,68.25588839157157,503.2569527727264,0.41758709041745445,8,3,3,3,Paris,25.10612549030433,Low
1575,49.66429982433527,83.96890127343858,411.32797551115846,0.3441644814774665,2,5,2,4,Amsterdam,14.840934762075246,Low
1576,44.643585177025166,108.90016673627818,549.3023524244725,0.3299819542211425,1,1,6,3,Amsterdam,17.192895095318974,Low
1577,28.848681840944906,64.78765240671996,419.39561160299,0.3722495713610946,6,8,7,2,Amsterdam,12.37710026589442,Low
1578,56.64739354457171,54.803302169446745,570.2785404228254,0.23585812922880592,4,1,7,2,Berlin,25.85279935565957,Low
1579,37.65408423201951,86.34343241937083,682.4009808367215,0.24478162865929157,3,1,6,4,Paris,18.244041556198766,Low
1580,36.89747562985619,35.17309005219026,392.1017469787739,0.22570803928836902,7,7,8,1,Berlin,16.826323081840545,Low
1581,47.00569197230943,72.80234807830199,480.41368140572433,0.38484357314143025,8,8,6,1,Paris,21.95014332310713,Low
1582,56.48637349428715,86.12596660788515,569.1996069553132,0.16465613426830972,4,3,6,4,Berlin,22.09247339096924,Low
1583,34.841781810216034,73.2512025793709,434.621396752789,0.10521011212516976,6,2,3,4,Amsterdam,20.504635664316506,Low
1584,45.61679849847972,41.413726420356326,569.6480841239998,0.338478578688997,2,7,2,3,Barcelona,10.569825336433887,Low
1585,49.28816500330573,119.8544489051003,583.3098290977609,0.4769525458936822,8,5,7,2,Amsterdam,28.05597495992854,Low
1586,51.93105607263144,82.58845384872939,662.4892664441456,0.3437631667985219,6,1,6,4,Berlin,29.516948489774652,Low
1587,46.76441555277225,115.77880294404352,409.1014930872632,0.4131686611763581,9,2,1,0,Amsterdam,33.16101127759525,Low
1588,41.329721609166775,73.49909374548888,358.58371396542884,0.36911628378641204,6,3,2,3,Paris,23.59007932061415,Low
1589,36.724097793512804,57.9997004577309,453.8633915654384,0.2989746614092065,6,6,2,2,Berlin,17.006975952145908,Low
1590,45.86143883046375,86.729523006379,354.837149067935,0.3873569607135384,2,1,1,3,Amsterdam,20.13200125627451,Low
1591,34.27860988014393,74.6053218417945,584.6747306071245,0.4296416495420887,5,8,3,2,Amsterdam,12.579999459464064,Low
1592,20.0,50.55596355021605,325.7373049735383,0.18989265766867922,9,2,5,0,Barcelona,22.898926576686794,Low
1593,49.365598041576675,116.7446064696874,849.9524627379033,0.23445219219325822,1,5,4,2,Barcelona,11.654201334405585,Low
1594,54.039348410861955,64.4432444276501,694.3891792360625,0.18949029300131356,4,8,2,3,Amsterdam,14.10670745327172,Low
1595,21.370675644581617,33.99334038011079,501.88636544004714,0.2808691822361764,3,5,8,2,Paris,7.719894515736248,Low
1596,34.90269295290062,113.20415134893332,630.1091739496965,0.45402582036666705,1,8,9,3,Paris,5.0110660895368575,Low
1597,51.191542610051975,67.39254960468442,254.47972035338125,0.23808284033413296,1,6,8,4,Paris,10.738291186356921,Low
1598,65.574954697117,64.80440268460939,878.5059997099337,0.24978675565222136,1,7,7,0,Amsterdam,13.67035396565731,Low
1599,45.20793707675408,35.86531032425065,411.46780816992657,0.4441468938687727,1,8,2,3,Barcelona,8.00385006171395,Low
1600,37.71997058770866,123.52353716492476,481.92538791509605,0.3061497322978701,2,3,6,1,Amsterdam,13.877488499291298,Low
1601,43.1710355889516,47.76298531975781,221.6100069217345,0.3141795998589738,5,5,4,1,Barcelona,18.59310667527522,Low
1602,58.74876419148185,81.46123701764125,572.9430957111342,0.44432048133288515,2,7,5,2,Paris,15.567834070773404,Low
1603,38.54035820875465,102.815508063511,334.0483764384337,0.2962106948101893,4,9,9,4,Barcelona,9.024214410728286,Low
1604,37.00807993349746,90.54292332507742,515.2483642349043,0.3726230138517581,9,6,9,4,Amsterdam,23.82865411856682,Low
1605,40.17256477817968,78.50864220019521,418.35883506131927,0.1342578663496243,3,1,4,1,Amsterdam,17.894348096950146,Low
1606,35.466713917412875,37.45835354281459,338.3384097604485,0.17145268525075413,2,8,8,2,Amsterdam,4.354541027731404,Low
1607,46.22670315994795,59.7568791058179,379.34577473560745,0.2617504802864983,4,6,5,4,Barcelona,15.48551575084937,Low
1608,61.246784584695604,84.69500845106305,533.8682051128282,0.29793562712794996,9,1,9,4,Paris,37.85339164668818,Low
1609,48.23079273116029,60.32064825032509,307.77635406967636,0.48629348049449184,4,4,2,2,Amsterdam,21.33217262429301,Low
1610,42.47646497873713,85.0839864999692,387.6782493464634,0.48826065321911605,5,6,4,3,Amsterdam,18.625546025812298,Low
1611,42.08188731084456,97.04358522037855,599.4910071896717,0.44047883499150464,4,1,3,1,Barcelona,23.52935454316841,Low
1612,29.36809191303343,104.06257214500255,890.371981231147,0.2262395341142298,8,5,7,4,Paris,19.572822915052328,Low
1613,53.83109777147159,49.34551605468292,571.6383229329507,0.48561131633297594,4,3,2,3,Barcelona,24.505442494771234,Low
1614,44.22162802987198,134.91615137447386,362.4107536734069,0.3757363458704851,2,7,3,3,Berlin,10.523851867666444,Low
1615,43.19520086409374,99.18698361385327,444.93287448915333,0.2571760511269602,4,8,9,3,Berlin,11.530320770497724,Low
1616,70.0,79.9571461582734,504.73835092288675,0.3806699667939065,2,3,8,3,Amsterdam,24.306699667939064,Low
1617,47.98752908365686,107.23841457691601,447.5862574046439,0.10660909191461064,9,3,2,0,Barcelona,28.96234964424316,Low
1618,37.48208949904816,139.13519429999934,635.45872501054,0.15846187290968544,8,3,6,0,Barcelona,24.3292455788113,Low
1619,40.736424037944566,44.03199747357826,532.6210224521337,0.43187428462254707,9,6,3,2,Amsterdam,25.539670057608838,Low
1620,56.48445709196755,74.36843393771616,636.1778577364805,0.3582294547492685,4,6,6,1,Berlin,19.52763167508295,Low
1621,46.13270410537764,20.53920850316679,452.8334314553556,0.24567788051675363,1,3,5,2,Paris,13.796590036780827,Low
1622,30.617220216826333,84.81628831620061,698.8250329581886,0.30026665608908754,3,6,4,0,Paris,9.187832625938775,Low
1623,54.19228934575204,89.13485604812851,475.02716235776813,0.4620568598583068,7,9,7,2,Berlin,21.37825540230868,Low
1624,38.31855914461006,79.02094711393102,354.3215196293013,0.3526312437916347,1,8,7,2,Amsterdam,5.021880181299365,Low
1625,63.73297776217545,63.63666072504225,826.5980571563332,0.2592597135737321,8,7,4,3,Amsterdam,27.21249046438996,Low
1626,55.80048065714649,28.76213709529187,226.25333795583248,0.148130662959014,9,7,3,4,Paris,25.72145082673409,Low
1627,40.52678104341249,89.33834208529422,389.18919120426085,0.2174987206502244,8,8,4,0,Paris,18.333021519525992,Low
1628,57.81016361735113,116.38586209788312,405.9458222254408,0.49133609311863335,5,7,2,0,Berlin,21.75641001639167,Low
1629,45.678555105274036,65.2245386066642,876.2459409584844,0.274945225140711,9,3,4,2,Berlin,29.95301878298932,Low
1630,53.52773675122219,91.00149822557863,771.0288326219768,0.2887357855379443,4,8,4,4,Barcelona,14.9456788807461,Low
1631,49.84732817294475,40.796392164498734,724.0892215463297,0.29943921295880616,9,8,5,2,Berlin,23.94859058147149,Low
1632,36.536433450091266,91.43032659231285,450.4012006435502,0.4536416091792844,1,1,1,1,Berlin,15.997346126820224,Low
1633,38.56450167682538,70.16544255638357,863.9267005762663,0.341571313754124,3,5,2,0,Paris,13.485063640588855,Low
1634,55.29960817581161,60.93955123492714,555.2528005761457,0.3774708145807689,4,5,8,3,Paris,20.864590598551175,Low
1635,41.65224667893459,60.99090896959674,646.5895055454683,0.2557654170196416,1,1,8,3,Barcelona,15.553328173876793,Low
1636,40.96351536758003,70.15971044917475,526.954307165931,0.11163504743558975,6,6,8,3,Paris,16.405405084629905,Low
1637,35.44877420650647,89.56083289231339,492.5800143015123,0.47238916569713774,4,6,5,0,Paris,14.35852391892332,Low
1638,49.235990655934614,47.19591997011206,462.23319891104313,0.47965107236656257,4,4,8,0,Paris,21.567307920446012,Low
1639,65.62524919243145,70.07211671080368,468.5540009871257,0.4796612213392205,1,6,9,3,Berlin,17.48418697112164,Low
1640,34.32467085745727,78.96320555002131,591.2737473017119,0.4774748346586867,5,6,4,0,Paris,16.07214960382405,Low
1641,45.24219456672758,52.52401938670352,555.0799698163082,0.4260967764278244,9,1,4,3,Amsterdam,34.333626134296516,Low
1642,59.12220555415429,124.91663004187544,495.2792944694474,0.3738384200465308,6,5,7,1,Berlin,25.975045866711596,Low
1643,44.203586087542845,58.66261299846646,726.4285989048282,0.4378039673069143,8,2,5,1,Paris,30.639115499331997,Low
1644,49.52371796249734,63.26407715916274,200.0,0.3402184956004145,4,7,1,1,Berlin,15.759300344753346,Low
1645,34.376064718531204,55.542301254437554,576.4830871881793,0.15374784555680945,9,9,8,2,Paris,16.350297871127456,Low
1646,49.28307097207649,124.96200217845293,607.6608059988469,0.25648726601656846,7,9,4,2,Barcelona,17.849793951788627,Low
1647,43.12855734995451,93.82263071498704,672.0444302382755,0.488517964789175,7,9,8,4,Barcelona,18.323746852878106,Low
1648,54.85729995679863,56.585199843908946,490.26928384199584,0.24045512543826253,8,7,2,4,Barcelona,24.36174124142221,Low
1649,56.87386051564751,107.65578897149922,531.1880101075936,0.44713116549254783,2,7,4,4,Paris,15.033469809619731,Low
1650,70.0,85.01746735722196,647.8922574972082,0.13728458830994783,6,1,2,1,Barcelona,32.87284588309948,Low
1651,50.796331732135755,86.43133552778754,723.674960642027,0.23367353695018786,7,6,5,1,Berlin,22.575634889142602,Low
1652,48.257963165821664,71.38806978118868,454.91960222318477,0.24038132989095184,3,5,8,1,Barcelona,15.381202248656017,Low
1653,46.94384301577336,61.264600326075666,540.046367469134,0.12064101724359207,8,8,7,0,Barcelona,19.28956307716793,Low
1654,41.46833707189312,88.44415247636503,751.7860946523136,0.147637732074702,1,8,5,0,Barcelona,3.9168784423149554,Low
1655,48.38483843461691,66.37281925011024,200.0,0.1772660844487084,1,4,7,1,Barcelona,12.288112374872156,Low
1656,42.04598589860971,125.41889073937762,396.49811002781223,0.43512623632404523,3,1,5,3,Berlin,21.465058132823366,Low
1657,46.68460976269614,48.26772236892239,719.8753967904445,0.12536079597592256,6,6,7,4,Amsterdam,18.258990888568068,Low
1658,58.1759753560796,118.40391932137362,663.8806750412455,0.21948036053775488,7,1,4,2,Barcelona,32.14759621220143,Low
1659,34.934574347203586,77.21702878005499,578.3667816390041,0.10407000103570702,2,5,4,4,Paris,8.021072314518147,Low
1660,56.39878561129045,87.47714335052764,432.71046903363197,0.37825109816120994,6,5,4,3,Amsterdam,25.202146664999233,Low
1661,58.17115067339866,100.82894416573586,367.7272251521871,0.3481212360173519,5,3,8,0,Barcelona,26.432557562193114,Low
1662,43.81931473008921,64.24376762488909,411.3176571136439,0.3579929048212568,6,5,1,1,Amsterdam,21.225723467239334,Low
1663,23.781451009914054,101.60620961746591,732.2012331228038,0.2497531138858475,1,6,5,0,Paris,2.631966441832691,Low
1664,38.921780129055676,20.0,405.73359662669804,0.18330712850702763,7,5,2,0,Paris,20.009605323786978,Low
1665,57.96994546561109,62.00026166945152,515.2134446359487,0.38812808531441334,8,1,4,3,Barcelona,35.77226449282746,Low
1666,44.77131937701118,56.89842981647337,386.9438532707381,0.4244471490962781,7,7,5,0,Barcelona,21.175867304066134,Low
1667,35.00697767705089,48.66234969070596,626.416104514854,0.15544059923928072,9,3,8,0,Paris,25.556499295508075,Low
1668,39.95225078771782,74.62612904802623,419.1910579480338,0.2947317711749685,1,7,2,4,Berlin,6.432992948065031,Low
1669,53.40620026504553,89.64374920454237,485.3609164768379,0.19948627279154502,9,5,2,4,Amsterdam,28.516722807429108,Low
1670,50.4673356820138,97.56649996248265,247.49268004357617,0.1672427444824535,3,3,2,3,Berlin,18.312628149428676,Low
1671,42.61067900830306,86.02191893001019,257.994764569259,0.3937301253979997,2,6,8,1,Barcelona,11.720504956470911,Low
1672,41.33175588185313,63.357663377661325,501.1509789982259,0.3152387741891348,6,1,3,4,Berlin,26.051914506447286,Low
1673,41.08241850956178,89.22541094562918,301.2264267203357,0.18647413295146711,5,6,5,0,Berlin,15.189466882383208,Low
1674,35.77589815501497,83.10714237127127,815.7629959001754,0.22400000448461804,4,4,2,2,Amsterdam,14.972769491350672,Low
1675,61.15375689469442,103.4014041984004,200.0,0.48666146853109693,4,4,6,4,Barcelona,25.212741753719293,Low
1676,41.7767953078866,99.4234175732879,379.9737052003844,0.4394718258834227,8,5,6,2,Amsterdam,25.427756851200208,Low
1677,57.17158520825497,80.76191034801572,502.5051300901326,0.4519786971492513,3,9,2,1,Paris,14.171262533969001,Low
1678,60.213160519224516,57.56867484596858,445.23005933063234,0.2840048388322832,1,1,4,0,Amsterdam,21.403996544090184,Low
1679,54.9831089814796,63.67624610419798,334.37818150041215,0.34952290556835003,5,3,2,4,Amsterdam,25.490161750127378,Low
1680,40.683796872819514,66.25526600904917,356.3108240757098,0.25070709608176467,8,4,4,1,Paris,24.712210022663502,Low
1681,49.037300903366095,72.1183416520936,351.40188837511425,0.13108479027555622,3,2,7,3,Berlin,19.022038173765388,Low
1682,44.758043936090836,86.70126068974383,456.99174577699057,0.260427724262713,2,9,5,1,Amsterdam,6.531690423454381,Low
1683,35.96298139269872,97.87935975320146,792.7893634276136,0.3375923012828579,1,7,4,3,Paris,5.664817430638196,Low
1684,48.24359281721603,78.72203267461556,511.69059448373145,0.2148577083072526,4,1,3,3,Barcelona,23.121654928237334,Low
1685,33.20960208840198,80.40311969751181,677.4350734081286,0.4391802298909663,2,9,6,4,Berlin,4.854682925430256,Low
1686,56.87679388461564,83.5826576250001,576.0464518742212,0.16044006366983946,8,6,2,2,Paris,25.667438802083083,Low
1687,40.35382702701607,67.1023671716915,667.0793596973331,0.24685163577476799,9,2,4,3,Berlin,29.5746644658525,Low
1688,47.01159655872839,56.865193558926094,200.0,0.14996156212968118,1,1,8,0,Paris,16.10309458891533,Low
1689,47.83287871546142,36.11405256723225,454.3312968277656,0.26193285359409013,2,6,2,4,Amsterdam,11.969192150579325,Low
1690,42.410950262959226,62.62126604807819,696.070313472607,0.11586452198970819,6,7,9,3,Berlin,15.381930298784852,Low
1691,50.86693801475275,91.82863633169467,414.23962658759996,0.2090197580246582,7,6,2,4,Amsterdam,22.350278984672407,Low
1692,40.25096343377476,62.427214049010814,764.3709747304418,0.2602941020454735,2,7,8,0,Paris,8.178230050587159,Low
1693,53.71297297457244,74.05482406435151,722.5835230651642,0.2912661453106766,8,6,8,4,Amsterdam,26.02655334547849,Low
1694,31.540203197532513,91.66078218530792,429.63039258088065,0.31747854339005677,9,8,7,4,Amsterdam,18.63684639316032,Low
1695,46.26379579546412,93.01723741056672,424.5254721430465,0.20999645191596758,8,2,6,3,Paris,28.97910325779891,Low
1696,64.38928999058285,53.01167869584903,347.95912364682965,0.30921653384594894,9,9,1,1,Amsterdam,26.908952335634346,Low
1697,34.99668675394425,104.92648391134104,405.56086522043034,0.303601848624824,6,9,2,4,Amsterdam,12.035024512431514,Low
1698,38.222550294751485,108.18375223388713,315.1116403746627,0.2264712203504834,7,9,7,3,Amsterdam,14.23147729193028,Low
1699,50.13907849658915,51.753753569536,564.3216770649508,0.43208013226259134,6,7,4,0,Barcelona,20.86252487160266,Low
1700,46.79581781939598,59.40407825897115,281.593025998035,0.318256450637426,7,9,9,0,Barcelona,17.721309852193052,Low
1701,48.50630099273559,109.77726707865479,590.5599524285333,0.23290788749861802,3,1,3,1,Barcelona,21.380969172806857,Low
1702,49.891871301476634,76.32866196861748,594.2118045350373,0.47893540483231056,4,3,4,0,Berlin,23.256915438766093,Low
1703,51.3472146856177,24.505551313703727,250.81933922241163,0.4380449652284645,9,2,3,3,Amsterdam,34.784614057969954,Low
1704,56.09699841956223,45.007962381682844,732.4727909492509,0.4930351246207204,3,1,7,1,Amsterdam,26.259450772075873,Low
1705,49.098186569285126,73.76575937068797,577.0413941622833,0.37689354985816836,2,5,2,3,Amsterdam,14.99839146936722,Low
1706,42.58742345381457,50.923933742884955,612.4547032167303,0.25128916220241876,7,1,2,1,Berlin,27.789118658168558,Low
1707,51.72573701202731,69.66440573408897,386.20021976858413,0.21234426667160494,6,3,2,1,Berlin,25.14116377032424,Low
1708,63.99881934895215,80.80990534208946,593.3568677709678,0.3653271374697924,3,6,4,3,Paris,19.852917179383567,Low
1709,43.67366253617426,116.55636510086822,668.9590174583099,0.4923266329981215,6,6,8,1,Amsterdam,21.025365090833496,Low
1710,35.254706953293585,72.73865209430528,485.2087401492984,0.3506860320415396,7,3,8,3,Paris,23.58327240640347,Low
1711,56.07080669286972,106.81354498931897,800.2883688872541,0.4526459763959353,6,4,8,0,Paris,27.34770177182027,Low
1712,43.796188360464015,115.71900405091927,506.60969523694064,0.23164137241910746,1,7,8,0,Berlin,6.955270232330278,Low
1713,23.273304539859637,115.8577417338019,671.1178700678712,0.26278151298970226,1,6,7,4,Barcelona,2.6098064918549144,Low
1714,53.47421677150422,87.11886483463921,543.9513210887983,0.4625100958357413,9,2,6,2,Berlin,35.66736598980868,Low
1715,39.64671814046077,30.917771304025642,587.8282299285302,0.4027466807831276,6,9,7,2,Berlin,14.42148224996951,Low
1716,44.094667176958396,91.52062163509663,249.30015985478417,0.49256412814716233,2,6,5,0,Barcelona,13.154041434559144,Low
1717,48.319803305690144,106.20999719533853,555.6580607323044,0.40990568389289683,1,2,8,4,Barcelona,17.59499783063601,Low
1718,46.904996797790666,77.97332236411457,389.75373481141014,0.27940628288729275,2,7,2,2,Berlin,10.365561868210126,Low
1719,52.0945181713904,123.61459675188121,373.0402541333468,0.31242720792894524,8,4,5,3,Amsterdam,28.75262753070657,Low
1720,40.645136294301565,101.49583903668645,761.6154776698968,0.46020619698525467,5,1,7,3,Paris,25.295602858143017,Low
1721,50.131057981760826,94.2068344288196,467.9344627906477,0.3206586944392192,7,9,9,1,Amsterdam,18.74590433892044,Low
1722,42.40453322416083,107.15951778014595,349.5047253536755,0.20215894966577808,7,8,1,2,Paris,16.74294946390603,Low
1723,52.38810480887503,88.33424628152196,446.1302557836688,0.2742479251079798,2,5,9,3,Amsterdam,14.958910693742306,Low
1724,51.153674840130535,20.0,304.93246566171297,0.30652639553964717,4,3,3,2,Barcelona,21.911366407435633,Low
1725,35.645612979554045,67.52152621324086,715.0826702294405,0.13868793342045183,2,4,1,1,Amsterdam,10.080563228070732,Low
1726,55.85982116175032,109.92920068119633,395.6478883750227,0.39750506970115607,7,3,7,0,Berlin,30.232997045536656,Low
1727,39.64036554885952,59.8102164975426,579.3949900915504,0.14374157334198923,5,8,3,4,Paris,11.329525398077747,Low
1728,53.08057798281145,74.41318736907652,703.4160071315488,0.2619670853475223,1,5,8,1,Paris,13.043844248318658,Low
1729,48.67287313401341,53.87909215242322,424.9770978177906,0.42184897661616183,2,8,2,1,Amsterdam,10.820351706365638,Low
1730,63.38183676795123,124.59806488004423,579.8033648409179,0.2870281446453188,6,1,4,1,Barcelona,32.384832476838554,Low
1731,42.76534017628148,122.03731143545039,345.4870917643355,0.4368062078874032,4,9,2,4,Berlin,11.697664131758476,Low
1732,41.506832038818025,57.90327762148176,866.8654353670527,0.23675252882244602,7,3,4,3,Barcelona,24.319574899869867,Low
1733,44.805803941122676,83.6824500097271,640.4570201924934,0.48305451759937423,2,1,1,2,Berlin,20.772286358330543,Low
1734,41.968202171657246,62.98764880589881,471.10903418587907,0.18378737272209422,2,3,5,0,Berlin,13.928334378718116,Low
1735,52.9994190194205,95.37361597578445,384.0749403666554,0.11530565799572053,6,2,3,0,Berlin,26.052882285783355,Low
1736,28.83689391563412,92.74207693105822,482.90051707405604,0.4489706171961675,8,7,9,4,Amsterdam,18.640774346651913,Low
1737,34.46317580853646,100.29263929033164,449.0024416472721,0.4008810863801633,1,4,4,0,Berlin,10.347763606362571,Low
1738,34.32197078420807,88.29796119269719,792.941683099926,0.19279353482694914,5,7,6,4,Berlin,11.72452658353191,Low
1739,54.50307591973576,150.0,316.1697916677647,0.4938966428546696,1,3,9,4,Berlin,18.78988920446742,Low
1740,62.10613372581925,54.30190587473153,520.2202134935305,0.30091205170741114,6,6,2,2,Paris,24.640960634819887,Low
1741,43.955507814625285,37.23491613908715,497.24929000494353,0.48042617605766547,7,7,7,2,Paris,21.49091410496424,Low
1742,43.311782768099896,70.17274498246346,482.38845494826955,0.30201150855479975,6,7,3,4,Amsterdam,17.513649915977965,Low
1743,45.700521631131814,40.800293360993315,483.70750175924866,0.28874983470851645,9,5,1,2,Amsterdam,27.09765483642471,Low
1744,56.61878302608191,42.68844324985018,482.5893784819275,0.279655414857786,3,6,9,3,Paris,16.78218905640243,Low
1745,35.72646865809426,54.96713364505082,630.9599099498149,0.2339501104531801,8,3,9,1,Paris,24.55744170196008,Low
1746,47.38368982734785,56.94527736420932,591.3476669738652,0.3134805988706207,3,4,4,0,Berlin,17.349912936910563,Low
1747,54.7519762978243,56.134547451248494,562.836741705918,0.28102186477942714,7,6,9,0,Paris,24.23581153714156,Low
1748,50.01094169939845,92.9554737611353,200.0,0.11469875064942166,5,3,7,0,Amsterdam,21.65027001631375,Low
1749,46.89581616598743,67.3452734728666,544.9692311244746,0.204174093369401,1,7,4,0,Amsterdam,7.610485783490242,Low
1750,55.01046092567141,75.51213562818799,251.65409597448763,0.18524912004222338,4,3,2,3,Berlin,21.855629478123653,Low
1751,20.0,102.35581936252336,596.9480244703739,0.44697424092842664,9,9,5,3,Barcelona,14.969742409284265,Low
1752,51.77875319530908,60.841936880464345,721.1746051355772,0.3395479908907366,8,4,8,1,Barcelona,28.929105867500088,Low
1753,38.45924316872576,73.38635253238195,361.0641331117174,0.40547324017989095,3,2,6,4,Paris,18.592505352416637,Low
1754,26.693671031435432,89.14399965232289,460.732891648594,0.48273041509971226,2,6,5,2,Berlin,7.835405460427751,Low
1755,50.11202599524981,31.460804984494466,410.09664424205044,0.35761570901056405,9,9,4,1,Paris,23.10976488868058,Low
1756,58.73658545162958,20.377362276235438,685.3147663635201,0.4930439965618978,1,2,6,0,Berlin,21.55141560110785,Low
1757,43.62551485372308,88.65293321994307,514.254182790811,0.22470562066085187,9,4,3,2,Paris,27.334710662725442,Low
1758,54.528745472029385,92.30035701417246,759.24940708495,0.17450687292515754,7,5,2,1,Amsterdam,24.60369237086039,Low
1759,61.122782579886454,131.60550337131028,562.0631304421081,0.26132395519716456,2,9,1,0,Amsterdam,11.450074325937582,Low
1760,58.14914453584048,83.95237189667024,536.3675270953729,0.2883197659743232,5,7,9,1,Barcelona,19.827941020495373,Low
1761,61.39964529371393,100.49349293145237,510.23101739042545,0.45814461714103405,2,5,1,0,Barcelona,19.50133975952452,Low
1762,52.42127491071892,75.11318391035066,622.6988148886005,0.3239761756146705,5,6,4,0,Paris,19.96614422936238,Low
1763,45.754336389015926,87.43068053962716,239.34707026319848,0.21687239976720682,7,9,6,3,Amsterdam,16.395024914376847,Low
1764,28.980341881028316,121.68142104373834,512.8015933280765,0.3970537131470083,5,4,9,0,Paris,16.664639695778575,Low
1765,42.53937511870051,26.900179546859114,489.4930334408053,0.3023327748556284,2,2,4,1,Amsterdam,16.785140284166438,Low
1766,36.567534046838084,90.34040643929201,608.812824073665,0.16485277811006807,5,5,7,2,Berlin,15.118787995152106,Low
1767,66.70942717497815,133.38966825193415,471.84475911889444,0.3307279150365009,6,7,7,3,Amsterdam,24.82010730285845,Low
1768,43.24114187567663,87.05085548023357,344.1898348755995,0.4645578147229136,5,4,6,2,Barcelona,21.61792070993213,Low
1769,46.23204806784486,121.2643240808212,501.1026012379549,0.4370490469903281,2,1,9,4,Amsterdam,20.740104890256738,Low
1770,50.51485376040468,64.26969626176394,337.57392066974853,0.3347239890541325,6,8,7,2,Paris,18.501696018662727,Low
1771,45.436024463724536,79.19881264590717,211.21066811187717,0.25083326955399526,6,5,3,4,Berlin,20.639140034657313,Low
1772,61.95051040430753,80.83811755971469,609.0683722228239,0.13479150042568447,2,2,6,4,Barcelona,20.933068125549102,Low
1773,38.77350638265548,24.560223016030733,586.8592359042005,0.28785956933264956,4,3,7,3,Berlin,18.01064760812314,Low
1774,46.94607455237243,50.79555430374499,570.0636415990361,0.40083177501183165,7,5,7,2,Barcelona,24.592140115830045,Low
1775,37.57529414301952,52.57812301540035,695.4392632918716,0.24410948789320425,1,4,6,0,Barcelona,9.7136831218379,Low
1776,31.799774887792942,100.55165195081318,400.2452164544112,0.19417873022066579,1,9,3,3,Berlin,-0.01828023145545976,Low
1777,38.882309090947146,101.80382764210137,285.33287858431174,0.4725518877083814,6,9,6,3,Berlin,14.890211604367956,Low
1778,44.62963202951588,88.10091106766333,489.49553347879333,0.42862228018319704,7,8,2,0,Amsterdam,19.675112410686737,Low
1779,40.7069777548274,100.60257242139264,447.87495504411345,0.35531024776805786,5,2,1,2,Amsterdam,22.765195804128798,Low
1780,38.07579020126144,75.89626468195566,373.6556424844897,0.15471333756820776,8,5,8,3,Barcelona,21.469870436060507,Low
1781,30.936825363281663,110.04829173848859,488.0226269768306,0.15796353616246922,4,8,3,4,Amsterdam,6.860682970609194,Low
1782,44.16894427371305,80.21971106580179,408.25922806931226,0.1412878365823116,3,8,8,0,Amsterdam,8.66356164793703,Low
1783,29.952796259689975,81.44660118566891,224.59920749647534,0.3465186667570973,7,7,3,1,Barcelona,15.951025545477965,Low
1784,52.60055963689602,73.36018416843972,433.8234963809359,0.1462251185893344,4,4,2,3,Amsterdam,19.24241907696215,Low
1785,45.824397529345035,97.1112619409107,329.5437249944214,0.4370508795450533,1,3,8,4,Berlin,15.617828054254042,Low
1786,30.424485005350697,69.47002958467718,534.7472107416384,0.4971860007277289,8,8,3,2,Paris,18.0992055088825,Low
1787,41.907909229501364,104.4107844299517,401.59478626390177,0.2465392738834661,5,8,8,2,Berlin,13.037765507685068,Low
1788,37.478435944094166,51.69627148209983,666.7447211211577,0.28146793878683896,8,5,2,0,Paris,22.55821017109664,Low
1789,48.1917451041918,52.527093631795154,740.5799100901799,0.38466687079427153,8,3,4,4,Berlin,29.804192239200255,Low
1790,58.40450446023144,97.1856688781626,601.907205951786,0.4748612025303064,5,5,9,0,Paris,24.769963363372497,Low
1791,26.248275303542556,77.78639463542468,267.346072702502,0.4576375094225541,8,4,1,3,Paris,22.450857685288305,Low
1792,46.150260791474174,68.65271459617179,725.7793998318559,0.12303673149993943,7,8,2,0,Amsterdam,17.075445552441646,Low
1793,43.398672044333594,102.25144331188649,736.3580675560647,0.167628721022706,3,2,2,1,Barcelona,17.695888823527135,Low
1794,51.713400764504655,64.81846464784789,502.8185766961911,0.4018388794231169,4,8,9,0,Berlin,15.532409023582565,Low
1795,47.131966282376894,74.99496864249076,698.4389240503298,0.3755572432129789,7,6,5,0,Amsterdam,22.895162316842857,Low
1796,37.48030668261181,114.98069875177899,417.2487292929983,0.15328743761604932,4,4,4,3,Berlin,14.776966380944035,Low
1797,41.80946064333382,118.47855864526626,220.06310977256157,0.3008258328006271,6,3,4,4,Berlin,23.051096521006414,Low
1798,37.03974143196511,119.30995525675817,385.95733420676095,0.41232585243411823,2,5,7,1,Paris,11.735180953930715,Low
1799,55.76007138598598,72.94685557665221,759.3951299067135,0.18751227290507747,2,6,3,0,Paris,13.603144144846569,Low
1800,45.21311648671942,110.76757262461176,276.33801145827897,0.4485150542938665,3,1,9,3,Barcelona,22.549085488954493,Low
1801,64.01190685753008,56.276179305783046,499.92819228972417,0.12118870992814719,7,1,5,3,Paris,32.91545915654049,Low
1802,44.39339186185379,57.32742813194848,505.1215840010318,0.41287803402722956,3,3,9,3,Berlin,18.946797898828432,Low
1803,37.91593233089537,21.238603684390974,423.05386340482823,0.3463275599159481,3,2,1,4,Paris,17.838055298428092,Low
1804,29.86285607387173,121.82170504746324,433.47176002443274,0.22607973866173967,4,1,8,0,Amsterdam,17.719654208778916,Low
1805,26.96860323744055,58.400503773098045,510.83737013543043,0.3883730193367646,6,8,2,2,Amsterdam,11.974311164599811,Low
1806,29.158640569945103,76.8366855063235,415.6756487097909,0.4129463180604639,1,1,8,1,Paris,13.377055351588169,Low
1807,47.67126651011483,57.2418914517929,286.69122542481034,0.47355958852158775,6,8,4,2,Barcelona,19.036975838250328,Low
1808,50.08725023229934,97.37913120825351,532.2547914415184,0.24710986886170547,8,5,2,4,Paris,25.997273758306854,Low
1809,29.188092979678665,70.60915848206649,661.0049873667458,0.37440669439198204,8,4,2,0,Amsterdam,22.500494837823418,Low
1810,53.950383140761154,47.37957773917627,630.4358777980132,0.3410465107738764,6,8,6,2,Berlin,19.59558004996711,Low
1811,40.1693894831656,91.04156410465151,378.5396798915283,0.3100824277828354,6,8,3,2,Berlin,15.151641122778033,Low
1812,46.467930119855495,44.15674937974429,312.3158126933487,0.4561665896620152,3,8,3,2,Berlin,12.502044932576798,Low
1813,61.122206282554245,59.06485686711272,457.3718176767832,0.10126692565536013,2,3,9,1,Amsterdam,18.849331141319873,Low
1814,53.96839315865532,27.32777213434798,735.1687264693496,0.21284464244143908,7,8,5,0,Amsterdam,20.318964372010985,Low
1815,42.314693520941674,44.40104719505983,596.8397118439318,0.31531089581793204,8,1,7,3,Berlin,30.347517014461822,Low
1816,36.08807774584713,84.46322924301195,605.594701519135,0.17131730465462094,6,4,5,0,Barcelona,18.539596370300348,Low
1817,23.48184598670695,30.886599047426884,633.4785427678241,0.4631466134931034,5,5,2,2,Barcelona,14.17601993094312,Low
1818,37.8084668075758,42.97135688445711,563.114984377788,0.35903804704520614,4,6,8,0,Berlin,13.932920512724799,Low
1819,42.88869761172305,79.9407770966798,518.0912821420368,0.291153197852796,1,5,9,3,Berlin,10.278141262044874,Low
1820,35.12820472848816,66.40982759767368,599.3460344971952,0.42588070362666186,9,5,2,1,Amsterdam,25.297268454813064,Low
1821,43.68743032907695,129.80091589898274,418.07508436729705,0.2803544765860415,4,5,2,0,Paris,16.4097738645835,Low
1822,45.768518829587684,125.84741365060938,287.83054829505187,0.3234612047720038,2,9,4,0,Amsterdam,7.4651676965963425,Low
1823,42.751440181919214,58.30193843122116,608.4495401936485,0.10110039822156841,4,3,8,1,Paris,17.336436036791447,Low
1824,38.4999741917654,93.92844046008705,685.6607158623838,0.24628021207802941,5,2,5,1,Paris,21.012794378309913,Low
1825,46.68654671966728,98.73206392198628,332.2652090965953,0.1555161889403879,2,2,5,2,Paris,16.561125905304063,Low
1826,49.41940649569409,65.06302854938991,623.288222362385,0.37587547226491647,7,8,7,2,Paris,20.58457667135739,Low
1827,34.096009225571535,42.6114615875449,752.1148570082285,0.2916107835902935,3,5,4,1,Berlin,11.644910603574395,Low
1828,59.1093237974627,79.69253876729856,499.66306973643185,0.22070302290009233,8,5,9,3,Paris,28.439827368239737,Low
1829,44.014118677157384,75.67885812964722,377.29967228873807,0.28713293574869697,4,6,4,2,Paris,15.075564960634184,Low
1830,45.188496229448475,69.10588757573453,518.4528010290134,0.18385195518053848,5,9,8,3,Paris,11.895068420639925,Low
1831,52.08214423256557,91.05792170411213,417.4199047698948,0.47003465299445624,3,7,3,1,Amsterdam,15.824989799714233,Low
1832,47.332161312635016,61.231759824860035,407.49048350653976,0.12158905302036521,5,5,6,0,Amsterdam,17.915538923994156,Low
1833,54.53136633913245,51.20006131052142,564.9776100907313,0.44616681411844816,9,5,1,1,Amsterdam,31.32107804292422,Low
1834,47.87124165201824,82.7270742587458,259.4405787455157,0.30454351549334036,2,9,7,1,Barcelona,7.906807650538876,Low
1835,38.87562625359562,89.6492523142219,283.41066162616596,0.3475785984555269,7,9,7,4,Amsterdam,15.638473860633955,Low
1836,48.61503525206102,50.583876402498674,502.8936320560914,0.22104224836348152,8,2,2,1,Barcelona,29.79493305925312,Low
1837,33.56273792679338,103.20226527477703,496.65371916313535,0.48667904671772855,3,7,5,2,Amsterdam,10.435611845215302,Low
1838,46.085597057765234,35.73797155559805,551.5331865559904,0.21274038340779594,4,1,4,0,Barcelona,22.45308295140753,Low
1839,44.66770009355539,65.54716353210891,781.2838082725083,0.3355511988561217,2,4,9,3,Amsterdam,14.755822016627834,Low
1840,42.918831427274604,73.54978659505977,515.6771054113732,0.4973666820428516,9,2,2,4,Berlin,32.8493162486109,Low
1841,43.71462488561069,64.09440718370175,589.7258225502192,0.4524377585533783,3,9,3,2,Amsterdam,10.138765051216991,Low
1842,26.18150954502361,65.8734881612202,353.6700596578052,0.31453193011444247,9,6,1,0,Barcelona,19.999772164651507,Low
1843,39.512750922590385,126.77686205770286,615.1906495274806,0.4961498091868849,7,4,5,3,Paris,24.815323368645963,Low
1844,45.928449011411146,58.72789777402753,421.0413702333983,0.38054794469304587,6,3,3,0,Amsterdam,25.084014150353802,Low
1845,46.598563919974005,141.03054306179786,510.713124887164,0.18348016645672374,3,4,4,2,Paris,15.814370840559441,Low
1846,34.72324859074042,90.9281694932763,483.67270623962577,0.2622384841743226,7,2,4,0,Paris,24.039359418965354,Low
1847,57.65707840864701,82.3013784327998,654.9461352371046,0.2337973336046204,3,5,6,1,Amsterdam,18.135096858640306,Low
1848,36.33825151785499,91.90600883469165,303.50351684375005,0.23760548330847567,6,9,7,0,Amsterdam,11.777530288441254,Low
1849,54.69457200526737,143.2481937312988,200.0,0.40418257574394656,8,6,7,1,Berlin,27.45019735901968,Low
1850,49.27194361871685,55.1601749017138,467.9850954368113,0.33370517090911744,5,2,8,2,Barcelona,25.118634794706228,Low
1851,38.53772690156197,51.989552026590275,570.2796885357686,0.11523708463581142,3,6,3,4,Amsterdam,9.713688916826701,Low
1852,62.75310892609512,61.12834508570198,522.840406371125,0.4509793934603904,6,9,5,1,Barcelona,21.83572661243244,Low
1853,33.0636316824352,80.80357867411402,684.8306356120867,0.21871845619206584,8,4,6,0,Amsterdam,22.106274066651217,Low
1854,54.191541736100014,36.85572187968567,565.6059011269502,0.4988299507652575,3,1,6,0,Paris,25.745762028482577,Low
1855,55.005823180429786,80.5584809829652,415.42275022102103,0.4816762921339143,5,2,8,0,Paris,28.31850987546808,Low
1856,38.293797909233554,122.3386783353418,200.0,0.47621228667278614,9,5,5,2,Amsterdam,26.750262239497925,Low
1857,58.92465300064329,83.78518476561943,464.40316487071726,0.42445104162558944,3,7,5,3,Barcelona,17.421906316448883,Low
1858,42.49953485401047,72.68286352561807,654.1938503386697,0.18824533267341703,2,8,1,0,Barcelona,6.632313782937311,Low
1859,47.88693629279857,64.54598878290932,441.1928325999328,0.3130530976115128,8,3,1,0,Paris,28.9966118639547,Low
1860,47.603218387712204,102.4627926137891,504.24803955166465,0.18972105072998985,7,9,6,1,Barcelona,16.67817602361356,Low
1861,43.65691258529452,59.35418066904881,563.2040381460063,0.2038701822355797,9,2,5,4,Barcelona,30.135775597944154,Low
1862,53.10808273159782,126.1598980149812,347.7061438625276,0.34438070777451096,4,4,6,0,Berlin,21.376231897224454,Low
1863,52.93488720552213,128.33399369285894,593.4853844958226,0.11633341814122536,3,4,9,2,Paris,17.04380034306889,Low
1864,27.514680267618193,86.41876996654469,745.5682685002558,0.4877834267282831,5,6,8,3,Barcelona,14.13223834756829,Low
1865,58.043402428781526,79.71212279808387,474.07799721598906,0.4674692690311858,1,6,7,3,Berlin,15.087713418946315,Low
1866,28.375080119643258,105.76649520603898,330.6403367251547,0.252307028863088,5,3,7,3,Amsterdam,16.535594324523856,Low
1867,55.32546204341657,107.36996255568313,490.00984594670393,0.3061689792027652,3,9,6,2,Berlin,12.159328405052621,Low
1868,56.26705136827583,59.85020672351462,200.0,0.2864477677071036,1,5,6,3,Berlin,14.244593087553785,Low
1869,34.09033569784802,66.83612167158245,550.5354895964924,0.4528799114469879,3,2,1,3,Berlin,17.755899823824283,Low
1870,40.891857120454155,46.94131413291761,567.8411566472869,0.37544075052644443,5,6,7,1,Berlin,17.021964641400693,Low
1871,33.94295331514064,90.22662345835143,751.3454440768344,0.2112444989697426,5,3,5,3,Berlin,17.795330984239616,Low
1872,42.850789697112646,96.66569708642227,470.9007811150062,0.27873650178611875,8,8,7,1,Berlin,19.64260192699498,Low
1873,41.919657158142584,46.25185905346817,561.2728007219705,0.27158639027470555,1,3,6,1,Amsterdam,12.79176105018983,Low
1874,52.796605322693395,68.62002737959602,370.80678464211485,0.4837340673135675,7,5,8,1,Amsterdam,27.176322269943693,Low
1875,58.10308746119608,46.31865206046627,446.5359319212382,0.17012436420585586,5,4,3,2,Paris,23.132169880417383,Low
1876,58.95683810789956,57.53000474390406,271.2221845006703,0.13583053491777164,3,4,8,0,Paris,19.045356781547582,Low
1877,39.37831973421698,93.77542650565749,470.7815568075147,0.4522475328646761,4,2,7,4,Amsterdam,21.335971248911854,Low
1878,42.90778126255472,61.66294833304302,454.20362697221526,0.45867439580234837,3,8,1,3,Amsterdam,11.4590783367899,Low
1879,28.165618077790498,72.47935109919253,544.8799649133343,0.4486956351648659,8,3,3,4,Paris,24.43664177498581,Low
1880,36.94129933503811,39.31720680131711,406.4604679501041,0.30439076625022254,4,4,4,0,Berlin,16.126297463013657,Low
1881,54.64851633097457,84.6747552431166,512.5018026462637,0.3638977713077842,3,6,9,1,Barcelona,17.033532612370212,Low
1882,61.15582823548232,78.89316700388378,449.99299165885014,0.32534521902439356,2,9,6,1,Berlin,12.10020066088863,Low
1883,32.65651128120078,61.776018749170944,450.2750917550729,0.12777913042176037,3,4,7,1,Amsterdam,11.074744688577837,Low
1884,39.075357408471056,75.27464255793815,512.0543488944545,0.338333958760289,7,3,5,1,Paris,24.605946810144207,Low
1885,44.73594243041073,84.5073720125861,506.07844134755146,0.10544565890244036,6,5,3,3,Paris,18.975239318147622,Low
1886,47.80161158819607,59.6282962772664,614.1761058577458,0.22999496382283446,5,9,5,0,Berlin,13.140433114687166,Low
1887,36.90396480078354,43.093436399955515,481.90354488052475,0.4729170303492668,8,1,7,0,Paris,30.30035974372773,Low
1888,49.24061044464089,125.13936081717038,447.5171976315495,0.22161810785432304,1,5,9,0,Amsterdam,11.488364211935497,Low
1889,40.26160652929084,64.16818238224319,472.87888323691607,0.4759306570576992,3,4,9,4,Amsterdam,16.837788529364243,Low
1890,44.855477291217206,77.58099742032776,392.80038247385113,0.2000535828596977,2,5,8,1,Barcelona,11.957179015962137,Low
1891,50.462842480037,105.27099337550784,446.01333596499927,0.225824896184613,2,7,5,2,Amsterdam,10.897101705857226,Low
1892,45.064222698109376,150.0,804.6738069609846,0.3513629985754214,1,7,7,0,Barcelona,8.532896795187026,Low
1893,40.63614109473431,48.88783875277836,363.09818589561996,0.40465078911571795,5,7,4,4,Barcelona,15.737350219577475,Low
1894,43.90390196074169,91.24568034316275,458.2015499181036,0.30055510720195366,5,1,5,3,Berlin,24.676721660242045,Low
1895,44.11637040794665,62.31119286764734,441.8767005095464,0.45284627487766216,3,9,4,1,Paris,10.263373871160614,Low
1896,41.29988970117872,66.53024238558223,462.9242581633401,0.11609616864424771,9,7,3,4,Amsterdam,21.05092859679609,Low
1897,42.41203937332897,61.994699474830256,450.31410366824076,0.46887793545374823,6,4,1,2,Paris,23.412391166536175,Low
1898,60.986471705047165,51.85862580498538,541.88601518315,0.17852311995816322,6,4,5,2,Barcelona,26.08117271109578,Low
1899,50.60919447941239,78.96771595538347,243.47373479123087,0.45369549803386244,6,2,2,3,Amsterdam,28.71971332416234,Low
1900,42.045196819708394,43.13743282379411,655.5757208798007,0.26034527179455225,2,6,6,0,Paris,10.21701176385804,Low
1901,51.969544045107355,103.67018916279676,594.8874199463296,0.43310282234841513,8,3,5,0,Amsterdam,31.421891437016356,Low
1902,41.6618051024399,81.37507340083437,313.5692620905298,0.3686662199214781,6,1,2,4,Berlin,26.68520372994675,Low
1903,56.73124637586641,90.560874322536,200.0,0.17037665299130483,3,5,8,4,Amsterdam,17.22314044267297,Low
1904,48.69642192198094,68.34528470134443,353.43917807878984,0.4672190279525794,9,6,5,0,Barcelona,28.28111685612008,Low
1905,43.92697855995771,70.81990164470629,463.6000307859316,0.19820695619538387,2,5,2,0,Amsterdam,11.66016312994115,Low
1906,49.477169258102776,87.18909762918321,887.0437848036163,0.19765604747799964,7,5,1,4,Berlin,23.31971125221083,Low
1907,29.291238479315005,50.898734189854366,581.488544746141,0.4256715586549522,3,8,2,1,Berlin,7.044087130344023,Low
1908,33.73232531090195,71.0502391396666,228.86155262278135,0.14234930222900843,6,1,1,2,Paris,22.043190615560672,Low
1909,33.060749936009444,58.50966215303865,396.55167426485843,0.18881436254818415,5,8,3,2,Berlin,9.806368606284675,Low
1910,46.429430947637066,57.73577973522464,492.0181345590525,0.30147102936842496,6,7,3,3,Barcelona,18.44353957797537,Low
1911,62.32514999485092,27.254043984358965,538.0525331447145,0.43219081147464977,8,1,1,2,Berlin,37.51945311320177,Low
1912,67.31300146192632,113.483164737,302.78767095343653,0.158993589894907,3,9,7,4,Paris,14.283836337526965,Low
1913,51.380511014407574,62.83653117115578,479.7514658034408,0.3190672938049386,2,4,7,1,Berlin,16.604826242371654,Low
1914,50.00844474944457,109.08440137908875,392.3541293584189,0.38449623672117583,8,7,9,4,Berlin,24.34749579204513,Low
1915,26.98942265847261,106.71980803485731,334.43621560965255,0.4442380898863806,1,3,5,0,Amsterdam,10.039207696405587,Low
1916,39.57326200265978,47.85000733708766,538.9393470048431,0.4742262240808879,2,8,4,0,Paris,8.614240841606813,Low
1917,37.12216248091761,52.78971910817886,616.0815760164234,0.413855965787573,1,4,5,2,Amsterdam,11.275208402151012,Low
1918,38.79152401748884,144.01257398389208,626.1561915442429,0.3611313592888008,5,2,8,1,Paris,22.248770798134657,Low
1919,43.318561814152105,123.7731485481786,586.1579526700814,0.2734480341251063,8,2,8,3,Paris,28.730048885496693,Low
1920,40.27909422302873,79.2120371667974,425.3945700289606,0.14484406167536787,2,8,4,4,Paris,5.5321688836622975,Low
1921,25.207001896242122,86.43432766043374,607.1824642195259,0.3838948770102085,4,8,8,3,Paris,7.4010493389747225,Low
1922,52.47910256117534,64.22883992632028,546.3581657156432,0.49709492179019477,4,1,4,3,Paris,27.214679986254545,Low
1923,34.27256974260193,90.8088178550085,520.091282442802,0.3947042378928399,7,6,4,3,Paris,19.228813301708982,Low
1924,47.39246864111149,62.07045248193822,408.24603174473026,0.10668443749509052,1,9,8,3,Berlin,3.784584967284354,Low
1925,65.74082669749973,29.191155892540387,425.46858089877077,0.29850399121673554,9,9,2,4,Berlin,27.207287921417272,Low
1926,35.80615408413577,46.96110533722373,511.0830404186831,0.34585865299316154,3,2,4,0,Berlin,17.200432755172343,Low
1927,20.0,80.52731869626469,865.9811700478252,0.3758696804411372,6,8,1,4,Barcelona,9.758696804411372,Low
1928,42.139957781198895,51.723319112435306,545.1863720137085,0.3878903342402834,5,8,1,0,Paris,14.520890676762503,Low
1929,56.00959634998571,78.31806337716164,408.3217246624571,0.3232433764866096,4,4,8,0,Berlin,22.03531266986181,Low
1930,64.58347454220593,53.133474014178425,375.14158325458357,0.18934413309369613,9,4,4,4,Paris,33.26848369359874,Low
1931,32.70450405547583,60.44115193745016,426.2350081015696,0.4768802645906187,9,5,6,4,Amsterdam,25.080153862548936,Low
1932,49.966992232365214,101.32913266032979,826.5940171323598,0.37866658706546474,1,7,5,4,Barcelona,10.276763540364211,Low
1933,40.34689543219947,86.18701369100262,440.1115031081057,0.1947360147477638,7,1,6,0,Paris,26.55142877713748,Low
1934,43.94051645695864,79.75838946716632,636.0305801915428,0.22892873290810917,9,9,4,4,Berlin,19.971442266168683,Low
1935,70.0,101.97409932676628,443.61076317929655,0.46877106825214787,5,3,4,1,Barcelona,31.187710682521477,Low
1936,29.970296716048466,92.01521483368369,539.1776811919443,0.4549940746829343,1,4,7,2,Amsterdam,9.541029761643882,Low
1937,47.537396614945735,116.16408228128418,618.7617911013083,0.26205857534323584,8,7,1,2,Paris,22.381804737916077,Low
1938,49.676931717654334,68.50351844212149,414.2145725285114,0.1153228887965804,5,5,9,1,Barcelona,18.5563084032621,Low
1939,55.857863249393475,69.25912553681228,403.83325187708454,0.11939894755757528,6,5,3,2,Paris,22.451348450393795,Low
1940,45.97983153470896,47.47226834021637,748.8304541682994,0.21356731636735563,7,1,4,0,Barcelona,28.429622624086242,Low
1941,48.08050539504102,69.2754820656895,647.6889342343695,0.35164888773559977,7,2,9,4,Berlin,28.9406404958683,Low
1942,41.08351432578209,104.11924735756114,618.6008478036092,0.3336778541338248,7,5,5,4,Paris,22.161832839072872,Low
1943,47.69126941245107,112.49968430655335,618.0914439684371,0.35353111477757715,1,2,4,4,Paris,16.842691971511094,Low
1944,41.5680772450259,104.0076292021667,568.9363232466599,0.38691318877284264,7,1,6,1,Paris,28.839555061236194,Low
1945,51.21571889856051,35.14520333626409,802.6663719762598,0.10761290143709537,3,3,1,1,Berlin,17.940844683939105,Low
1946,41.30389663956366,107.07863031651836,506.5862452815735,0.14203423806897716,5,1,1,0,Barcelona,22.31151137255887,Low
1947,48.77100393902187,34.03703441819823,586.5893550801379,0.24379338073088508,5,8,5,1,Berlin,15.069234989015413,Low
1948,44.707371863150215,102.45293310305868,282.36306071089814,0.1619439990086327,8,8,5,4,Amsterdam,19.03165154903139,Low
1949,56.26050250772168,70.80538683572362,376.2558970113139,0.13012801701782167,7,8,9,0,Amsterdam,20.17943092249472,Low
1950,44.48606276411514,97.56333284834639,319.87715002474397,0.35638575839893283,7,7,1,0,Amsterdam,20.40967641322387,Low
1951,27.269675317931185,46.68879130263585,691.1095375274224,0.4261345909964397,6,7,3,4,Barcelona,13.942248505343752,Low
1952,57.619215007139914,109.27919081765367,200.0,0.40105066297371306,7,2,3,3,Paris,32.2962711318791,Low
1953,35.94267699137381,43.37563134737778,439.6534965870916,0.4268159114436717,7,9,4,4,Barcelona,15.550962211848859,Low
1954,38.4623366135118,63.28862722867056,200.0,0.3663426176231509,5,7,7,0,Amsterdam,14.70212716028505,Low
1955,39.04338705956508,55.04763430577412,375.3068156777165,0.3941381287256809,5,5,7,3,Barcelona,18.154397405126332,Low
1956,58.74438093170817,36.14287867943752,426.35765754022003,0.20871150968332053,4,4,5,4,Paris,21.710429376345655,Low
1957,23.643257860213044,82.3631891897117,707.7306640691066,0.4972032145136658,4,8,9,4,Paris,8.06500950320057,Low
1958,70.0,125.15222794592404,559.4941908832186,0.17326626179755483,5,5,7,3,Barcelona,25.23266261797555,Low
1959,55.56056809066052,146.6726305580002,375.02877150065507,0.18579754975575302,9,6,2,3,Amsterdam,27.526145924755685,Low
1960,47.2323891412916,82.4288946771562,659.8945579597739,0.21556873272633875,6,4,3,2,Paris,22.325404069650865,Low
1961,44.451059993837134,107.91703187668806,502.6748381794636,0.4901329720426316,8,2,7,3,Amsterdam,31.23664771857746,Low
1962,47.85554074857657,85.80236594821343,505.63502880608786,0.49531543574156245,9,7,5,1,Paris,26.809816581988596,Low
1963,50.211224283793385,92.47207986920532,319.5992738342012,0.417957499882599,4,2,7,3,Amsterdam,24.242942283964005,Low
1964,51.45215585950057,71.44628372181903,351.49794291452906,0.35162303942385353,7,7,9,0,Barcelona,22.451877152088706,Low
1965,50.55604466003449,84.87692313556505,376.23540500817137,0.3080250300738454,5,7,9,3,Berlin,17.747063698748804,Low
1966,45.895806812552486,93.43696761516071,506.96919097312843,0.48824833827473835,4,1,3,4,Berlin,25.151225426513133,Low
1967,43.02661579692674,65.53850677809172,511.6828590471012,0.378249121143299,7,3,8,1,Amsterdam,26.190475950511015,Low
1968,43.487267163464885,78.0626425026753,731.6138995286068,0.4778920513304121,3,3,6,3,Paris,19.325100662343587,Low
1969,43.05091719647319,78.53924702506279,557.7582751906751,0.22662031979104957,1,6,4,1,Barcelona,8.181478356852454,Low
1970,56.337700968670646,100.66008293326311,200.0,0.23350991690782627,7,3,4,2,Paris,28.736409459679454,Low
1971,50.935567222808615,53.349195709307985,539.3962981807535,0.4418898376473742,9,9,4,1,Berlin,24.199568543316325,Low
1972,20.0,78.7114447848087,282.49754657487006,0.15994196823411777,2,5,7,4,Berlin,4.0994196823411775,Low
1973,51.55900776529761,127.80013672631745,355.1043613082695,0.4783711445184303,7,6,6,2,Barcelona,25.25141377477358,Low
1974,46.94736194718775,109.10150381464844,378.17457924105054,0.302989741865363,2,6,2,3,Amsterdam,12.114106002809955,Low
1975,44.81291243554102,113.72947622221763,400.49925147315474,0.4705655514334791,3,8,5,1,Barcelona,12.149529244997094,Low
1976,41.11481546911114,80.61079600445085,293.72759119395454,0.23471711549032526,3,3,5,2,Berlin,16.181615795636596,Low
1977,56.24112719986013,88.02493909215057,530.5223005178432,0.3863835616557588,4,9,6,3,Barcelona,15.236173776515624,Low
1978,54.475264621228575,105.05590416757313,288.37965723635614,0.2931500487890759,6,7,7,3,Berlin,20.774079874259332,Low
1979,37.27122332176391,119.00638823827327,553.500141087477,0.3507214520981893,3,6,8,1,Paris,11.688581517511064,Low
1980,49.07052287124535,31.20992717792783,835.5456615592444,0.3017489972556609,9,1,8,1,Berlin,34.23864683393021,Low
1981,35.28343265458714,47.11396732375386,300.5961411598904,0.4868462469485446,2,4,5,2,Berlin,13.453492265861588,Low
1982,31.203818352110694,112.7361025350662,457.3234543491167,0.37684215912556696,7,5,2,1,Barcelona,19.62956709688888,Low
1983,38.73282775410035,73.07776610577992,200.0,0.20052758745052618,6,2,8,3,Barcelona,22.625124200735367,Low
1984,53.62393472382759,63.206980268548065,454.85970605448006,0.4638707687620338,2,1,6,4,Barcelona,23.225888104768615,Low
1985,54.53125045376087,48.6459753251099,596.4075728947225,0.21761189526204175,3,2,3,2,Paris,21.535494088748678,Low
1986,50.130854200972934,66.12458246139727,608.0958847035901,0.24864203972034252,6,8,4,4,Barcelona,17.525676657495303,Low
1987,52.25095786847997,44.94076791440438,511.6045595426145,0.14084947920808535,4,6,1,4,Paris,16.083782152624842,Low
1988,50.16178287114958,132.27735681831194,633.3895137138463,0.45998660791847634,1,2,3,3,Amsterdam,18.64840094052964,Low
1989,38.585184047770476,79.43909870048566,881.9081803914187,0.2144448092911452,1,9,4,4,Barcelona,2.2200033072425946,Low
1990,49.31922544673941,78.55123645593206,756.8457031156399,0.20356704717255295,3,8,2,0,Barcelona,10.83143810574735,Low
1991,53.00409525227683,94.70191687919579,421.62186058855445,0.46810503919798163,8,4,6,2,Amsterdam,30.582278967662866,Low
1992,52.542913298135744,104.05862923166424,282.3344020299892,0.4222107449620134,4,7,8,3,Amsterdam,17.484981439060853,Low
1993,56.88913371474643,103.64720391386598,439.0772875139295,0.15643156860774976,1,3,6,1,Amsterdam,16.13105580050143,Low
1994,52.083038472010635,106.84054859768929,357.9525851573978,0.4077298015614723,8,6,3,3,Berlin,26.702209557217913,Low
1995,48.51448207541583,64.22886123022859,567.7021321796949,0.46521323922151636,6,3,9,1,Berlin,26.706477014839912,Low
1996,55.701502383164275,72.55332987607846,322.82096908557526,0.13140448728429757,1,3,4,3,Berlin,15.524495587792257,Low
1997,44.7347874075094,99.22579138605688,489.0766351114487,0.4300859979618292,6,9,6,0,Amsterdam,16.22129620187111,Low
1998,36.18125348772282,66.8152734590095,625.7021081804465,0.31896802074922237,1,6,4,2,Paris,7.044056253809069,Low
1999,43.36933036056236,79.87233419931937,484.8956190774235,0.3676789797515203,3,8,4,4,Barcelona,10.687588905683908,Low
2000,37.55097355193551,89.96909411062036,358.05292658783054,0.29714173556197476,2,4,2,3,Berlin,12.236709421200402,Low
2001,38.24821725025618,99.62962705775941,676.2221086378538,0.3791212339621115,4,4,2,2,Amsterdam,17.26567751469797,Low
2002,43.55481329284482,35.55797594074497,218.1528582869259,0.11363914466670129,2,8,2,2,Barcelona,6.202835434520459,Low
2003,37.075800790000386,97.86864124722362,450.83074161838056,0.40508268928931346,5,7,2,2,Berlin,14.67356712989325,Low
2004,41.9203847036096,74.15689855370687,493.7509964927998,0.11333747914358337,4,5,8,2,Amsterdam,14.209490202518715,Low
2005,26.063853330462145,97.68644277160952,502.3862987599447,0.2821199390989374,6,2,4,2,Barcelona,19.64035539012802,Low
2006,47.13293707372939,99.42329230887071,527.0744084117122,0.16038599725211797,7,6,4,4,Berlin,20.743741094639994,Low
2007,45.012054753622245,120.19787652797893,591.565972971424,0.42942971094052285,2,1,3,4,Berlin,20.2979135354919,Low
2008,36.82911368931809,113.83634119053008,494.68888414319736,0.22546436367026745,2,7,5,3,Berlin,6.8033777434981015,Low
2009,51.59245668432405,113.6642915652574,444.7912576784479,0.281637417841733,8,9,4,1,Berlin,20.794111183714545,Low
2010,54.37570137626558,116.09175797915596,438.86159830104566,0.2715002965193246,9,5,7,3,Berlin,29.52771337807292,Low
2011,28.92440135631026,87.28447462039865,408.2726296942468,0.4090007862738826,5,5,7,2,Amsterdam,15.267328269631903,Low
2012,37.37275221433786,80.804627175921,618.1314986490298,0.2924577439183902,7,7,6,1,Barcelona,17.63640310348526,Low
2013,37.30857650212702,101.82042707945836,403.0207280785228,0.4155833340041385,9,5,7,3,Berlin,25.848406290679492,Low
2014,35.600968988911355,98.30202378582555,627.0156663512366,0.12940331072107011,1,4,7,1,Barcelona,7.974323803884108,Low
2015,53.294748419317486,72.2733440815435,502.84986233898064,0.17663758716119804,8,1,8,4,Berlin,32.25480039740722,Low
2016,43.06173861227197,90.1205852202067,421.81177897158057,0.32061369985854427,9,6,1,2,Amsterdam,25.12465858226703,Low
2017,42.35485158689389,79.12258833038514,592.7610823616202,0.478835329901078,9,9,3,1,Amsterdam,21.994808775078948,Low
2018,24.961376355932465,58.651677288498604,390.8819112915323,0.12990313868871214,7,4,3,0,Barcelona,16.787444293666862,Low
2019,51.35418030209226,112.26151853440874,595.7276061092319,0.11723368646274573,3,4,5,2,Berlin,16.578590955255134,Low
2020,32.60741605146528,81.37998106325223,531.9089181787677,0.16262026997114226,5,5,7,4,Amsterdam,13.908427515151006,Low
2021,45.599326302663286,131.21770644247127,410.5512966362119,0.3564612515440626,2,6,6,4,Berlin,12.244410406239613,Low
2022,47.773769379581914,39.36269324500418,579.2952223001839,0.25959716666809884,3,3,4,3,Berlin,18.428102480555562,Low
2023,58.60658595838651,66.08053067891584,581.9884588532958,0.43022095176707453,7,9,6,0,Paris,22.384185305186698,Low
2024,31.911796008808878,80.81597091727178,673.6279408714936,0.12877326059254635,1,1,7,1,Amsterdam,11.361271408568125,Low
2025,20.0,108.43452744072285,644.9220518613944,0.17856563472588044,3,6,4,3,Barcelona,4.785656347258804,Low
2026,46.83849544753695,89.98673431505463,573.6911031089425,0.22001056218595827,5,6,8,4,Barcelona,17.251654256120666,Low
2027,63.005111815108535,87.76181885451878,330.8613573186855,0.35069203467551413,4,8,5,1,Berlin,18.4084538912877,Low
2028,57.38946352939438,51.81840518614632,867.2880482261086,0.3740690761206189,3,5,3,4,Berlin,19.4575298200245,Low
2029,47.096594152746256,51.07646506926322,289.4575683392285,0.14968131758550954,6,9,2,4,Berlin,14.125791421678972,Low
2030,40.08363814367953,88.06261650724761,642.3894761423463,0.4775218835966958,6,9,1,0,Paris,15.300310279070818,Low
2031,53.071225966373106,45.89735015454104,564.6925725329447,0.23641765407608367,4,2,4,2,Berlin,23.28554433067277,Low
2032,35.26453800295531,66.70305624276679,323.8786441278328,0.3852675052001132,9,5,2,1,Berlin,24.932036452887726,Low
2033,49.76357769356219,92.52293322714644,481.3548591682251,0.30968308757907953,6,7,3,0,Barcelona,19.525904183859453,Low
2034,50.054701591666266,55.4418931930806,488.1870670633039,0.18910324541884266,9,2,1,4,Paris,31.9074429316883,Low
2035,55.6020990749888,120.13389905904516,695.8374073715786,0.4384913292461644,2,7,6,4,Barcelona,14.565543014958283,Low
2036,70.0,110.59840860594726,393.0033649579683,0.42729521127677195,6,9,4,0,Paris,23.77295211276772,Low
2037,48.92415967178767,40.71450004154249,460.7082490363469,0.25842874156667606,4,8,5,1,Paris,13.261535317203062,Low
2038,39.910363742925014,56.69071892045032,200.0,0.3354430342775422,2,9,8,4,Amsterdam,5.827539465652927,Low
2039,44.74425687808006,22.855568887626248,760.2144189685366,0.20313027837437592,5,4,4,1,Amsterdam,19.454579847167775,Low
2040,27.30924095110882,60.43521593629667,339.4297635469893,0.37594065149852063,3,8,6,0,Amsterdam,5.952178800317853,Low
2041,38.05286868910942,99.15971191430998,549.0366296358762,0.2236107250481726,6,9,3,4,Barcelona,12.15196785721455,Low
2042,40.90717561886896,69.65262644312858,484.7888255417204,0.437631493752894,8,2,8,3,Amsterdam,29.648467623189624,Low
2043,39.759116020654076,91.51993109039918,485.299854982499,0.18695404171090974,4,3,3,3,Amsterdam,17.297275223305316,Low
2044,46.52354872033722,41.941642042956396,621.4792977306313,0.10592136912738566,4,1,7,4,Barcelona,21.51627830737502,Low
2045,36.775800676177994,99.94938136454763,750.6893690455452,0.2074032167871674,5,1,7,2,Paris,21.60677237072507,Low
2046,56.210306673244716,66.12226930179125,537.7240504912987,0.17642099458379468,6,6,3,4,Paris,21.62730194781136,Low
2047,45.002070649181974,80.30424205707263,598.2617026445789,0.3033145758899697,7,1,3,4,Berlin,29.03376695365429,Low
2048,44.90699678861385,77.67813746517368,549.3337305090562,0.18148131666263054,6,5,8,4,Berlin,19.78691220321046,Low
2049,41.72105283487082,48.21128697769291,652.629713589594,0.4052759482877979,7,6,3,0,Amsterdam,21.569075333339228,Low
2050,46.551906838589794,51.17289170650544,430.5625430770509,0.19654825520160157,9,9,2,4,Barcelona,20.431054603592955,Low
2051,53.25098264667635,104.19486172508564,661.3085831624621,0.38278727196506235,4,6,5,4,Paris,18.80316751365353,Low
2052,36.328697842890996,89.97480393754239,666.5749798471076,0.33138836920548964,1,4,7,0,Barcelona,10.212493044922194,Low
2053,38.41883510924743,106.25122603883567,662.3805513024365,0.49449994258875374,9,1,8,4,Berlin,32.97064995866177,Low
2054,41.96273971223335,88.11645588756296,400.9778198995286,0.4999603908036927,7,6,1,3,Amsterdam,22.58842582170693,Low
2055,31.541290765267853,83.57476587023041,474.7493548644214,0.44781043332693204,4,7,2,3,Berlin,11.44049156284968,Low
2056,36.807421402785025,36.84973453333084,535.9200483170653,0.40399334771950046,8,5,7,4,Berlin,23.58215989803051,Low
2057,40.23779126455341,73.24083258097076,294.37369327564915,0.2545825656002295,7,6,9,0,Paris,19.617163035368314,Low
2058,53.74389180712728,79.3153919899064,739.2380312129022,0.40131069085252147,2,8,3,4,Barcelona,12.136274450663398,Low
2059,47.62561329001925,128.82767995681434,498.1585199746736,0.4826702148317963,1,1,8,4,Paris,19.61438613532374,Low
2060,46.93589911367545,97.17391580246694,542.5891831407082,0.10935103015817767,9,8,3,1,Paris,21.174280035684408,Low
2061,53.50897962167972,118.40152954273822,413.44933404091955,0.3151658800790955,7,2,4,2,Berlin,30.20435268729487,Low
2062,43.62628211600603,94.9384426473682,300.9683660949466,0.18719932175537385,1,2,2,0,Amsterdam,13.959877852355547,Low
2063,48.904648499288896,62.21741932626301,409.39551717878436,0.32315052634754016,4,8,9,2,Berlin,13.90289981326207,Low
2064,43.96778247067504,82.92810540374629,532.8806281450383,0.2865788359035565,5,2,5,1,Barcelona,23.05612310023808,Low
2065,47.653623493996285,85.90559115660582,601.014321913054,0.3303074326209138,5,8,5,2,Amsterdam,15.599161374408023,Low
2066,39.17241342388418,56.521110755732956,524.268731090408,0.3203848885674897,5,5,4,4,Paris,17.45557291284015,Low
2067,20.61182841723571,70.39031558517698,552.0086024362926,0.4840428156674248,3,9,5,3,Barcelona,3.523976681844962,Low
2068,43.65720837813696,74.8558251580707,449.4460437977935,0.32087444357389444,5,9,1,0,Barcelona,12.805906949180029,Low
2069,59.227481360999406,120.14049581412795,574.4372849368142,0.438492835249947,4,8,6,0,Barcelona,18.153172760799293,Low
2070,54.26215402241593,27.98148686522554,722.424929957886,0.2279281147203386,5,9,4,4,Barcelona,15.057927353928163,Low
2071,54.653974845911705,110.14546051790109,605.718416365848,0.2752402755164196,7,7,4,2,Berlin,22.648595208937707,Low
2072,57.36130721806218,56.58011912601543,621.431283237941,0.288165390417924,5,8,5,0,Barcelona,18.090046069597896,Low
2073,45.88657590961437,45.69802031825965,544.1024598959947,0.21149121733415188,8,6,1,1,Berlin,22.88088494622583,Low
2074,46.973157074055955,109.4985532509616,274.5267395600597,0.2519161045911821,8,9,4,1,Amsterdam,19.11110816812861,Low
2075,38.8234810456565,98.29745173085954,343.3000204053135,0.3394052317867101,3,2,3,2,Barcelona,18.041096631564052,Low
2076,41.8392714397295,111.36296755952975,568.2313700995765,0.33207510532181295,5,3,5,1,Berlin,21.372532485136976,Low
2077,51.15771149771142,100.01754868863942,498.3591422059871,0.3545741378293922,4,2,5,3,Barcelona,23.893054827607347,Low
2078,57.038844371688164,131.49612504343506,565.9764329709242,0.24072716616805645,5,6,8,4,Amsterdam,20.518924973187012,Low
2079,43.60553724319001,93.96809592361214,751.463512676611,0.22633259806122286,8,3,1,0,Paris,26.84498715356923,Low
2080,40.498107351485885,76.08806559692104,608.9053998844,0.34464715310166527,4,1,3,4,Amsterdam,22.095903736462414,Low
2081,45.005279588565976,88.57315943303357,688.8329308614233,0.15314469937101,5,4,5,2,Paris,19.033030870279894,Low
2082,51.01206748929115,111.08672820864909,514.2022084206095,0.201212617412856,7,5,3,4,Berlin,23.815746420915904,Low
2083,30.56145183866458,60.51561686849708,378.91764837733405,0.1168510947811981,3,4,6,0,Amsterdam,10.336946499411356,Low
2084,22.03819046862762,63.70278543671548,491.3200761178488,0.12904434103843207,6,6,3,0,Berlin,10.901900550972606,Low
2085,39.494631505084165,72.27599963505232,379.28722794212933,0.19735331170424356,9,3,6,2,Amsterdam,27.321922568567686,Low
2086,32.79287574085841,27.385430030866694,733.7442435158672,0.10781171211876761,4,6,8,0,Barcelona,9.915979843445202,Low
2087,39.91859802352689,83.45196021043867,618.5586614803204,0.19816423683498463,4,1,4,1,Paris,20.457221775407913,Low
2088,43.52219681182528,32.846782401224345,578.0768744942419,0.36199052922481045,6,6,8,4,Barcelona,19.67656433579569,Low
2089,40.467515909769865,81.32648282331547,685.3914803342155,0.12444283138757323,6,8,7,3,Berlin,13.38468308680669,Low
2090,59.524675344707454,101.63224390338124,200.0,0.2746946711178564,3,8,4,3,Barcelona,14.6043493145908,Low
2091,48.2674476460232,68.07808848390411,588.2206927013989,0.4652435147678198,1,1,3,3,Paris,19.632669441485156,Low
2092,48.004743596108284,121.92789675467176,303.4031323543441,0.41651393157016037,3,7,5,2,Paris,14.06656239453409,Low
2093,51.22207144043402,43.4874775145378,498.91164523015084,0.2221750009179429,8,4,5,3,Paris,27.588371441309633,Low
2094,33.61166882219231,109.78151704079582,453.24386112991783,0.46992219167665883,8,6,7,4,Paris,21.78272256342428,Low
2095,55.391117874202685,96.87842641017302,599.2604918145422,0.23185859869908995,6,6,1,0,Paris,21.935921349251704,Low
2096,44.2423571346454,37.099168792232774,534.2280933441433,0.129006198535025,7,5,9,1,Berlin,21.06276912574387,Low
2097,51.70480617241213,147.76985747601333,701.7675760417683,0.49762238270724546,2,9,2,3,Barcelona,10.987665678796093,Low
2098,34.28142766959844,78.40636786240084,409.715425860108,0.4480090108756687,9,8,9,3,Amsterdam,20.76451840963622,Low
2099,29.462412339839357,58.062899446109206,606.3671584449926,0.2863731133204369,3,6,9,3,Barcelona,8.702454835156175,Low
2100,53.17889658025029,44.82282013039958,524.3334825348248,0.3665506096769616,2,4,3,1,Barcelona,17.6191750708447,Low
2101,48.76409526097517,74.49954930850815,254.7064594892671,0.36849123114266813,5,4,7,4,Berlin,22.31414088971923,Low
2102,35.9794844564249,76.814828190251,362.2075312215451,0.17779289229218415,1,9,3,3,Berlin,1.0717742598493114,Low
2103,36.303369187253054,82.56613821349161,477.5182949716748,0.18001945326145294,5,4,8,0,Berlin,16.691205288790446,Low
2104,56.254347844147695,72.555096094401,666.8438674837591,0.28783228134073036,4,7,8,2,Berlin,17.254627166651613,Low
2105,33.10588107132672,95.83063275287734,569.5584586335672,0.4646292560550792,6,6,3,1,Barcelona,17.578056881948804,Low
2106,61.426729532559634,70.30925418341884,324.8748764178929,0.10399750994342832,5,2,5,4,Paris,26.467993959202172,Low
2107,35.99379265352131,31.625897068988223,478.952565792926,0.4130022543797437,9,5,7,0,Paris,25.428160339853832,Low
2108,51.38391925608383,76.26596260875897,802.6709673189546,0.12301071348586166,5,3,1,1,Berlin,22.145282911683765,Low
2109,41.71381524251015,20.813058665668045,516.6835002261287,0.2912888459532471,8,9,3,1,Amsterdam,17.927033032285518,Low
2110,51.03187431082343,88.84426577228474,450.90116373914066,0.35514913322939057,2,1,1,2,Barcelona,21.361053625540936,Low
2111,39.558859978858074,55.51749424293412,573.7609461134331,0.3747037068329859,3,4,2,2,Barcelona,15.614695061987284,Low
2112,43.37207093927706,84.08400887289501,614.5089619372955,0.12339170544636456,3,4,7,4,Amsterdam,14.245538336246764,Low
2113,45.40919175395721,112.85187453811511,431.5747478779912,0.2674414469535873,3,9,7,3,Berlin,8.797171995723037,Low
2114,34.978125442185274,56.2812826183,575.3862161557156,0.3335349042009299,6,1,3,2,Barcelona,24.32878667466488,Low
2115,52.408243454201255,106.53140646280295,450.6665754993786,0.1264182149224028,7,2,6,4,Amsterdam,27.986655185484402,Low
2116,39.867864335284146,69.16526083284617,607.8991402744158,0.15403782263812393,7,1,6,1,Paris,26.000737526966486,Low
2117,42.714000846599816,123.82987005163963,525.4539736956925,0.36545959580161547,7,1,2,3,Amsterdam,28.9687962119961,Low
2118,35.056506253914876,70.87118467004467,572.2951740579339,0.3086552786362607,3,1,9,0,Amsterdam,18.103504662537066,Low
2119,20.0,58.987675362332716,386.12246807487435,0.16473146450731624,1,3,8,1,Berlin,5.147314645073163,Low
2120,43.08972237399831,97.18096125988221,376.8070423890711,0.31409573476589336,6,4,2,4,Barcelona,22.067874059858426,Low
2121,69.12615421612915,69.1052567594091,641.8245956989092,0.46507694937776634,3,2,4,0,Amsterdam,28.388615758616407,Low
2122,52.84604287898024,58.96376214677478,488.09054279217594,0.10623503391014558,3,1,9,1,Barcelona,21.41616320279553,Low
2123,44.80739620265605,68.05400373240522,542.7552113149043,0.3570535093943419,3,5,4,2,Barcelona,15.512753954740234,Low
2124,42.37109170791732,78.88483669542497,454.0406859370221,0.1294601738421368,9,6,7,4,Berlin,23.005929250796566,Low
2125,45.22465892812046,113.55450328112136,634.8090161020466,0.10257977718588035,4,2,5,0,Paris,19.593195450294942,Low
2126,50.4711911517521,31.647806363510576,408.82850299555133,0.16026179546425354,5,3,6,2,Barcelona,22.243975300168167,Low
2127,33.19187184691155,80.57701647376052,479.65981401486755,0.2691626527415677,3,3,1,0,Berlin,14.149188081489143,Low
2128,56.143216946688725,95.62258986635108,617.8989219054697,0.4209375995927812,1,2,4,3,Berlin,20.05234107993443,Low
2129,52.15381315441244,84.8362143747949,675.9451548746399,0.21271419864182348,4,4,5,3,Amsterdam,19.773285932741967,Low
2130,52.18185725707934,112.74662923583836,421.4361063459975,0.35026928495550347,1,5,6,4,Barcelona,13.657250026678838,Low
2131,49.38475738809727,78.14136675603689,793.9525972933825,0.26446265518212264,7,8,6,0,Berlin,19.460053768250404,Low
2132,45.1961665769399,75.38621394535137,546.9862540540424,0.1937327167864032,7,6,5,3,Paris,20.496177140946003,Low
2133,51.7286123596682,94.80823867533358,343.5607607286894,0.30569884571314343,4,9,3,1,Amsterdam,13.075572165031893,Low
2134,50.91814133741378,82.48284537378375,555.3578072884952,0.4189857961490493,5,3,2,1,Paris,24.965300362714625,Low
2135,41.45959289058976,70.23978154298823,442.55011782748136,0.4329969480224577,7,9,7,3,Berlin,17.267847347401506,Low
2136,39.26398227103099,92.9036009896595,565.1102730774766,0.43860781275089467,6,4,1,3,Amsterdam,22.165272808818244,Low
2137,46.01856295261987,63.686792669583866,493.5715628509493,0.23542312502199178,4,8,5,4,Barcelona,12.159800136005877,Low
2138,60.49020151495188,64.72057119951683,511.1410535285217,0.41738242588630126,4,7,4,4,Amsterdam,19.820884713348576,Low
2139,32.60892924346099,66.80014945585967,363.26099351207813,0.18487138204356315,2,7,7,1,Amsterdam,5.131392593473929,Low
2140,30.3247473424756,113.82672900416019,648.509184607454,0.3953700404971533,2,9,2,2,Paris,3.551124607714213,Low
2141,46.647608412365166,20.0,326.5808949273452,0.4793537705090467,4,2,8,0,Barcelona,23.787820228800015,Low
2142,45.50887701856018,89.88997086907355,333.68526568925074,0.10549753387638289,5,5,9,2,Berlin,17.20763844433188,Low
2143,46.73341664370408,80.85679535500556,555.104052372123,0.2761455724715192,4,3,1,4,Paris,20.281480717826415,Low
2144,47.439531979085004,37.97823851904699,740.4266370766954,0.3591083953656019,3,7,5,2,Barcelona,13.322943547381522,Low
2145,42.76797745365195,87.74316947840006,447.1110354403389,0.3807103081950213,2,3,4,4,Berlin,16.137496318045798,Low
2146,59.898634386020824,91.8937997957883,605.1458484055948,0.17043510330768089,4,5,5,2,Amsterdam,20.173941348883055,Low
2147,28.990960215234843,94.740980783935,661.0010265295318,0.4888733100954371,5,5,9,1,Barcelona,16.086021165524823,Low
2148,36.71502975219754,20.0,622.2026655941104,0.34610614718838917,1,2,3,4,Paris,13.475570397543152,Low
2149,43.96745239850953,114.15973529636096,453.31875662394776,0.1657362404913071,1,1,1,1,Berlin,15.347598124465929,Low
2150,28.568111888458326,61.55658238287898,336.34299242088883,0.10820900468500612,6,6,3,2,Berlin,12.652523613387556,Low
2151,43.241455955679285,97.1641936688294,200.0,0.41330567951591035,5,1,4,3,Barcelona,25.605493581862888,Low
2152,61.61470165728018,98.52684451705716,460.573925080641,0.13188189577818366,4,9,2,3,Barcelona,14.30322945496589,Low
2153,45.20886488295962,58.082572859517676,676.7131052843262,0.15642036842809462,1,5,1,0,Amsterdam,9.62686314916883,Low
2154,47.30700905718683,96.51149880878876,331.3751022857099,0.3299320107422763,7,1,1,3,Berlin,29.99142282457881,Low
2155,32.3983523482742,70.36266897719105,605.0314771278148,0.3414022013798479,4,8,8,0,Amsterdam,9.133527718280739,Low
2156,38.83638591960523,28.215570516546066,357.47712049221917,0.3747548474369594,3,1,4,2,Amsterdam,19.898464250251163,Low
2157,41.24803619676063,109.19354813819447,515.9108864580257,0.2574056050654483,7,4,2,0,Paris,22.948466909682672,Low
2158,41.82284903243766,60.623875924594,606.1687421232526,0.40955946758672923,2,7,3,0,Paris,10.142449385598592,Low
2159,57.81643795003769,58.637663431548646,401.0756844742358,0.4897434398463555,1,4,8,0,Barcelona,18.242365783474863,Low
2160,50.57691060725124,69.92335329908195,525.5727021045371,0.20843797723195323,4,5,6,1,Barcelona,17.757452954494905,Low
2161,33.88542043062968,86.8059181331847,437.73629949120067,0.38121144661517836,8,7,8,0,Barcelona,19.477740595340684,Low
2162,47.46504778432005,78.56823972944744,605.7722988407265,0.4713874609580627,6,4,5,4,Paris,24.953388944876643,Low
2163,49.98221748496785,93.70167311767926,535.2975752726956,0.37451470504681705,9,5,3,2,Amsterdam,29.239812295958522,Low
2164,56.40149038521267,46.51276583678353,508.4761511643901,0.3724437994577038,1,7,6,1,Amsterdam,12.144885110140837,Low
2165,60.805406865683736,61.44034073923163,733.7524940212967,0.18950902763408264,1,1,8,4,Paris,20.636712336045946,Low
2166,34.84905808172131,77.10007319196166,599.3459213552453,0.3140520801278772,5,3,5,2,Barcelona,19.095238225795164,Low
2167,36.89142488789662,127.44718231646763,396.4472200810566,0.3250091374418321,6,1,5,1,Barcelona,24.817518840787304,Low
2168,32.42422141085384,77.15468653965605,487.1204148803357,0.3800518249823811,8,3,3,2,Amsterdam,25.027784673079964,Low
2169,42.659801408930186,107.1305565915408,488.61518223805086,0.4987285799584731,3,2,3,3,Berlin,20.785226222263788,Low
2170,49.663583744463345,80.96387921960795,512.0479358937818,0.11345752901750483,6,5,8,2,Berlin,20.533650413514053,Low
2171,54.87334516589102,67.90853406406079,878.6763914911241,0.12609306450699476,3,5,1,3,Berlin,16.22293419483725,Low
2172,44.24048976357477,73.83188939713898,555.6277839066495,0.1311800277723675,8,9,4,3,Berlin,17.083947206796104,Low
2173,41.80152476745156,75.78950719927798,200.0,0.39719165379558274,4,8,9,2,Barcelona,12.512373968191298,Low
2174,46.51757992248741,95.09114347401847,418.58015424245525,0.15454151804430302,2,3,6,3,Paris,15.00068915718925,Low
2175,36.64857098369977,114.36528168941386,210.1441868756287,0.34898074979613813,9,1,6,1,Paris,30.984378793071308,Low
2176,65.89538721694774,88.99202119215803,450.530261443124,0.2298675511573834,8,5,7,3,Berlin,30.567291676658158,Low
2177,28.923389728819412,109.67694196854389,201.90346554103576,0.2829279824842844,6,3,7,0,Paris,19.00629674348867,Low
2178,46.847405788957246,55.88025655925786,369.2614293397358,0.18626526392696557,3,5,6,1,Amsterdam,14.41687437595683,Low
2179,65.2360621922964,69.63423727964924,271.891770554882,0.4464426245218168,2,9,9,1,Berlin,14.535244902907088,Low
2180,45.067998445599976,61.89243664480833,557.6240266951216,0.33446012966521055,4,1,8,1,Barcelona,23.365000830332097,Low
2181,43.099609649985055,87.86111477187131,500.0809043943318,0.477825305432901,4,1,8,0,Berlin,24.208135949324525,Low
2182,41.42554577189573,71.02604037051465,545.4443461248096,0.32983849988173186,1,9,2,0,Amsterdam,4.226048730386037,Low
2183,43.19608318237592,98.24432342585489,484.317291714721,0.14956321223877866,9,3,7,0,Paris,27.95445707710056,Low
2184,58.728484746765304,56.72495720918896,290.8553374693373,0.16834817353539017,8,5,1,0,Paris,27.802027159383492,Low
2185,22.88138088670493,81.07577433303203,577.0282053882103,0.49562959054713895,7,9,8,0,Paris,12.320710171482869,Low
2186,60.33433701296325,97.1714477753064,788.3336840404179,0.3902260789323472,6,5,3,4,Barcelona,26.502561893212444,Low
2187,30.76042847549855,28.367430623984745,561.381886790982,0.11971150001163587,3,3,9,4,Berlin,11.925243542765923,Low
2188,42.333476707655855,133.0407826832551,436.1113101023651,0.38151240201386594,4,9,5,0,Barcelona,11.015167032435416,Low
2189,40.707555797013384,72.9212028780031,285.78992358418327,0.26486921872384467,2,7,7,1,Amsterdam,8.360958926342462,Low
2190,50.8855326977072,29.374002158095678,363.7899543860052,0.22288335472927623,7,7,7,3,Barcelona,20.99449335660492,Low
2191,29.018756481162526,83.95234746441965,567.9559484858089,0.16162431749221373,2,8,9,3,Berlin,2.321870119270895,Low
2192,49.62172666081943,80.83608669932877,660.9677040199063,0.43596158182262623,1,5,2,4,Paris,13.746133816472092,Low
2193,65.24309623286852,77.95264051068767,539.1299262082964,0.12553655159564028,6,2,4,0,Paris,29.82829438581696,Low
2194,31.368259954071895,104.77977782316665,619.9830934558975,0.21593418495185612,4,9,8,2,Paris,6.06981983574013,Low
2195,46.89706167610396,98.6861242856764,606.1517366040864,0.22255315753028176,8,3,5,3,Paris,27.794650078134005,Low
2196,38.38017822203391,87.44690477559612,575.9801587078877,0.16436211358540015,1,2,5,3,Barcelona,12.157674602464175,Low
2197,49.25887206193036,91.25389084866619,401.22896071081163,0.30327395331474816,9,5,3,1,Berlin,28.31040115172659,Low
2198,45.19147777415752,77.39103876404783,526.0885267962728,0.10468105072435706,6,8,5,3,Berlin,14.604253839490823,Low
2199,38.5851309095569,124.38727123100121,372.74332941767926,0.22039020616416366,2,3,7,4,Berlin,13.279441334508707,Low
2200,49.87872284871074,43.020099541055835,502.61434294371526,0.47345177761322566,8,6,4,0,Barcelona,26.69813463074548,Low
2201,63.04348109786743,83.49129185539742,549.6295296600368,0.2242118277368023,5,9,8,0,Paris,17.65516260672825,Low
2202,43.09096208272701,81.62561577971951,751.8175711080282,0.24418375484270066,5,2,6,3,Paris,22.36912617324511,Low
2203,52.19757942148182,100.33201015161482,303.54020384485517,0.2892660192936286,5,8,6,2,Berlin,16.551934019380834,Low
2204,32.06727042128836,58.90365306437752,572.2261446486958,0.32467734994058994,7,7,6,4,Paris,16.36695462579241,Low
2205,35.43563623181991,36.4081849400866,722.1854887435393,0.42348345792829767,7,3,4,3,Barcelona,24.365525448828947,Low
2206,49.72406277880377,83.92057540245483,613.8271648758194,0.17612848926240707,7,1,3,4,Amsterdam,29.178503726265202,Low
2207,59.84116028535965,87.0307623054651,624.9418164237562,0.44869855087702293,2,6,6,2,Paris,17.439333594378123,Low
2208,48.5561334878566,117.23998523619122,588.1542352801719,0.4030197428575558,8,2,6,4,Amsterdam,31.597037474932538,Low
2209,41.86941969476845,48.24094884187285,694.7501734663125,0.3890601338646221,1,3,2,4,Amsterdam,13.951427247076758,Low
2210,44.99291405423354,108.867344167918,336.8782747831448,0.1347218294858541,2,5,9,4,Amsterdam,11.345092511128604,Low
2211,32.495922660302824,139.18535910067803,292.111000104463,0.10865627598983388,7,8,4,0,Paris,12.835339557989183,Low
2212,51.045153263553665,70.55587781193807,499.0498789302116,0.3376050803632336,4,2,4,2,Amsterdam,23.689596782698434,Low
2213,53.82333062323409,47.726444512669396,200.0,0.4452535850092645,9,6,8,0,Paris,29.59953503706287,Low
2214,40.4790966716692,69.82564084066573,684.5968706267017,0.33377658565625434,9,1,3,1,Berlin,31.981494858063304,Low
2215,40.299578522404985,80.35012418428452,683.1072793243162,0.18529394617821235,3,7,7,3,Barcelona,9.442813018503616,Low
2216,47.658782296520485,94.09469687517287,434.9974167373211,0.1362079591796853,3,4,7,0,Amsterdam,15.659714280752997,Low
2217,40.63280263959405,65.21513175404881,444.38441050092354,0.379838581127094,9,1,2,4,Amsterdam,32.48822660314915,Low
2218,44.338673853741774,118.87996335368355,489.1478787273993,0.3887081109271239,8,9,3,1,Berlin,19.688683265393774,Low
2219,65.99721789166516,52.13669212479846,507.80309756594295,0.16901268027484345,1,9,4,2,Barcelona,9.989292170247982,Low
2220,42.52974299254004,36.51987119568,519.0760878791428,0.11127612619861452,6,3,2,2,Berlin,21.371684159748156,Low
2221,41.41659847978778,107.66776060718294,583.7348160317455,0.2633134052892788,7,6,9,0,Barcelona,20.05811359682912,Low
2222,38.52458194364841,23.13447421984501,474.10604704872827,0.33308748085320883,8,7,6,4,Amsterdam,20.38824939162661,Low
2223,52.441919714999365,74.8967557781821,641.478995521669,0.3824009638268765,2,4,1,4,Barcelona,17.556585552768574,Low
2224,43.18775826781897,150.0,566.8921665687955,0.4239780036611611,1,6,1,2,Berlin,10.196107516957301,Low
2225,38.506269616785744,79.69891117600172,408.95548311910466,0.34421497092269293,4,9,8,4,Amsterdam,9.49403059426265,Low
2226,58.21304032273012,51.98080873259376,700.2669001706146,0.144352243439394,1,6,6,3,Berlin,11.907434531212978,Low
2227,59.19603004513637,78.56506340533015,296.261452081627,0.37303266885696595,2,7,7,0,Amsterdam,14.989135702110568,Low
2228,38.99576434261295,78.72998028451165,486.1751283767785,0.4936706571579529,3,6,6,0,Paris,13.635435874363413,Low
2229,26.33460048639384,84.01624850882791,645.0376101613201,0.46223383383896155,4,7,2,4,Amsterdam,10.022718484307768,Low
2230,55.07513689836922,96.55657455399049,391.53903426317834,0.44866756370780514,6,1,3,2,Barcelona,31.509216706588816,Low
2231,38.15370174239996,54.02222079080652,546.4333470150727,0.22086806134333636,8,6,8,3,Barcelona,20.65479113615335,Low
2232,52.90625599162769,122.18870138091984,581.5009395498572,0.4003152705816003,9,9,4,3,Barcelona,24.375029503304308,Low
2233,25.298961822881644,86.12785710931544,370.92141980281417,0.44044137838605824,4,3,8,3,Barcelona,15.494102330725077,Low
2234,53.92597338299309,98.1698511600451,489.12834206089474,0.3713304818525053,1,6,3,1,Barcelona,12.891096833422981,Low
2235,32.88828070719219,64.29626500610894,476.52442546861846,0.20022470262719222,5,4,2,4,Paris,15.86873123842958,Low
2236,52.307641190665244,112.15955342488834,417.23932222515606,0.4815335887499833,5,7,7,3,Amsterdam,20.007628244699404,Low
2237,45.142730678364344,73.57368977967339,845.2512278076163,0.28032776458347036,9,7,1,4,Amsterdam,23.846096849344008,Low
2238,35.460605806033556,86.93881283733829,385.53404698317865,0.15192222346635176,6,9,3,2,Paris,10.657403976473583,Low
2239,40.929636870732196,56.67234807032227,650.7395441101825,0.14391115802295681,5,4,2,2,Paris,17.718002641449228,Low
2240,51.86318456956701,55.07670933994683,441.0798474678287,0.3590075949196183,5,8,5,2,Barcelona,17.149031320066285,Low
2241,46.05894453115234,97.20513266132207,337.00457166720776,0.2750838585666957,8,8,2,1,Berlin,20.56852194501266,Low
2242,50.844129804724844,68.90982924481536,515.4221364732604,0.13779355007158545,1,8,5,2,Berlin,6.631174442133305,Low
2243,64.76440584515485,58.65442281239058,597.3640076581252,0.3961458288624379,5,8,3,4,Barcelona,21.390780042170835,Low
2244,29.357583882889486,63.920416449324236,638.0764362598518,0.41973006690344794,1,6,9,0,Paris,6.004575833901326,Low
2245,61.17212574968624,97.47382679293553,734.3397665982604,0.3901662523145806,7,8,9,0,Amsterdam,24.253300248051676,Low
2246,46.04355937523213,64.27405346990973,941.786943490265,0.18090435107360517,7,6,8,4,Berlin,20.62211132330569,Low
2247,36.01215951676872,77.0586267099459,537.5771305633396,0.3759101823984278,8,2,5,0,Berlin,27.562749679014892,Low
2248,31.696863742610102,80.37569375717743,400.53617392619185,0.10428912115775404,7,3,7,3,Paris,20.05195033436057,Low
2249,43.10879609222967,32.06627784974253,567.9311490192337,0.2220448558713637,9,6,2,0,Barcelona,24.153087386382538,Low
2250,54.2165011192446,43.22183986566205,460.06805743902623,0.2595286125630175,8,7,3,1,Amsterdam,24.360236461403552,Low
2251,43.724508796224654,88.40694723118906,638.8949194778345,0.4340987795542006,8,4,2,2,Barcelona,27.4583404344094,Low
2252,60.11154930247348,61.57426597118257,305.42535554514177,0.2561577492277617,3,1,1,0,Barcelona,25.09504228301966,Low
2253,30.48824309948441,106.41812278201046,855.2501813600657,0.10450777847575932,4,4,3,0,Barcelona,12.191550714602917,Low
2254,44.87911052153945,104.17017760626361,628.4072142163269,0.24093856473120379,4,6,4,1,Barcelona,14.873118803773874,Low
2255,32.47606555586881,97.97921665888593,247.3993973305753,0.2995696393437149,1,8,9,1,Berlin,2.738516060197791,Low
2256,48.63631882624968,125.49429468281494,393.6456646527542,0.4796019146691094,6,4,2,0,Paris,25.386914794565996,Low
2257,53.868873900973,77.92276680642043,622.4121566170908,0.47641372151581796,2,1,9,3,Amsterdam,23.42479938545008,Low
2258,40.792382063189464,96.22204814759598,676.4516084257182,0.17234961528856463,9,5,1,0,Berlin,24.46121077184248,Low
2259,20.0,65.38997558509922,309.16435591520553,0.17405861669578063,1,7,9,3,Amsterdam,-0.7594138330421938,Low
2260,46.98948146796494,141.3092478217181,606.9538775649423,0.1653525825858202,1,6,6,2,Amsterdam,8.750370266247684,Low
2261,49.367385517335094,129.5908413109005,207.89901910071148,0.4155687729656413,6,3,8,4,Berlin,26.465903384856944,Low
2262,49.042947549616976,80.2970108629448,486.5996201793431,0.10240881614736255,1,7,3,2,Berlin,7.236972426358716,Low
2263,57.35782191822154,89.66465574762981,666.8070263154809,0.15087087927675094,3,4,8,0,Amsterdam,18.71605536823397,Low
2264,34.28946320350951,113.98243998412013,417.27264048455294,0.3151838526576396,2,5,9,0,Amsterdam,9.93867748762925,Low
2265,51.802161054504495,76.32151237964733,273.9616551292979,0.19902482675470623,9,7,7,3,Paris,25.030896583898414,Low
2266,56.92507512477975,63.58439823000738,521.9322194566339,0.13694258329570486,5,2,4,1,Berlin,25.446948370390974,Low
2267,27.214124159934833,101.84974377517206,409.29217000467827,0.24395120493353373,6,4,6,3,Berlin,16.60374929731579,Low
2268,48.19651825918977,81.96098115209175,594.4337549098753,0.20968304202409793,2,4,6,1,Amsterdam,14.555785897997911,Low
2269,39.958201689923285,84.57486124113152,367.2010351672909,0.3044417226057138,8,6,2,1,Amsterdam,22.031877733034126,Low
2270,44.18477326898354,59.14321642330086,384.104466552035,0.4916934375320784,6,7,2,1,Barcelona,19.67236635601585,Low
2271,48.476764835383364,37.05819629091509,200.0,0.14972185472596738,8,4,5,1,Amsterdam,26.040247997874683,Low
2272,40.12771435886448,85.90356024697752,525.4917066577224,0.24909068193363773,8,1,1,0,Amsterdam,29.02922112699572,Low
2273,38.24291920838388,102.624051037355,475.8642592585102,0.4727940071489899,1,1,5,4,Paris,16.700815834005063,Low
2274,45.34152417488025,74.35483127309895,321.74229938898935,0.45074921739752905,7,5,3,4,Amsterdam,24.609949426439364,Low
2275,34.12754061137197,115.91073798897168,529.0698070650639,0.25770841391371224,2,1,3,2,Barcelona,15.315346322548713,Low
2276,34.141748711148146,62.40209186461139,654.0605450966209,0.3795813058078946,8,3,8,2,Barcelona,25.53833767142339,Low
2277,51.79373282956503,53.632388625852,467.66480848715753,0.13514280543253823,2,9,3,2,Berlin,7.389547903194888,Low
2278,33.51205964841344,78.31924232009672,540.2250424732961,0.38501642221744603,4,3,3,3,Barcelona,17.40378211669849,Low
2279,51.66312500909212,77.93518561621774,540.9966874377747,0.4891430917938966,2,3,1,2,Berlin,19.8903684206666,Low
2280,49.62591292853951,99.24921828338057,319.35052592315594,0.31499526113367665,7,9,8,2,Amsterdam,18.537726489898617,Low
2281,27.741932712094034,60.62592939840038,808.4878731061394,0.2993960908137657,5,5,6,2,Barcelona,13.816540721765866,Low
2282,38.22435347664345,114.20235592037245,429.3725254816574,0.17492744788076414,9,8,8,0,Paris,19.21658052180068,Low
2283,56.94109403047372,129.17292406270633,598.4174302790407,0.35351527956291673,5,9,3,2,Paris,17.11748100477128,Low
2284,35.18834468860318,79.02139932579145,615.3822915843574,0.33617491231156593,8,6,6,4,Barcelona,20.91825252969661,Low
2285,40.355957376906126,111.24276050460796,479.0607309326372,0.3607732237903002,2,7,2,0,Berlin,9.21451945097484,Low
2286,49.62060893251896,53.5875732343685,591.0192537589452,0.11043331467388873,3,7,3,1,Berlin,11.490515826494576,Low
2287,52.83390509282596,106.88053852954789,536.8728832724584,0.31948939533962945,6,7,4,3,Berlin,20.54506548124408,Low
2288,42.48461113955504,106.18191021398657,287.35403641588914,0.3379739373989492,7,4,9,0,Barcelona,24.125122715856005,Low
2289,39.02489805308358,101.58593200474697,450.1590948124868,0.1830120541651209,8,2,4,0,Amsterdam,26.537589957576284,Low
2290,59.223698616985075,79.61092277824265,408.11736464689074,0.18333314299541442,3,2,7,4,Amsterdam,22.600441015049665,Low
2291,62.388996637975794,20.0,430.73824379808093,0.21048726740437995,7,7,8,2,Amsterdam,24.321571665436533,Low
2292,54.788580507817954,63.95682140869677,304.39952332450434,0.38468863669089504,8,7,5,1,Berlin,25.783460519254337,Low
2293,45.85318142565024,64.35209955788496,668.9650575119045,0.3425064254129487,6,7,2,4,Barcelona,18.68101868182456,Low
2294,36.91734278359074,55.543626548488064,740.298898192012,0.43830505844712186,4,8,8,4,Paris,11.45825341954844,Low
2295,36.695555934434346,83.05607511367666,646.7004463997613,0.21826342873723928,6,3,5,0,Amsterdam,20.691301067702696,Low
2296,50.22514105265758,69.52591386196913,690.5793836220714,0.4648272239553274,9,5,5,1,Amsterdam,30.21581455535054,Low
2297,49.18398220888684,59.38469975587445,448.3047744487766,0.39748246479334337,3,6,7,4,Berlin,15.730019310599484,Low
2298,59.01598592946429,53.5299962938045,404.5614747520945,0.25800466800547883,2,8,6,3,Amsterdam,12.284842458894076,Low
2299,51.50450092536139,62.11217536286928,383.21194297824326,0.1381048262501824,5,8,3,3,Barcelona,14.83239854011024,Low
2300,29.96919698240182,108.0374802962482,596.6097384435834,0.202793464994993,7,3,7,4,Amsterdam,20.518693744670475,Low
2301,55.51947617722919,63.47437363431264,534.0594579716225,0.4827072868859401,3,4,1,0,Berlin,21.48291572202816,Low
2302,35.01939372685587,67.1265323391682,488.41674326023616,0.22414535035363176,5,6,4,3,Barcelona,13.747271621593075,Low
2303,41.16028728047648,68.58255962441885,694.2722816293015,0.2319603840596258,4,4,4,0,Berlin,16.6676900247392,Low
2304,47.502002062516944,88.4748378452355,560.7412030723015,0.17583557243908682,7,4,6,2,Paris,24.00895634314595,Low
2305,64.95667489783965,91.40623721321332,374.2013543719123,0.4227402404555062,2,5,6,2,Amsterdam,20.214404873906954,Low
2306,70.0,20.0,397.8636756296458,0.21025769209691095,7,7,8,0,Barcelona,26.60257692096911,Low
2307,51.06723059136183,105.5408803456902,602.2989948881218,0.23210329934754226,2,2,1,4,Barcelona,18.64120217088397,Low
2308,43.168033812796125,115.90920085609385,656.2599278981895,0.26573924337265065,3,2,7,2,Amsterdam,18.607802577565344,Low
2309,50.345056484805504,53.74533656595827,582.7520348383954,0.2734913119098439,5,9,4,2,Paris,14.33843006454009,Low
2310,53.87655425873836,55.692543881629135,784.5333121808121,0.2645363161660087,7,4,6,3,Paris,26.808329439281593,Low
2311,41.793323744428086,68.74366530554322,745.2510748597128,0.3014974781498915,6,5,9,4,Amsterdam,20.052971904827338,Low
2312,62.95211355912322,61.09989951358488,566.1553752276144,0.4258051518465613,7,3,3,0,Amsterdam,32.64368558620258,Low
2313,47.30070759191402,85.59817184866516,374.21290107777463,0.42771401629680883,6,2,8,2,Amsterdam,27.467352440542292,Low
2314,49.97743089091394,31.336867841028393,303.5018732402349,0.4193252535053388,1,8,3,4,Berlin,9.186481802327569,Low
2315,51.659242520544616,52.05180979908151,441.89273824779275,0.14044993564659503,5,4,6,2,Barcelona,20.902272112629337,Low
2316,49.21586610614456,118.47993000437269,612.9820169624236,0.41987152130992567,1,1,2,3,Barcelona,19.463475044942623,Low
2317,53.38940500469612,56.79450081629955,773.9970618967907,0.14810070939463071,7,6,9,4,Amsterdam,22.49782859535514,Low
2318,38.82746813453077,111.08570695257312,562.61705516162,0.1498895080209032,4,6,2,1,Berlin,12.147135520568263,Low
2319,39.41698246053969,88.88345488975342,675.3084191346854,0.4791451086539843,5,2,5,3,Berlin,23.616545824701753,Low
2320,33.99845767028305,34.76830713529355,463.20387707182965,0.42775913788221653,1,2,6,0,Barcelona,13.47712867990708,Low
2321,49.39501230620226,95.88322988040515,593.4153687841325,0.3209641867472035,8,8,4,4,Paris,22.028145559332714,Low
2322,52.78936503512114,77.05831744517866,623.5035244215759,0.4499880817911449,4,7,7,2,Amsterdam,17.83669032844779,Low
2323,49.57772866151886,68.61332359375649,203.06085862212075,0.49574585702074514,3,2,7,4,Amsterdam,22.83077716866311,Low
2324,61.744924333475375,86.1239273293001,437.9841796435235,0.34425682665271107,1,1,7,0,Berlin,22.466045566569722,Low
2325,44.94403981170954,91.8658371391698,642.4550576416805,0.3451593747926072,4,8,7,4,Barcelona,12.934805691438935,Low
2326,51.687416555925125,97.68979554936548,541.1702503454848,0.4017708116639712,3,2,9,2,Berlin,22.523933083417248,Low
2327,34.08299123860686,109.45632118870006,320.52274277736,0.19285558094613311,8,5,2,3,Paris,20.65345318104339,Low
2328,41.12900297525599,90.20339781945891,200.0,0.16684994460751973,9,6,5,3,Barcelona,23.007200338651995,Low
2329,51.95537757565778,45.609147780340955,445.13288820469904,0.403832300006029,5,1,9,2,Amsterdam,28.124936272757623,Low
2330,53.491021107431436,68.15886355872023,489.26214606591816,0.23796191799764094,9,2,2,1,Barcelona,33.426925512205834,Low
2331,42.060330523358175,150.0,367.4115575257482,0.15402814252237362,1,4,3,1,Barcelona,10.158380582231187,Low
2332,44.28400748141933,98.1122765095432,521.4627405541992,0.22595109036709993,7,2,7,3,Amsterdam,26.544713148096797,Low
2333,29.821262533191906,139.23218252028744,575.9580120849342,0.24345474714983018,7,6,9,0,Paris,16.380926231455874,Low
2334,41.42970799193391,114.88585205497964,600.6030756089349,0.4860910638022763,6,4,3,4,Berlin,23.289823035602932,Low
2335,53.90383163519786,86.04505178889372,200.0,0.37918388443516926,4,3,8,2,Paris,23.462988334911053,Low
2336,50.75205016106566,87.53517674452793,302.85723532878194,0.3123425269598936,9,6,8,0,Paris,27.349040317918632,Low
2337,50.0066572138121,79.08549900307885,454.3066027467897,0.48754925547304195,3,9,4,4,Paris,12.377489718874047,Low
2338,45.4977368718096,36.554884603837515,585.8259696556195,0.46125589618967233,1,8,6,3,Barcelona,8.261880023439602,Low
2339,45.07063158628176,80.45118131170561,573.3851020325053,0.3048003426456639,2,2,8,2,Paris,17.569192902341165,Low
2340,38.39678860526553,110.26686381355492,570.7804921815014,0.4622718541507923,3,3,9,0,Barcelona,17.641755123087577,Low
2341,51.98828420202535,65.00900012946991,442.4873087046602,0.26172186322506263,2,2,2,4,Barcelona,19.21370389285823,Low
2342,49.2097294438939,90.29882497654523,450.8549844035059,0.19216826614264987,6,7,1,3,Berlin,18.184601494594666,Low
2343,49.920188479927994,101.28977614732993,390.7506097367389,0.19307127072883407,7,9,5,3,Berlin,17.406769251266738,Low
2344,39.739651573324196,57.25798901718811,615.2291192158772,0.36492620977685075,5,1,3,4,Paris,24.071157569765766,Low
2345,23.466570801287556,68.71742839140839,361.92668183906324,0.3004281282829109,5,3,6,1,Barcelona,15.544252523215373,Low
2346,55.97152711753696,54.55221273807102,627.5054592784355,0.36358033880217866,7,6,1,1,Amsterdam,25.427261523282873,Low
2347,40.211625439915956,59.445859832764825,531.1779857206469,0.374430385704868,6,4,4,4,Barcelona,21.807791489023465,Low
2348,36.372242359568794,47.80986790867347,493.24332823172693,0.10892914915908705,8,1,6,4,Berlin,26.500964199461507,Low
2349,51.934789119139936,57.488788465549334,401.49344003353,0.12161583693916095,9,9,2,4,Amsterdam,21.296595105133594,Low
2350,41.0798736008087,115.48639201994598,296.66872082538106,0.31307109063649996,2,7,8,3,Barcelona,8.954672986607608,Low
2351,55.59936384046622,57.113074272742686,402.8520865432931,0.17641419110403078,2,7,4,2,Paris,11.943951063180172,Low
2352,51.17005949576698,83.16148047651726,450.4989697062671,0.35301350752177585,1,1,2,3,Barcelona,19.38115292394785,Low
2353,51.83569323200477,67.4282811582261,200.0,0.3208742956682592,7,9,1,3,Amsterdam,19.259450926284025,Low
2354,31.340442887994655,109.47164842592348,470.39672669980035,0.3343041433483565,4,8,8,1,Paris,8.745174299881961,Low
2355,57.11943985386401,112.77905741509042,638.6536052039008,0.22098215193240428,9,5,1,4,Amsterdam,29.845653475483243,Low
2356,47.61250531233856,101.60174955347367,585.0826858150808,0.3559374025111587,6,4,7,3,Berlin,23.843125618813154,Low
2357,41.307228607537965,87.65336382756888,425.5691186387739,0.4317970545940092,7,1,7,3,Berlin,29.210139128201483,Low
2358,46.43388467342251,74.22351157897754,507.04044476228415,0.4992285014368949,7,9,6,4,Barcelona,19.4224504163957,Low
2359,27.237647671016802,50.20313239521875,416.5753145867001,0.4353777544688857,8,8,8,2,Barcelona,16.525071845993896,Low
2360,49.08652811480671,128.58822202805493,522.3141100003544,0.32299950387197895,4,2,1,1,Berlin,22.955953473161802,Low
2361,34.706284918179286,61.00817455618616,731.0161735616048,0.17737183667198264,3,4,1,0,Amsterdam,12.185603842173613,Low
2362,31.473297141564657,96.59115867582103,645.2748203937314,0.3725783504479284,3,4,1,3,Amsterdam,13.16777264694868,Low
2363,29.77640813782109,106.48913931558494,578.1191458539129,0.4750615142231913,8,7,6,2,Paris,19.183537583578243,Low
2364,56.12688374989925,66.11798757736676,426.06726314244224,0.18474661589292096,3,3,7,0,Paris,20.18553128389898,Low
2365,38.707366063072115,105.95031318289905,612.4907589417257,0.20239824821063085,8,8,9,4,Paris,17.636192301027943,Low
2366,60.33727709916499,99.10533008347139,246.96845729404205,0.15960341736466047,2,7,5,0,Berlin,13.197217303396101,Low
2367,39.64198536947702,123.19909588454414,462.14697770136644,0.3946886574505607,5,4,1,4,Berlin,19.839482185348714,Low
2368,27.926420424070532,68.26633833933222,587.5567129735925,0.26262460136946375,5,9,9,2,Berlin,7.504172140915796,Low
2369,33.83475560051341,47.85339956800713,611.0631821071627,0.12507825555455365,7,6,5,0,Barcelona,16.40120923569956,Low
2370,57.35811620006939,67.36275611388723,600.4826735323611,0.4499799965961121,5,3,6,1,Amsterdam,27.207234825981935,Low
2371,43.441018220633325,85.22133856335829,544.2246033814541,0.3230687618810267,9,7,9,2,Berlin,23.76299308500026,Low
2372,39.51712703509399,81.45531817712641,470.64125313741755,0.23243771680014233,3,6,2,0,Paris,11.179515278529617,Low
2373,46.60018225852788,70.16405259313623,580.6963954739733,0.2375931904244388,9,8,3,3,Paris,22.355986581802753,Low
2374,50.01782736167545,32.27006352556893,357.0708439120549,0.21610048807636273,1,5,7,0,Berlin,11.666353089266263,Low
2375,56.17398815902461,91.76207490322766,373.2984105060125,0.28219206895705673,3,6,3,0,Berlin,16.67411713727795,Low
2376,59.484992298929264,129.308611977055,509.2602014690445,0.234816675395258,4,1,2,1,Amsterdam,26.69366444363136,Low
2377,41.40231354210914,91.60628095307509,525.9796464063121,0.3191785216282438,6,8,7,2,Paris,15.612479278915178,Low
2378,31.739523139179617,95.22838797633784,226.15772321530306,0.4094069009085177,8,1,8,3,Amsterdam,28.115925950839063,Low
2379,40.86534838876724,94.31113265387755,568.2719571424278,0.3697845133777494,7,3,9,2,Berlin,25.457449650407664,Low
2380,47.60280506582886,89.92616674706,615.909256687909,0.21778275710164685,8,2,2,2,Amsterdam,29.458669090765124,Low
2381,35.36241073789389,103.29164917170237,488.4072143800557,0.3114964046159117,6,6,2,3,Barcelona,16.723687267527282,Low
2382,35.428490851049574,89.88434202964164,856.1699424925988,0.4360504639649003,6,8,7,3,Berlin,14.989051894963874,Low
2383,48.437878815498856,72.1830707586681,397.5597340527221,0.1272824938970902,6,8,4,1,Paris,15.804188583620558,Low
2384,44.51347648429549,60.10027724978115,445.83692549196957,0.1313189067947619,3,7,5,4,Paris,10.167232013236266,Low
2385,45.327969954115865,73.77565861798313,440.7399640809186,0.3224680272199014,4,7,1,1,Amsterdam,14.323071258433776,Low
2386,37.41504665299931,87.85323741126665,488.5718583063474,0.3556460513559213,6,8,6,3,Berlin,14.780974509459003,Low
2387,42.69599285794233,72.09792597192566,450.69127805505633,0.18456520631036166,7,5,8,0,Paris,21.154449920486318,Low
2388,35.757668557316954,87.85846707828576,288.9784183092693,0.39808805067660724,3,3,1,0,Amsterdam,16.20818107396116,Low
2389,53.90198411124787,90.97875334251044,418.01775556452867,0.358505350816291,4,2,2,2,Amsterdam,24.75564874153727,Low
2390,55.35249334723753,100.82948578175454,485.3568956338886,0.46931570729451455,6,3,7,2,Berlin,28.7989050771164,Low
2391,26.538121377619063,112.06987422097451,684.2858123092997,0.16758168074341467,1,3,2,4,Paris,7.137253220719865,Low
2392,35.7048913980759,81.95018546197144,830.336491005937,0.4005497061432043,7,7,9,4,Paris,18.21696448085481,Low
2393,30.03470744909921,47.30558587130848,700.3210846775983,0.13345723623330683,1,1,6,4,Paris,10.84498459706283,Low
2394,38.49976065593102,71.37239757952025,383.69314554910903,0.32611696380715904,9,7,5,4,Berlin,22.311097834850894,Low
2395,44.16562030209639,81.10156418516499,395.6285584060752,0.3207580557996583,9,6,7,0,Berlin,25.457266648625502,Low
2396,30.503547803014698,34.105781095572745,476.10071337359733,0.25535401785869627,9,2,8,3,Berlin,26.704604519491372,Low
2397,35.78140186874687,114.71661300256204,767.683833328038,0.43782845906742696,4,1,9,4,Barcelona,21.61270515129833,Low
2398,34.960426279185015,83.55944781276166,475.186392172716,0.1017482579144049,2,9,6,1,Amsterdam,2.0056104628995537,Low
2399,47.07267329398944,89.53382086450712,300.8738764193854,0.30807176075940834,7,2,5,4,Barcelona,28.20251959579091,Low
2400,45.6934433703625,114.13816156315664,424.82342945704477,0.18686141993407498,4,4,7,0,Barcelona,17.5766472104495,Low
2401,37.78262446662747,64.24642924644132,613.5584002729125,0.3973994476465732,5,9,2,2,Paris,11.80878181645397,Low
2402,46.76820872139398,94.35104827210075,603.4910415344131,0.11722697052243887,1,9,8,1,Paris,3.7027323216425834,Low
2403,39.533199154127345,77.25339692245161,469.96750002625157,0.4326218752726311,6,1,4,4,Amsterdam,26.686178498964516,Low
2404,42.283448896739465,75.39782832460202,602.5122010340046,0.4352368906827806,7,2,1,0,Amsterdam,28.037403575849645,Low
2405,61.734520902985366,60.69519030489052,200.0,0.4331464049614012,3,2,3,2,Berlin,25.85182032050962,Low
2406,58.40461051790348,121.64008034216317,515.5743852549047,0.16102741069306795,2,2,9,4,Paris,20.131657262301722,Low
2407,32.004187630724026,70.61249899811072,629.1028132052945,0.35216260742441796,7,8,4,0,Barcelona,15.122882363461388,Low
2408,53.29732417879175,97.48660617239256,375.07050872681975,0.10574694367335585,1,8,3,0,Amsterdam,7.046666690371083,Low
2409,53.11396554491592,33.12481531320159,374.5492195255568,0.43918503651567997,2,8,4,3,Amsterdam,12.326040028631574,Low
2410,33.51736711247382,109.49971324224467,220.0327770854787,0.38919007740344824,3,4,3,0,Barcelona,13.947110907776626,Low
2411,53.18777643754861,106.30527889892647,738.4843392216042,0.3124614923597011,4,8,3,4,Berlin,15.080947854861595,Low
2412,60.37931918412553,82.43585275743257,391.976903446765,0.3922365732386469,5,7,2,0,Paris,21.536161487624128,Low
2413,33.77455193755586,74.3264383465519,536.1564916793168,0.1377296386607089,4,8,6,1,Paris,7.50966196787385,Low
2414,35.824971789857365,90.00000014033915,590.5875562225062,0.31146233287074254,3,1,6,0,Barcelona,18.362114865664637,Low
2415,55.17661466843502,137.21976652200723,726.8101923712179,0.21651059672657819,1,3,4,0,Berlin,16.218090367796286,Low
2416,47.71495310825648,35.919082527412876,476.9153339021547,0.48904778528918924,7,6,8,1,Barcelona,24.204963785368832,Low
2417,50.514762752395235,99.55068468935319,419.08553093323724,0.4428471802495607,6,1,6,4,Paris,30.082900628214176,Low
2418,48.40589216400497,57.209567446152434,525.960147285583,0.3933102783335908,2,4,8,2,Barcelona,16.454870432537398,Low
2419,48.90695920928144,79.50204009250672,692.6120414813431,0.4734990540998928,2,9,6,3,Barcelona,9.907078303783358,Low
2420,31.73527871688917,73.80299702303343,474.4741202898824,0.2387373218261895,3,7,9,2,Paris,7.407956833328645,Low
2421,55.47317706621448,69.29204355505611,356.7696377623886,0.46035195959527253,8,1,3,4,Paris,35.745472715817066,Low
2422,56.69589992427774,79.73837177368176,268.88632875269565,0.23009529284268415,8,6,3,4,Paris,26.309722905710164,Low
2423,42.70609255931972,51.645721368055234,316.80539230921624,0.3931186878764612,8,6,2,1,Barcelona,23.743014646560532,Low
2424,44.56523050186138,105.72951090319918,629.6587246109998,0.3945667647105796,7,2,6,2,Barcelona,28.31523679766421,Low
2425,29.688924974442777,35.14641222003499,451.90632855397826,0.1073399505816374,2,6,7,0,Barcelona,4.980076998149206,Low
2426,50.14254756017835,93.49411282070855,408.8718635118934,0.24442387931127807,1,2,7,1,Berlin,16.487003061166284,Low
2427,50.72057441714144,71.83660368663573,392.60491652240864,0.10777306896339917,6,8,5,1,Amsterdam,16.293903014776422,Low
2428,44.37808983000689,50.72687765481366,512.7568790300272,0.4988368070440995,8,7,6,3,Berlin,23.801795019443063,Low
2429,56.24353359870503,85.05958426496738,464.08173593516244,0.1488787047316952,1,6,7,1,Amsterdam,11.361847126928462,Low
2430,41.659227690200595,41.076222832338054,459.0301784421121,0.3171243582592438,3,6,2,2,Paris,12.669011889652616,Low
2431,50.646059258936006,80.99284554299086,702.3985891716109,0.41622249550505497,1,9,7,4,Amsterdam,7.856042732731349,Low
2432,34.80335661307885,44.42807730471114,730.702442279245,0.180505440904357,9,9,1,3,Berlin,16.746061392967224,Low
2433,44.76447849125762,91.53180210794578,258.49674906365055,0.2940210672381891,7,2,6,0,Paris,27.369554219759177,Low
2434,43.25645742097164,56.89106665924061,549.1389096714437,0.34297150436846036,8,3,8,2,Amsterdam,27.906652269976092,Low
2435,47.25307922040942,68.72514957426726,383.4706852067912,0.16408190175821816,9,7,1,0,Amsterdam,23.316742783705003,Low
2436,41.304730711666416,87.34873469857905,462.76233292083595,0.4114221839646154,3,9,1,1,Amsterdam,9.005641053146077,Low
2437,43.68527404328332,60.6864472039441,546.3917577690041,0.21973458287574613,2,6,6,2,Barcelona,10.30292804174246,Low
2438,53.26047171441506,78.55090000829243,468.09201246036207,0.18440923053553615,6,1,5,3,Paris,28.32223381967988,Low
2439,40.63235762761782,42.15423746887866,534.568982094145,0.3233154985749668,5,7,3,3,Barcelona,14.922862274035015,Low
2440,28.934228992613207,95.77189008990389,600.9455309047876,0.26412545105717516,4,1,7,0,Paris,17.821523208355714,Low
2441,62.49583904205421,124.12284513876929,544.186520081048,0.4681143778545671,6,5,7,4,Amsterdam,27.929895491161933,Low
2442,58.814540786904864,149.80522169774903,402.9745543748565,0.4520250792792616,6,9,7,3,Amsterdam,20.664613028864075,Low
2443,32.07737304894381,82.27920366666098,405.62005895445145,0.2933402653555533,3,9,6,0,Berlin,5.056614568238675,Low
2444,51.897078052451945,99.70510351992966,284.0442055072947,0.24370550989023904,2,1,4,4,Amsterdam,20.506178514637973,Low
2445,39.97025229448657,35.48435817731277,371.91195537189225,0.2302071926525061,9,6,9,2,Barcelona,23.29314761487103,Low
2446,47.634872153310596,117.5683581576397,794.3102542847791,0.20702544923260296,8,3,9,3,Barcelona,27.860716138319205,Low
2447,47.94224129013494,99.40571261810265,381.1994638857133,0.3178191414849909,4,9,7,3,Amsterdam,12.060863801890388,Low
2448,42.65592199683678,67.90166387621917,320.993178133427,0.42199144189381743,6,3,7,0,Barcelona,24.51669101798921,Low
2449,37.16234334413603,110.92952000722524,547.989179276716,0.22430264328142313,3,2,8,3,Amsterdam,16.391729436055044,Low
2450,38.094589476837406,73.63809808386647,483.44528610622103,0.1760376358752326,8,8,5,0,Berlin,17.188753201803546,Low
2451,35.83808084518758,68.5493704246361,470.6610144726162,0.29019352247331476,3,3,9,3,Berlin,15.15335947828942,Low
2452,36.681777917695555,91.88337313568728,711.3568949618135,0.12761376671906663,2,5,6,0,Amsterdam,8.780671042499332,Low
2453,44.328217099506446,53.41613750424203,582.3690013337548,0.38051160245188276,7,6,7,3,Berlin,22.10358115437076,Low
2454,37.842400108892484,105.5406191099987,420.5010602444787,0.30734330652077346,3,1,7,2,Amsterdam,18.92615309787548,Low
2455,51.820520657126195,53.600254701828916,436.328612361233,0.29854992318914164,9,7,9,2,Barcelona,26.03165542902928,Low
2456,59.87246155335927,53.74863025442035,424.61202291414725,0.220178151820009,3,7,7,0,Amsterdam,15.66351998420787,Low
2457,39.19946758629957,57.25775528979164,631.2109432370386,0.46186937501269465,8,5,3,2,Paris,24.87853402601682,Low
2458,47.39404500535377,98.98750093790305,453.77785558202936,0.13619451673982108,2,9,6,0,Paris,6.080158669004341,Low
2459,49.996851103029336,64.5806159620073,231.0269746318774,0.4479296035548126,9,2,6,0,Amsterdam,34.47835136645693,Low
2460,49.72002270919275,46.30010539082078,492.7520481898483,0.25068208096636907,1,5,7,1,Amsterdam,11.922827622421512,Low
2461,45.759552679160876,64.85800000160505,269.4460998308106,0.452249406390009,3,2,6,2,Amsterdam,21.250359867648353,Low
2462,52.426824183597226,79.19894073298782,827.6345902632353,0.39150458333295346,2,2,4,1,Berlin,20.643093088408705,Low
2463,49.82248952680657,50.47568790839036,355.1498129229153,0.14166829066481534,7,9,6,1,Paris,16.86342976469012,Low
2464,32.62337577672702,51.20797227414141,475.7202851963404,0.43261451460374145,5,7,3,3,Amsterdam,13.613157879055525,Low
2465,53.69156064389273,132.7824083524896,538.7304102051705,0.37287073347980204,8,4,1,0,Amsterdam,29.83617552796584,Low
2466,53.872908372667425,58.48586490465283,456.7012758981155,0.11292076516613939,2,8,1,4,Barcelona,9.29108016346162,Low
2467,37.367138958214184,71.92394078067483,456.4954397800711,0.153481072843868,8,4,5,1,Barcelona,22.744952415902933,Low
2468,45.37937835447602,70.81907498001786,563.2740929241315,0.3542512223342781,7,1,8,3,Berlin,29.656325729685584,Low
2469,51.833289928110695,69.46607980573896,728.9323938194418,0.365040201152114,5,3,3,2,Berlin,24.700388989954348,Low
2470,42.906861804206386,95.53366849922756,615.1263622725946,0.398660573135038,2,1,2,4,Paris,19.358664272612295,Low
2471,55.729780477660114,103.70357376180124,721.7770817860314,0.3880981603099928,7,2,8,0,Paris,31.59991574639796,Low
2472,68.6387249461936,72.3511392117102,343.0071337859747,0.363807981867982,4,2,9,3,Amsterdam,29.2296973025379,Low
2473,37.140139673650175,49.088042835191274,547.6043949883042,0.40649556069856907,4,7,9,4,Paris,12.706997509080743,Low
2474,31.18955396846225,111.86100569622258,523.286907808742,0.33003428235694915,8,4,2,0,Amsterdam,22.657209014108165,Low
2475,48.03818595604876,77.61647272008294,552.6636937515102,0.20431655420978198,6,9,8,0,Berlin,14.954621328912447,Low
2476,52.21562505126143,123.25804537142922,706.4347955953359,0.46495064549228726,9,2,2,4,Berlin,35.314193970301304,Low
2477,42.69133626155231,23.86035256087093,466.8816275311919,0.10728561237279118,2,9,7,3,Berlin,4.380257002193604,Low
2478,59.53260663321034,84.88508053208301,439.17449501688685,0.2466246879485961,5,6,8,4,Barcelona,21.326028869449065,Low
2479,31.613942002767512,127.9651583469052,580.0971196127996,0.3915481172388654,6,8,1,1,Paris,13.399663773218906,Low
2480,51.92918623031611,71.16839661404605,233.2695908651229,0.27086241645986975,8,7,8,0,Berlin,23.78738003369353,Low
2481,38.94139179241107,74.3626644166341,464.47219263167324,0.10993376299200573,4,8,3,2,Berlin,8.781755167643375,Low
2482,62.19377906207296,87.38779228975847,479.87034660718206,0.12639236124648529,7,9,1,4,Berlin,20.422057331086737,Low
2483,64.92515353168119,66.03010452787606,361.94620755396124,0.3594549476553155,7,8,7,4,Paris,25.07209553605751,Low
2484,37.33343412216652,72.19820169868167,658.5588517034865,0.4859458397621199,4,6,3,0,Paris,15.059488634271158,Low
2485,39.5044286409142,71.55462264521492,340.6639523985074,0.3207454543337996,1,8,8,0,Barcelona,5.058783135612254,Low
2486,53.59587886979802,64.31448163934067,479.6190427454306,0.30270312720950765,3,8,9,4,Barcelona,13.105794933034481,Low
2487,41.12869350210485,110.72141375501398,543.9735837984452,0.22733008522250692,2,2,2,2,Barcelona,15.611908902856527,Low
2488,44.54588782067762,91.52695080741088,703.0177342214178,0.20267626954642526,3,2,1,0,Barcelona,18.390529041667538,Low
2489,45.2538842054241,86.26570580258254,498.416534767872,0.10839399270251389,5,1,8,0,Berlin,23.16010518865237,Low
2490,25.803268438023437,100.21427517225291,640.4230391192316,0.20918194705618848,1,2,6,1,Amsterdam,8.832800001968916,Low
2491,44.86162253905763,73.39110416991333,605.0893095915691,0.27964417634610095,5,7,1,3,Barcelona,15.754928525178299,Low
2492,38.10272225935826,60.64490454117748,518.5186334253714,0.17917991321958007,2,3,3,1,Amsterdam,12.722615810003278,Low
2493,40.06877177600228,64.93439238463607,336.5729887589817,0.1349391953925717,4,4,9,2,Berlin,15.370023486726403,Low
2494,59.43632003468814,80.04457602761522,284.8128708643477,0.3870911469018411,6,4,9,3,Berlin,27.70180747942485,Low
2495,32.434931057207436,53.519707290677445,515.975810212878,0.45784810762722683,9,4,6,4,Paris,26.308960393434496,Low
2496,53.132051867479774,67.4934745853331,418.595468914608,0.47470882787483426,6,2,3,2,Amsterdam,29.686703838992273,Low
2497,42.21037069668191,67.09708395321414,637.8891637521938,0.34719949139879575,2,6,8,2,Amsterdam,11.135106122992534,Low
2498,42.202398315041656,133.11390574572533,611.8784777147866,0.12110983303971273,8,1,6,1,Berlin,28.371817824909627,Low
2499,52.90371896051711,20.0,472.30835083444254,0.3963450519847094,5,5,1,3,Paris,22.334566208002226,Low
2500,48.4005129456889,75.50950696485917,326.3430614088096,0.14403812210475456,9,2,6,2,Barcelona,30.960535104754214,Low
2501,50.70612997219531,123.14234482036926,576.610332441091,0.36789924707512955,9,9,5,3,Barcelona,23.390831462409892,Low
2502,54.68184660532861,83.04611160331135,347.30758307972746,0.4117463342991503,4,2,8,4,Paris,25.522017324590085,Low
2503,41.686916168166775,98.83543683552732,386.23041156037027,0.39034588433058914,1,6,2,3,Paris,9.409533693755924,Low
2504,38.87763265492249,82.4956578774942,353.0876392677268,0.48075352230445223,9,4,7,1,Barcelona,28.470825019521268,Low
2505,34.148494734422016,63.31666546958799,479.224846709007,0.39525851378695587,9,6,6,1,Berlin,23.19713355819616,Low
2506,36.74589470021045,23.952101637277174,675.5288501105842,0.3772839111927234,8,2,1,2,Berlin,27.796607521990367,Low
2507,70.0,85.13639217590757,499.2438694664707,0.20469726887324097,5,2,8,3,Paris,30.04697268873241,Low
2508,57.44679580736786,60.60983488494022,433.51719613584567,0.46990747457436066,5,7,6,1,Berlin,21.433113487953968,Low
2509,31.489256337919787,59.9916148458674,271.15776049321335,0.17181754831766677,6,3,3,0,Berlin,18.664952384552603,Low
2510,31.7754204325643,67.5253186005222,582.8186877094764,0.4619586445892506,1,3,5,1,Amsterdam,11.652212575661796,Low
2511,49.81866061718492,123.62153516558735,382.9393091107059,0.22506501733836415,9,7,7,4,Barcelona,24.696248358539115,Low
2512,50.47264797377967,140.12093855634933,517.6276428737145,0.1520654375510675,5,8,9,0,Paris,14.662448767644578,Low
2513,50.48883835317365,85.43019843821003,446.86720761250393,0.43067321090846833,7,7,4,3,Barcelona,22.953383615036778,Low
2514,42.45044206446302,68.38081940220681,625.7265829399157,0.10099818144033167,8,3,2,2,Amsterdam,25.245114433742224,Low
2515,43.745457399970995,50.56933956371974,476.41454119571716,0.4328353270723323,5,3,3,0,Berlin,22.95199049071462,Low
2516,48.27879524159357,91.71350403865173,491.16104682154224,0.20492473681839038,3,7,7,1,Berlin,12.032885940661975,Low
2517,45.858930062933304,124.5726400016286,572.8620721183189,0.45388850910224854,6,3,8,2,Amsterdam,25.796564109902477,Low
2518,22.80699627252465,73.81649032437107,816.0410273394779,0.37659167289663165,7,2,5,2,Barcelona,21.60801561072371,Low
2519,42.70200369424806,20.525098981169393,633.2670395537832,0.366473333140236,4,7,3,2,Amsterdam,13.975334439676779,Low
2520,36.485935657396865,96.7512417953881,486.7090840477086,0.24612782526593735,9,3,1,2,Berlin,26.90705894987843,Low
2521,46.75211418908512,104.63499278625123,500.47969859229323,0.1237611895563084,4,5,1,3,Berlin,15.76324615228862,Low
2522,70.0,40.353858990353814,421.2710809513348,0.4320292392822309,2,7,2,3,Barcelona,18.82029239282231,Low
2523,48.67481665474304,84.41210459157382,357.5006444720457,0.1683615180706112,9,2,5,3,Berlin,31.286060177129023,Low
2524,41.86470313827602,91.28065040340248,417.0873819400517,0.2489034567579009,4,8,3,1,Barcelona,11.048445509061814,Low
2525,54.21801501977252,78.17231744977654,384.1776554432086,0.34014187420363273,4,2,7,3,Paris,24.666823247968082,Low
2526,49.826878872092124,60.23072702286616,598.0052575693828,0.2929014954242487,1,4,2,2,Berlin,13.877078615870122,Low
2527,49.200944904518416,105.3984305890889,339.32077131965207,0.17946425406852723,2,4,2,0,Berlin,14.554926012040797,Low
2528,51.06850593215671,69.91550635078293,699.9815842070067,0.15624654275291358,3,8,3,0,Barcelona,10.883017207176147,Low
2529,65.56543564829542,42.8703459325017,612.8069575428244,0.14929850890011626,7,1,1,0,Paris,33.662615783489784,Low
2530,33.69111564674084,28.763137858257977,503.0752594051503,0.44520315259968035,9,9,2,0,Berlin,19.05936622001905,Low
2531,49.736320768114545,111.52123799998274,500.04779171976026,0.11262381962453345,5,6,5,0,Berlin,17.047134426679698,Low
2532,35.73618870018461,95.41659941177795,416.407803557817,0.4908057038399577,4,4,3,4,Paris,17.62891364845496,Low
2533,50.55512646342248,82.19933867822922,540.5126617021646,0.17941147615416564,2,6,6,0,Berlin,11.960652700568403,Low
2534,35.81313488513906,68.99313407872991,663.2138694812884,0.14412891875163125,7,6,2,0,Barcelona,17.18522965305803,Low
2535,40.82633186394916,66.77503964492183,394.52653066162793,0.3307886619107181,6,9,8,0,Paris,14.055786178291926,Low
2536,42.049100857620935,53.10658378895972,269.99118666219044,0.13199438317627865,7,4,4,1,Paris,21.934674089049068,Low
2537,54.75816719344709,69.21360888600287,605.4827382285116,0.340981305265438,8,8,3,4,Amsterdam,23.837263210688505,Low
2538,54.18454443942414,26.99781962199564,548.6548961365701,0.44025065792544527,9,1,5,0,Berlin,37.15786991108169,Low
2539,32.542826235536154,61.598408663287145,331.9701797838231,0.11915920858696993,5,6,8,3,Paris,11.954439956530544,Low
2540,45.54934110999849,72.22656209122266,389.9912943628823,0.41994744181141763,5,5,9,1,Paris,20.36427675111372,Low
2541,37.904201452508275,95.24700117976047,371.1343588924789,0.2577909763928475,4,3,1,4,Paris,17.449170199680957,Low
2542,32.414950893246655,79.0018384156659,391.32015964486266,0.163796253532484,3,4,4,3,Amsterdam,11.362447803298837,Low
2543,42.82982949575629,99.87307784688898,451.44758689382184,0.17043859210698364,7,8,6,3,Berlin,16.553334769796724,Low
2544,41.915172115441806,113.72837762783574,460.0179043578879,0.4675058174776905,5,2,6,1,Paris,24.249609809409446,Low
2545,69.26716486345522,106.45425234560254,402.38095173973096,0.1442423007762658,7,8,9,3,Berlin,24.22257246679922,Low
2546,49.32959825360696,91.76274618446392,386.2754270750108,0.44671311484626286,2,7,1,2,Paris,12.766010624544714,Low
2547,31.22382499245763,80.29656697951961,465.6823484120928,0.31769784839344584,9,1,5,1,Barcelona,29.044125981671748,Low
2548,39.352259958290574,55.48029978966102,525.1537302289341,0.11562247152657563,9,2,1,1,Paris,27.96190270275293,Low
2549,55.213832954293984,98.4986012844829,452.5555195452733,0.28579045828693533,9,7,6,2,Paris,26.922054469157544,Low
2550,65.88442772869925,121.99368455553824,673.8000535011952,0.4269798057905203,5,3,9,1,Amsterdam,29.535126376514977,Low
2551,29.140166877620416,88.55265099126045,576.213157163118,0.3904811150556402,9,2,4,3,Paris,27.646861213842524,Low
2552,26.20075614860955,127.93147871065307,261.37312147119565,0.2955129670738872,1,1,9,3,Barcelona,11.315356515321737,Low
2553,63.70965175371782,41.8607072984729,578.559164812078,0.44401995187848686,2,7,3,3,Paris,17.053095044900214,Low
2554,48.89614177370904,51.14591538051147,590.8315973878374,0.14814590471209188,5,3,7,2,Barcelona,21.65030157923363,Low
2555,36.31707268123634,101.38003769370656,434.7897547813713,0.4639764213569476,5,6,5,3,Barcelona,16.53488601794038,Low
2556,50.346290861224354,86.60725525383128,275.72036190452667,0.43857648339333954,6,8,1,2,Barcelona,19.4896520923007,Low
2557,20.0,112.84455441429519,501.2100139116704,0.3833107302628944,8,6,7,2,Amsterdam,16.833107302628946,Low
2558,45.03375506597161,79.6132089818315,498.8437022776634,0.42715509685149977,1,7,8,2,Berlin,9.28167748830648,Low
2559,48.278211728430854,58.300614436791705,331.75306452002076,0.31752620273706644,9,6,6,1,Berlin,26.65872554589992,Low
2560,54.2427013953783,74.66016894487393,282.3171175610097,0.3700649716390668,4,7,1,4,Barcelona,17.473460135004157,Low
2561,34.861040477074624,41.682900726906645,486.8669680319841,0.3242392282831116,8,5,9,2,Amsterdam,22.2007044259535,Low
2562,45.856871614033594,51.78523317257414,465.0384211923767,0.24217141220317973,5,9,7,3,Amsterdam,12.678775606241874,Low
2563,35.74575373940412,104.31109994795025,437.41019520164093,0.327544318944471,1,3,6,2,Berlin,11.499169311265947,Low
2564,47.55383755674317,101.81968536174026,487.4883897880158,0.2029861330127703,9,6,4,0,Barcelona,25.29601259715065,Low
2565,36.04653677636976,89.07510712015193,334.58354392695213,0.2761116683363141,8,9,3,1,Berlin,16.07507771627407,Low
2566,40.918991608397796,36.973061975988266,434.77690807008287,0.2123101629040973,5,1,4,3,Berlin,22.898799111560315,Low
2567,35.04184605209771,71.03991061217779,579.9987545921522,0.14915511578455562,4,5,1,1,Amsterdam,12.504104973474867,Low
2568,51.51136241823657,49.375002783498736,447.5044879473067,0.22874474255596247,8,4,9,1,Amsterdam,27.740856151030595,Low
2569,53.58451116656666,109.41333134469413,249.2041292311172,0.44079488727390825,9,9,2,0,Paris,24.983302222709085,Low
2570,42.653794300425865,65.40694666093496,429.0961583414643,0.2524323082569223,7,1,2,2,Amsterdam,27.820461372696982,Low
2571,45.382379949600285,52.85630723046127,339.47623047397093,0.3992014595875476,4,4,3,3,Amsterdam,19.606728580755558,Low
2572,30.51408585366456,80.74490412803561,540.0704444692597,0.1700791416952645,7,1,1,4,Berlin,23.355017173052012,Low
2573,42.00323351993213,63.99613857913471,547.8256105070639,0.2697676636670566,6,3,3,1,Amsterdam,22.798646692650202,Low
2574,44.49795382958255,117.09359775509267,251.18380623709535,0.14594242773407062,3,4,4,4,Amsterdam,14.80881042621547,Low
2575,70.0,61.629727561645225,613.8519455873284,0.15544842534699588,3,1,9,4,Berlin,27.05448425346996,Low
2576,33.88032974225837,45.01929351938422,333.1720548082162,0.34697455195602767,1,5,5,2,Amsterdam,8.133844442237788,Low
2577,59.64177238752438,26.177162106062106,733.8773435723527,0.3429927269796045,5,6,6,4,Amsterdam,22.32245898605336,Low
2578,54.96858773465808,79.23033743966462,492.6835603249075,0.1853487629419449,8,1,1,3,Paris,32.84406394981687,Low
2579,47.806364044901365,65.95174715355184,313.0409752191257,0.28976927771551947,6,4,3,2,Barcelona,23.2396019906256,Low
2580,62.586204841951336,44.27738483720683,328.7020893960978,0.44532246679117915,8,4,7,4,Paris,33.22908612049719,Low
2581,48.72105472606863,109.73066153139463,552.2142937681017,0.16968060347059316,7,1,7,2,Amsterdam,28.81312245252652,Low
2582,48.891591956679285,96.68112868573104,441.3050165152434,0.10768421322940594,2,2,1,3,Berlin,16.74431971929784,Low
2583,44.46879346982455,79.29455302656926,485.5019135572789,0.36079805626542893,8,5,9,1,Berlin,25.448618603601652,Low
2584,57.235688824186276,114.10815610427167,741.9170349045559,0.121399283235474,4,2,1,0,Barcelona,23.384699479610624,Low
2585,55.96469233810883,96.56340083496532,395.1133903656387,0.49197609542897835,5,3,7,2,Berlin,27.20916865572243,Low
2586,38.743227125037876,59.428602462039194,508.994428654356,0.3438481135195524,8,9,2,0,Amsterdam,17.561449272706888,Low
2587,31.807528054012327,54.01949590023085,712.976673105958,0.28815854113758893,5,5,9,1,Paris,14.923843827579587,Low
2588,42.97019362604343,100.44953861134654,540.5770213199601,0.2719970160097227,5,1,9,3,Barcelona,24.111028247910255,Low
2589,36.999614356023535,89.90917391168378,259.00958969629914,0.3292282634067726,6,5,9,1,Paris,18.892166940874787,Low
2590,44.36475425384645,84.24369419926654,575.8083517598205,0.13624977468808597,7,3,4,0,Berlin,24.171924023034794,Low
2591,57.37438134684139,58.837554928277314,325.54957133248337,0.47200762352779835,9,1,6,3,Amsterdam,38.43239063933041,Low
2592,40.4269834491321,95.19868917514384,711.0211293099447,0.35025682742075115,7,3,2,4,Barcelona,25.130663308947142,Low
2593,44.571766186884254,61.11252792165127,376.56985925030335,0.17359139904436352,6,6,3,4,Berlin,18.10744384650891,Low
2594,45.58022734808395,77.45033363515805,945.4264261618497,0.32503242150586514,4,5,6,2,Berlin,17.424392419483834,Low
2595,53.484308822052846,116.1736036596745,720.1063982491518,0.15330260233320467,2,1,1,4,Paris,20.078318669947897,Low
2596,22.53110666015395,63.479144104746354,380.5081145558032,0.10702108702332486,9,2,7,0,Berlin,22.829542868279432,Low
2597,38.932997052347034,40.67526857317848,503.00207075024156,0.3522067940855992,5,5,2,4,Paris,17.7019670565601,Low
2598,47.11283692279473,53.68632020324724,613.0466422450195,0.3593933367480512,5,9,8,2,Berlin,14.22778444431893,Low
2599,57.000789564268615,104.85747066719058,617.5490711340061,0.3334786331213662,3,5,5,3,Paris,18.935023200494243,Low
2600,40.08097552493795,86.36827843450524,566.3504389964296,0.17339328174400925,3,5,7,4,Paris,12.258225474921474,Low
2601,26.23447293958126,76.77806553278116,687.8238555449165,0.34137194339790683,1,1,8,2,Amsterdam,11.784061315853446,Low
2602,51.197114459661364,67.27265486721076,481.55465800484455,0.12260437636980792,5,5,3,4,Barcelona,19.08517810159649,Low
2603,38.646376111743706,92.13399768882975,444.99234971359505,0.34369534222876896,3,8,6,4,Barcelona,9.030866255810803,Low
2604,33.103333409096386,58.77237872524441,447.9704018113084,0.3216068076430475,2,9,9,0,Amsterdam,3.64706809915939,Low
2605,38.75654610286776,87.6416392160649,628.7559847958191,0.3621019323356398,9,3,4,2,Berlin,28.747983154216726,Low
2606,43.1547464234415,61.71863577967608,554.777156045397,0.4581902423009575,6,4,7,2,Berlin,23.528326350042022,Low
2607,38.952553354617876,57.55851536812365,543.6925498535385,0.4401432420958147,3,7,1,1,Barcelona,11.58719842734351,Low
2608,22.944339429009307,64.06281412937471,619.2851373885773,0.4922616766250155,7,7,7,1,Paris,15.305918594952946,Low
2609,53.970661968871326,70.61481383790095,200.0,0.49049641317463,9,1,9,2,Paris,37.5961627224077,Low
2610,57.748750412787224,78.77925410165741,546.5103235812726,0.4089278773495011,9,6,8,0,Barcelona,30.41390389733118,Low
2611,51.51521991339506,85.88639487777786,532.7853333310574,0.4825678488710913,1,9,4,4,Barcelona,8.780244462729428,Low
2612,33.62314329575183,20.0,750.3212121951058,0.44691355435564484,2,5,3,3,Amsterdam,11.056078532281997,Low
2613,42.98508466052482,59.80873605633088,270.71180266044996,0.39103297995798914,8,8,7,4,Berlin,20.805855197737337,Low
2614,44.93478684770542,70.21075056609902,733.5779948565137,0.13015370185750208,1,9,1,3,Paris,3.2819730728866454,Low
2615,50.987943895619104,117.62655096520825,511.3113693386999,0.1196199553079551,3,3,8,0,Amsterdam,17.99258272176528,Low
2616,51.68340488718081,52.9999347904467,573.3484295990067,0.43503982700230814,7,1,1,1,Barcelona,32.355419736177325,Low
2617,37.65826201221504,84.06991545249781,751.3878181414065,0.2958623431486793,8,2,7,2,Amsterdam,27.256102035151304,Low
2618,45.819955564135604,117.37575774339594,584.114190200836,0.4258426737499684,5,5,6,0,Amsterdam,20.504413406740362,Low
2619,49.57280404615241,47.17578675131818,560.0552434193842,0.22516730826208775,2,7,8,3,Paris,10.6235142964666,Low
2620,59.558223221467664,89.84938064661006,536.3436778703477,0.2590599433292051,3,6,6,2,Amsterdam,17.45806639973235,Low
2621,52.04506539824723,59.94320415163699,427.47827975084346,0.38007468840477276,9,4,5,3,Paris,31.414266503521894,Low
2622,52.89056687375519,67.38415644276914,495.72663132344104,0.4661306947728373,7,9,9,4,Barcelona,21.028477009854928,Low
2623,45.838266279293606,59.92222915116714,392.6730850815877,0.13510458979155437,1,4,4,4,Paris,11.102525781703624,Low
2624,59.10459145203504,61.70356728960285,493.3149650861777,0.44459125785384257,3,3,7,4,Berlin,23.677290014148937,Low
2625,49.09762795959497,148.04780369766232,200.0,0.4172050899517461,9,5,6,2,Barcelona,29.401339287395952,Low
2626,36.389120898264295,101.11139680179164,564.3559351351323,0.22621570829194187,7,4,6,1,Paris,21.178893352398706,Low
2627,59.033699701251905,107.54344654465523,481.73941193245616,0.24208664565262383,2,2,5,1,Barcelona,21.13097636690181,Low
2628,51.979032725390276,92.2998371709124,449.5694394999854,0.11858459088876386,6,3,2,3,Amsterdam,24.27955572650472,Low
2629,40.569559788715175,39.84358028995105,532.9637125910215,0.1062962444466872,9,7,4,1,Barcelona,20.733830381081425,Low
2630,40.205070326007565,89.87394925808267,284.9654115551839,0.2908024505430916,4,2,1,1,Paris,19.969545603233186,Low
2631,47.96575545140762,106.82324036268366,789.3904994931924,0.13821585819892424,2,1,9,3,Amsterdam,18.271885217411526,Low
2632,49.63184795267585,58.665013149022215,484.5848807768601,0.1776007257660852,3,2,9,3,Berlin,19.665561643463604,Low
2633,46.972922656312065,104.13316667902816,478.12333505417155,0.4387068798106655,7,8,8,3,Barcelona,20.478945595000273,Low
2634,48.11308673442885,97.60840524635196,355.19056848006164,0.328411356500181,4,8,4,2,Paris,13.718039585330466,Low
2635,61.999573745763804,126.30100112034175,503.59195736738917,0.35345297490644534,7,2,5,3,Barcelona,33.134401872793596,Low
2636,55.71543152234886,69.55542468715953,708.043983540992,0.17499173233276802,5,6,1,2,Barcelona,19.464546780032336,Low
2637,46.90635591265024,52.55972544310683,655.3874314148051,0.43146472178176787,8,7,4,2,Paris,23.88655399161275,Low
2638,54.41310580767483,70.95929726568636,628.1656626710834,0.447191908975899,8,1,4,2,Berlin,35.29585083206144,Low
2639,34.674760964724605,115.88927482909058,581.9598427500907,0.3093310374852174,5,7,5,3,Paris,12.995738664269552,Low
2640,48.979270499468086,34.289852978950925,446.21862086560856,0.4650231087514639,7,8,2,1,Barcelona,21.344012237355066,Low
2641,63.0930634973311,28.290607114224194,282.47552494449474,0.43793144998183264,6,9,2,1,Berlin,21.807233549017653,Low
2642,42.81954104607626,82.23488197329033,469.84418422000476,0.3925296706697753,8,8,2,3,Berlin,20.77115902052063,Low
2643,36.52366071380915,68.93526768064609,464.6192803199484,0.3936303662774515,9,3,8,1,Berlin,28.39340187691726,Low
2644,38.4791111140694,80.19319732939212,657.3191659506862,0.14215738958034532,5,8,2,3,Berlin,10.96530723002427,Low
2645,34.10366962657612,103.63279428089663,546.4085663689731,0.20833441507826633,7,3,6,2,Barcelona,21.8144450387555,Low
2646,37.15238091872297,66.18576634702869,741.8467291855322,0.12673888792707044,1,6,2,4,Paris,5.413103154887596,Low
2647,41.29491901409971,33.17485422673449,679.6232810057262,0.10347248369052348,8,4,8,0,Paris,23.423200541135145,Low
2648,30.94432980821358,131.11203892999862,431.52565857438566,0.16332381255356404,3,7,1,3,Amsterdam,6.416537067999714,Low
2649,45.15618333949603,55.0692928140306,230.73062050701975,0.45219487305877604,1,8,2,2,Amsterdam,8.068803732436571,Low
2650,54.02277173786647,53.52407194969756,707.8362850912222,0.19594962361442061,6,6,5,4,Amsterdam,21.16632775750415,Low
2651,35.9224381985308,107.59300034306492,703.9077834846116,0.4880615850366887,8,4,6,2,Berlin,25.657347309926124,Low
2652,60.19283923641769,70.38777197396205,295.0682613646661,0.33891639982448246,3,8,9,0,Berlin,15.447015769170132,Low
2653,50.107920885275945,78.41525369912974,726.3860029741251,0.19490339505387616,1,7,6,1,Paris,8.481410216121546,Low
2654,55.305805856240575,92.06975310150796,557.3175755888777,0.2988523213936851,3,8,8,1,Berlin,13.580264970809022,Low
2655,38.42165446147863,107.08957757774989,524.102824718848,0.18763792908004617,5,7,7,2,Paris,12.90287562924405,Low
2656,53.545252270666154,71.6634826704557,742.217488137099,0.4935894232729495,8,3,1,0,Amsterdam,32.499469913929346,Low
2657,34.08066099604687,117.99880014785748,701.7027759845922,0.43890599356198556,9,3,2,2,Paris,28.113258234433914,Low
2658,53.90247500836509,26.60500378162986,597.6996427992806,0.11049551551293164,9,9,4,1,Berlin,21.775697657638844,Low
2659,46.718393397935316,98.99468092382693,570.9825598717974,0.4791104125869885,4,7,1,2,Paris,16.30662214525048,Low
2660,50.53251219984784,59.01181104955857,592.4591435795538,0.3884260429211549,8,1,8,4,Paris,33.5440140891659,Low
2661,33.24405394375148,114.30678291519979,439.99138491762113,0.13295250080851134,5,3,4,0,Paris,16.802741191210558,Low
2662,36.049301577233955,83.55111197076363,491.73478254015185,0.36825509853057825,3,1,7,1,Berlin,18.997341458475965,Low
2663,50.972282182533846,63.17736669976496,364.6524268108186,0.35877067918627426,5,6,7,2,Barcelona,19.879391446622897,Low
2664,35.51651995775799,96.57102732554081,450.0440336391622,0.18751549832303338,2,2,8,0,Amsterdam,13.530110970557732,Low
2665,49.63206292099123,102.32970868018128,445.00491819966004,0.40337868000303023,6,7,9,2,Barcelona,20.423405676327672,Low
2666,31.328621935397543,96.04735307146595,404.7041945567503,0.13482588132518686,1,8,9,1,Barcelona,0.7468453938711312,Low
2667,53.48174212666668,54.25759400917349,520.5119753972695,0.2957780724924991,6,6,7,0,Barcelona,22.002303362924994,Low
2668,32.67476685231491,67.89957190944789,451.4028723949134,0.10396928286523517,5,5,9,1,Barcelona,13.342122884346825,Low
2669,50.522999376795234,79.89817907196412,575.3352080527961,0.48749499555789855,9,4,5,4,Berlin,32.031849768617555,Low
2670,51.256309336460006,78.9685086837485,256.6519080059352,0.4006254527107638,7,9,4,4,Berlin,19.883147328045638,Low
2671,38.03228181570425,98.7436368859587,482.99678088390505,0.16354083046386242,6,8,3,3,Barcelona,13.0450928493499,Low
2672,50.82026567084727,29.627469187334796,519.7327460266243,0.2366696159805132,7,5,6,0,Barcelona,24.112775861059312,Low
2673,47.60442263333556,88.35817636383759,453.4056140244679,0.1642249511232705,5,1,9,4,Paris,24.423576301233375,Low
2674,39.61158143807262,72.750466139084,474.1410950286153,0.40664698565172586,1,8,4,3,Paris,5.949944287939044,Low
2675,34.91445315923792,59.03748459040119,262.2130983905214,0.12355853017108608,9,8,2,0,Amsterdam,17.709921249482235,Low
2676,25.37374308327421,61.43783055576001,553.4715657004238,0.4361626622254857,5,7,3,1,Amsterdam,11.47374954723712,Low
2677,48.496500472996935,74.63655838705091,597.1408973850606,0.47687853553429194,4,7,3,2,Amsterdam,16.817735497241998,Low
2678,29.35197228637945,20.0,574.0305941305651,0.37065117712251994,6,8,2,2,Paris,12.51210345713903,Low
2679,45.95344199441308,62.46776073021125,655.8090589163274,0.18518618000057369,5,1,9,1,Barcelona,24.13789439832966,Low
2680,42.36551783917751,58.10462938384266,530.2294408673753,0.2440360383254203,1,3,4,4,Barcelona,12.650015735007456,Low
2681,51.79142775438196,93.31958023306561,571.8021770976405,0.2908959499235725,2,4,3,2,Amsterdam,16.44638782555031,Low
2682,41.97954500510136,59.86183293723698,523.4136107685279,0.3418499088809015,4,6,6,1,Amsterdam,15.012362590339421,Low
2683,41.70552213652908,74.62215499573776,603.1326079388741,0.36746523592467495,8,9,8,3,Berlin,18.686309000205476,Low
2684,52.318707042882956,118.55691569153255,263.4155545801817,0.3216858861275531,5,4,8,3,Amsterdam,22.91247097414042,Low
2685,48.35058029084117,104.85878799538558,365.96285480329834,0.2405255683287423,7,6,6,1,Paris,21.91042977053977,Low
2686,48.16155957182778,102.55678499858632,738.0349485549636,0.45636691222596126,2,9,5,0,Paris,9.512136993807944,Low
2687,49.69267589808526,67.5031892397287,200.0,0.13255682320718332,8,9,7,4,Amsterdam,18.733371001497414,Low
2688,29.64427876792894,93.5758069822413,478.9733105261984,0.28650242169739804,5,6,3,4,Amsterdam,12.758307847352663,Low
2689,52.56788679986982,74.15255498866016,675.8412439412102,0.41022593538699226,4,5,2,1,Berlin,20.372625393830866,Low
2690,51.12468794013602,75.09766973307656,486.0109001687353,0.12434906611656037,9,3,8,2,Berlin,30.080897043206406,Low
2691,34.83316871423503,90.24213359366374,439.24833928239536,0.38213408672452054,6,5,9,4,Berlin,18.77129148151571,Low
2692,42.55919526325799,65.07516028947668,519.413251522295,0.42788464910133006,4,3,6,4,Paris,20.546605069990697,Low
2693,44.606927123723686,117.32507761108009,447.031972999633,0.3643325194108209,8,5,4,3,Berlin,25.525403331225313,Low
2694,43.655032155982674,75.99674651005157,504.6274239135409,0.1051747569101424,3,1,6,3,Barcelona,18.648257215896223,Low
2695,48.338599665685344,95.45901415649162,397.49284452198054,0.1720548108528825,2,6,7,3,Barcelona,11.222128008234428,Low
2696,59.313667818311835,116.39001198143245,666.3011629933586,0.2368452315567803,7,7,8,4,Barcelona,23.662552661061355,Low
2697,55.81766727672829,105.79134436437937,713.4897381598491,0.19347601425521838,4,2,3,4,Berlin,23.68006032557067,Low
2698,31.877808065685937,44.77702243273688,479.9914516832566,0.48506085609097094,4,3,6,4,Paris,17.91395098061549,Low
2699,51.220699903060485,91.1223973752471,292.0265868963135,0.3606375656455175,9,9,6,2,Paris,23.472585627373324,Low
2700,58.2893331953541,101.26798486151617,421.4235244529907,0.21878838294062813,2,8,7,2,Berlin,11.674683788012509,Low
2701,48.868085206892026,102.29657555401872,472.40170098455536,0.4718789994661783,1,4,4,2,Amsterdam,15.379215556729392,Low
2702,55.90980425185967,52.16762914713422,575.8308315354813,0.39623767979047475,7,8,6,0,Amsterdam,22.73531807346265,Low
2703,65.12270445700764,63.5741190745669,348.7980165243983,0.2138428847308168,8,8,2,4,Berlin,25.675240184410463,Low
2704,55.23709546106981,104.86395589354055,384.6256522036774,0.25155262776078213,3,6,8,4,Paris,16.086654915928765,Low
2705,47.49308595641729,60.955990732933856,576.6014206788211,0.1797715433215827,2,1,3,1,Barcelona,18.545641220141015,Low
2706,55.450884740847535,72.50759858339214,640.8363248059336,0.4884295993063288,4,2,9,1,Amsterdam,26.519561415317547,Low
2707,46.44887833096891,119.39689523754923,406.76089322439736,0.3069185983560293,2,4,8,0,Barcelona,15.003849482850963,Low
2708,45.23903043284955,78.80501874038025,300.0174419073506,0.45842267499919387,2,4,6,1,Paris,16.155935879846805,Low
2709,41.485857642862676,61.83064655415392,992.6177301931825,0.2385999084067391,5,2,2,2,Amsterdam,21.83175637692619,Low
2710,60.63413358832108,58.05956607842737,617.495635563307,0.4443366412389903,5,9,8,0,Berlin,19.133606488886226,Low
2711,36.81571334057999,88.3179832396297,459.94943573494527,0.12155473937086558,8,2,6,0,Barcelona,25.26026139588265,Low
2712,60.32367724678116,46.671299788069774,630.3546913296259,0.49283612700971524,9,6,1,0,Barcelona,32.0254644441315,Low
2713,49.99864123740372,73.81660090258954,481.3315055428367,0.4648137468133211,2,5,6,3,Barcelona,16.147729839354323,Low
2714,31.006938251980586,88.33076337475055,630.073533365028,0.24528117791066198,1,4,5,1,Berlin,7.754893254700795,Low
2715,48.67649292991422,112.47874551369168,523.9089796664333,0.409888866125831,3,6,6,4,Berlin,15.701836540232573,Low
2716,23.99973492348376,96.6887020092499,513.690784725136,0.4009031705895304,6,4,1,3,Barcelona,17.208952182940433,Low
2717,51.25508016831036,62.14837205044553,482.96271976538173,0.46050191884117264,5,9,4,2,Berlin,16.481543238904834,Low
2718,53.852314829889906,109.460482939093,282.89279998053655,0.22290199245152445,8,7,7,3,Amsterdam,23.884714373482215,Low
2719,39.07644044347946,72.51212406131306,790.714234908971,0.2862080021256598,8,3,5,2,Paris,26.08501215430044,Low
2720,46.235476959555825,49.107424448764775,358.7699119598385,0.4459998450424213,2,4,6,4,Amsterdam,16.33064153829096,Low
2721,64.54157433750287,75.6989660183632,295.9964635534108,0.41143178165408645,9,1,2,4,Berlin,39.97679011779172,Low
2722,39.942532957380635,115.95423002864254,468.0710175865449,0.2573866874961117,4,6,8,1,Paris,13.556626762175307,Low
2723,34.410924129433994,84.13100125162313,355.779227973424,0.4382900931648489,1,2,4,3,Barcelona,13.706178170478687,Low
2724,59.816634024625984,80.31304660824466,492.24308141595935,0.1187816156929606,2,4,6,4,Barcelona,17.1328063643174,Low
2725,64.62587190530795,120.93029111757133,603.1645772842653,0.41281852118519613,6,5,3,2,Paris,28.015946783444342,Low
2726,45.03695671847847,44.21612882363932,649.2954350793834,0.18270634377348027,5,8,9,4,Amsterdam,13.338150453278343,Low
2727,55.11463035408356,47.86002214868069,622.2096082432522,0.21444836312951487,7,3,8,1,Barcelona,28.178872737520216,Low
2728,58.414759155308815,39.6038382258292,454.15519178214794,0.2972859374382375,9,6,6,2,Barcelona,29.497287120975017,Low
2729,37.57515767461616,89.31620466200138,507.4387741492379,0.2798938004279896,6,1,9,0,Barcelona,24.571485306664744,Low
2730,40.14694164632132,84.16232817787811,561.1818576346236,0.30822804274795235,6,9,9,1,Berlin,13.626362921375922,Low
2731,57.30874513154735,118.5684091819944,236.33188640868912,0.31791023826880954,2,1,2,1,Amsterdam,22.8717259221523,Low
2732,61.85014278708509,86.08687692841926,585.5877050179789,0.2326110764125988,7,2,9,0,Berlin,31.881153600251512,Low
2733,50.62880860174355,69.89607101301743,281.40510686242527,0.170091005206812,2,1,8,4,Paris,19.389552632591187,Low
2734,36.20185646497946,80.04487182195268,806.0519898359735,0.4073924917149224,7,8,2,1,Paris,16.93448185664306,Low
2735,64.87061111699441,82.94268546152395,439.3227373037457,0.25999045963485684,8,4,9,0,Berlin,32.06108793144689,Low
2736,39.690291021880356,38.20596816679583,472.26872342081134,0.3023363449836236,1,2,5,0,Barcelona,13.930450756400342,Low
2737,41.64862218828548,147.75829110837233,384.5439351143217,0.35787868734044725,9,7,9,1,Berlin,23.573373529890116,Low
2738,48.423378344896214,92.99677545254778,405.50449522164655,0.46385516892266243,8,8,3,3,Amsterdam,23.16556519269549,Low
2739,60.54160420714774,85.25020770056473,841.1140353714859,0.38302113245608804,9,9,4,1,Barcelona,26.492692586705207,Low
2740,53.539759765522234,95.3790996069645,641.0554532934947,0.11818369023615381,5,5,1,3,Paris,19.743764832018208,Low
2741,49.148655003619105,97.73527451466512,267.61963322782424,0.43542414535920704,4,3,5,4,Amsterdam,22.5988379546778,Low
2742,49.63288530118106,76.4861628624392,725.6319351027844,0.4957420060510077,1,1,7,0,Paris,20.347285650864396,Low
2743,45.43514668643466,64.21897159398249,678.9863412712148,0.28899401014855286,9,8,7,2,Amsterdam,22.520484107415925,Low
2744,50.58139514518506,94.9862671580426,457.81813065675675,0.4878361345818403,4,6,6,1,Amsterdam,19.052779889373923,Low
2745,20.0,89.6427710132863,546.0045413044757,0.31893149693725975,4,5,6,2,Amsterdam,9.689314969372598,Low
2746,42.033925409302014,59.75274752276479,497.75838808683886,0.2838463983487799,4,7,8,4,Paris,12.9486416062784,Low
2747,47.41321934916781,115.4758902841816,795.8869856670399,0.23256190589098202,2,5,9,1,Berlin,13.049584863660163,Low
2748,33.48985916380493,87.33380090807458,380.5564716511864,0.3630219503333355,4,4,4,2,Berlin,15.67717725247483,Low
2749,48.8632331781156,98.24548405669077,521.901591466359,0.19192816821001785,2,5,4,4,Barcelona,13.078251635534857,Low
2750,42.95528779013878,114.79802219199797,435.7782003510793,0.14197368740576174,8,7,8,3,Paris,19.80632321109925,Low
2751,62.5547569831549,80.54722052912086,285.04393930732186,0.11089484103368563,7,6,5,4,Barcelona,24.875375505283323,Low
2752,60.730197252148564,87.92380017460289,828.7457382582481,0.21695204508610552,2,9,9,1,Barcelona,10.888579626505622,Low
2753,40.34194430881837,100.25068096265291,322.76501313463814,0.2583083328668153,2,2,6,1,Amsterdam,15.685666621313665,Low
2754,43.49162288433305,61.878472904998695,533.0193781231663,0.32083067851249913,2,7,9,1,Amsterdam,9.755793650424907,Low
2755,44.260524343916074,81.35129157115003,238.89490904294968,0.21709993007480258,1,1,4,4,Berlin,15.949156603922848,Low
2756,40.483405238403776,83.1387146662787,440.139419113536,0.49362382895416446,6,8,1,1,Berlin,17.08125986106278,Low
2757,46.950249840281266,56.09853620791514,563.2953232150186,0.21669806729646704,6,4,4,4,Barcelona,22.25205562504905,Low
2758,37.4171793111241,137.94091971684696,376.2899030746456,0.2763901553785635,1,8,9,0,Barcelona,3.9890553471228642,Low
2759,33.693846650624735,44.81766391268994,588.0202776103482,0.14131046621276014,1,8,7,0,Barcelona,1.5212586573150215,Low
2760,51.227112239002686,47.54740240782105,459.64383621678763,0.20425060533483028,6,4,6,0,Berlin,23.410639725049105,Low
2761,51.29529584221811,112.85566439258949,674.012376859792,0.11933285591559645,6,4,2,2,Barcelona,22.5819173118214,Low
2762,36.956842403400074,97.83165626991357,704.2641370010335,0.3238034533749312,4,5,4,0,Berlin,14.825087254769334,Low
2763,53.95355430762599,54.35087956298055,411.9882858904982,0.40042587325297274,3,7,1,0,Paris,15.690325024817525,Low
2764,38.68422270834669,95.18222537754232,511.50992890894355,0.1782839257344272,9,6,3,4,Paris,22.388106069848277,Low
2765,47.53165238037981,116.69626112493275,527.5181339708349,0.2471643751264283,6,1,2,4,Barcelona,27.231139465378227,Low
2766,53.20344012612456,79.24342356007536,592.9023943152048,0.10664649069086424,1,6,4,1,Berlin,10.027496944746012,Low
2767,44.66387435296287,144.97057250186455,502.15729943663985,0.43580882228888485,3,3,4,1,Paris,19.25725052877771,Low
2768,49.54740912141134,36.898454728299114,528.5316439014264,0.41198540997266786,1,9,9,1,Berlin,7.484076836150079,Low
2769,39.835703561124284,97.34558634647755,463.48902878073204,0.12530161234971696,3,3,7,4,Berlin,14.703727191834453,Low
2770,43.03533416571903,109.16320840552508,517.2859800458027,0.24594704372816453,2,9,3,4,Paris,5.870070686997352,Low
2771,42.94140569119659,102.28359754013117,694.6910290302699,0.4821146455397982,5,5,7,0,Barcelona,20.203568162756962,Low
2772,37.53421653459761,74.89110683385879,596.9124861817781,0.2568108224315908,3,8,8,3,Barcelona,7.82837318469519,Low
2773,43.23225836884218,72.73896294972127,605.1883459165053,0.31048347068960647,7,9,7,4,Paris,16.574512217548715,Low
2774,29.513817011362534,91.10362927718144,608.4605486203368,0.2420971444041421,8,9,8,3,Amsterdam,13.775116547450182,Low
2775,40.08846252857895,100.39386216630173,476.9286833178447,0.33845255525130474,7,7,9,4,Berlin,18.911064311086733,Low
2776,42.15124506630329,95.06183590705908,547.8240565369296,0.4912627502547289,2,1,1,4,Amsterdam,20.058001022438276,Low
2777,42.4382024750462,106.00144726983473,337.2239482496383,0.4990010013924788,7,8,6,2,Barcelona,19.72147075643865,Low
2778,42.58502554129221,54.52825107333162,690.3211484475436,0.40988599120447644,3,7,4,3,Berlin,12.374367574432425,Low
2779,44.382358001398714,74.30572552190914,200.0,0.26172443920817573,7,4,1,2,Paris,23.931951792501373,Low
2780,49.79441518086064,56.49960169690615,486.9277411496862,0.2977728803315953,1,6,2,0,Barcelona,10.916053357574144,Low
2781,53.745170741325225,70.34718059784646,671.1343965725412,0.24269253124492218,2,2,4,2,Barcelona,19.550476534846787,Low
2782,38.50234773151733,105.38052229535764,295.4198099555988,0.4942298519617385,1,4,1,2,Barcelona,12.493002839072584,Low
2783,32.967991446108556,82.69959801813071,559.9669876425277,0.38310412233016156,9,8,6,0,Paris,19.721438657134183,Low
2784,34.57955587756897,145.17147907874426,397.88503301314597,0.27957257817340453,2,4,1,3,Paris,11.169592545004736,Low
2785,40.12797078805073,84.83515917974293,444.6795102216697,0.10484610804384094,2,4,9,1,Amsterdam,11.086852316853628,Low
2786,41.48078682183491,81.4922970144934,641.8911440959157,0.30819336575621936,6,4,3,4,Paris,21.526169704112665,Low
2787,37.30003933802543,82.6545729860054,529.7085388827725,0.49357128068064715,7,9,1,3,Amsterdam,16.6257246082141,Low
2788,32.038833357501055,64.0547826785016,200.0,0.3092243635892208,2,2,6,0,Berlin,13.703893643142525,Low
2789,40.43879172525812,78.55408469056016,353.53616904026023,0.1729706741956455,4,7,6,2,Berlin,11.361344259533894,Low
2790,46.814266201139716,108.19470067779115,646.300360233314,0.10883749884190995,3,3,7,1,Berlin,16.632654848761014,Low
2791,50.950294658355645,82.8492667031943,567.3414077289497,0.24188150324968363,5,4,7,2,Barcelona,21.70390343000353,Low
2792,39.42576946891679,60.163506752913214,762.2203358786427,0.46729122227864284,9,1,4,4,Barcelona,33.00064306346147,Low
2793,40.87002177856566,56.87288448803412,752.3971391019945,0.4986216432703524,2,3,5,0,Barcelona,16.747222966273224,Low
2794,35.73301691152689,68.74495270835392,448.66323047798124,0.4781471899248011,5,2,3,1,Paris,22.501376972706076,Low
2795,44.685608296252234,81.84658586027201,875.4856707604233,0.39176799730170275,8,7,6,3,Paris,22.823362461892696,Low
2796,36.515713658091855,109.83966338690655,503.6719504777866,0.32325709137626213,6,6,7,3,Amsterdam,17.187285011190177,Low
2797,50.731278132412,46.48778396583908,355.5997198386462,0.33627445855290083,4,1,9,0,Barcelona,25.082128025252608,Low
2798,27.141335080658887,72.0043430527811,404.95402011341343,0.31559680363678433,8,8,9,0,Paris,15.298368560565509,Low
2799,41.40370327547538,83.60775048587698,200.0,0.38281972196919534,3,9,5,2,Berlin,8.749308202334566,Low
2800,48.01107339191742,34.15735580926413,741.0528512373921,0.267549290678141,4,1,4,1,Berlin,23.57881492435664,Low
2801,46.83834516322504,59.16004292583984,739.2142983565795,0.36768160198230626,9,5,7,4,Paris,28.228319568790575,Low
2802,70.0,63.00278650659534,347.67388417800186,0.1486448459828804,5,7,3,0,Berlin,21.986448459828804,Low
2803,48.49800024567907,60.100740653737546,465.8173567427141,0.20627812262459352,6,2,4,1,Berlin,25.612181299949658,Low
2804,34.959454031579895,84.79723862554118,514.3411316168866,0.4344012155234518,2,6,9,0,Amsterdam,9.831848364708486,Low
2805,44.04535752910927,75.98600976245507,355.947042178683,0.4614995722973565,9,8,5,0,Berlin,23.828602981706343,Low
2806,27.237536665335483,66.1178474349741,236.7346953093258,0.3156032950241199,8,8,7,3,Barcelona,15.327293949841843,Low
2807,44.194002507032394,90.69906566381587,468.4463594334632,0.11265424688517296,7,8,2,1,Paris,16.384743220961447,Low
2808,36.669439429992416,123.07686794115625,451.838085581113,0.4707894283167072,9,6,9,3,Paris,24.708726112164797,Low
2809,54.15390275560162,120.98141291854381,441.73831385168376,0.3808257032109146,5,6,5,3,Barcelona,21.054427858789634,Low
2810,39.504597254044654,31.930705698441592,533.4074093901447,0.26561116950214436,5,3,5,1,Berlin,20.00749087123484,Low
2811,43.832340842047536,94.4268045958785,714.4279487788988,0.3393515772797986,9,2,4,3,Amsterdam,31.543218025412248,Low
2812,38.64442158595597,75.54941774840404,454.5360920462411,0.2719099337765465,5,5,8,2,Amsterdam,16.812425813552252,Low
2813,62.388513518533316,83.8788835716339,525.5664498082044,0.2861356906928204,9,9,4,4,Barcelona,26.0779109624882,Low
2814,41.78757233882088,70.04292416143629,609.0305785617404,0.45472394626376067,1,4,2,4,Berlin,13.08351116428387,Low
2815,63.32557043479201,82.93971574718006,583.1214389769123,0.1644336987668446,8,5,5,2,Barcelona,29.142008118106048,Low
2816,53.141517621182665,83.78518490180046,407.8364713328237,0.14146765419289473,3,6,3,0,Amsterdam,14.357131828283748,Low
2817,49.82066727335386,65.52620606627693,514.4565684671054,0.1010914978052063,8,6,4,3,Berlin,22.957115160058223,Low
2818,48.6873314731752,57.590811304370476,582.130973025358,0.2256001502448507,5,4,3,4,Barcelona,20.862200944401067,Low
2819,48.93797298216251,68.7826079345129,330.7472993733834,0.15896550659377096,2,4,7,1,Barcelona,14.271046960586464,Low
2820,25.7232742065439,85.85648161141914,689.5308516194762,0.18799419805524448,9,8,6,0,Berlin,15.596924242515612,Low
2821,42.21116605849244,94.9749085421066,714.7383357821167,0.10449559306615078,4,5,2,4,Amsterdam,14.208305748209241,Low
2822,53.451579711843216,101.33372443350366,391.58296168332595,0.1908781658750813,7,5,8,3,Berlin,24.444255572303774,Low
2823,44.51102816525894,67.64524942332719,529.0505027522253,0.23308463277294958,8,9,5,4,Amsterdam,18.184154777307178,Low
2824,30.948101531964248,87.09611418256841,596.3417385006547,0.11262699856395253,7,4,6,3,Paris,18.410700445228798,Low
2825,44.4759554942253,104.06256479883245,418.1578765506871,0.3431616497188591,6,7,8,0,Amsterdam,18.274403145456183,Low
2826,62.04105516255491,109.1398723786032,572.2420768532141,0.32752013955350323,7,5,7,2,Amsterdam,28.387517944301504,Low
2827,57.46891715534719,78.52917864671194,524.4883439438248,0.13881431140397005,4,9,3,3,Paris,13.128818260643857,Low
2828,44.379959906339685,74.47670687650968,279.81227335417987,0.3380039110073604,1,8,2,3,Barcelona,6.694027081975509,Low
2829,54.514492770580866,84.7781058459098,568.8741973967838,0.4994615674435511,5,8,3,0,Barcelona,19.34896350560977,Low
2830,41.33492979631948,51.25731317756485,334.97863755934463,0.4777875811246163,8,3,8,0,Amsterdam,28.678354750142006,Low
2831,27.96128413173281,75.1597622241123,640.880427749307,0.10106839734706533,6,9,4,1,Paris,7.899069212990495,Low
2832,35.75534011870445,98.61465996182825,399.3183387299167,0.4181513245321439,5,8,8,0,Paris,12.908115280932774,Low
2833,60.62888768508198,96.04867823609253,475.80718495082823,0.2414421104945944,2,3,4,4,Berlin,20.103087410470536,Low
2834,42.26006918170696,73.24330989090278,705.8418370169862,0.125460548133851,5,1,7,3,Amsterdam,22.4326262358506,Low
2835,42.56616020624982,85.44295502717917,574.4572469793268,0.21839328548648324,3,5,6,2,Paris,13.453780916739777,Low
2836,42.00161803725119,59.38374149273281,338.07891206381817,0.22869460652518492,2,4,1,0,Barcelona,12.887431476427205,Low
2837,64.04136589573007,97.58730370562562,347.7625143801374,0.30929769572362276,3,8,8,3,Paris,16.30538672595525,Low
2838,61.25958915362063,78.05446409658818,410.1045817064412,0.36443350690754184,4,6,6,2,Paris,21.022211815161604,Low
2839,67.18780233448135,73.10121370759654,559.1966125034999,0.3996222448833632,2,5,2,1,Paris,20.652563149178036,Low
2840,43.40954789599949,70.95690409766533,553.7449722399152,0.19836121702530668,4,9,5,4,Paris,9.506476539052912,Low
2841,47.95624488747095,78.42765332750355,373.5346543005696,0.2287082280993988,4,6,2,1,Barcelona,15.673955747235272,Low
2842,29.83357450579209,68.80305887670104,324.91857715784613,0.22335268274389408,6,3,7,0,Paris,18.683599179176564,Low
2843,59.769344261182745,96.45357590006408,542.2375107628751,0.2450947472483506,5,6,6,4,Amsterdam,21.38175075083833,Low
2844,33.32220448732065,70.11791129959548,472.72099013147573,0.49986252358253547,7,4,7,1,Paris,22.995286582021546,Low
2845,47.16775563762629,119.82410240068452,823.5823831171606,0.4111773211309704,7,5,6,3,Barcelona,24.76209990259759,Low
2846,34.02697472367156,116.63026258703452,505.49054848446184,0.48999618610747886,3,6,1,0,Amsterdam,12.108054278176258,Low
2847,39.11133173261304,57.71141275363738,772.1379241550412,0.37724442381882295,9,9,3,1,Paris,20.005843757972137,Low
2848,36.627375689503,81.74260673573201,324.442460284349,0.26250828065891374,7,3,2,4,Barcelona,23.113295513440036,Low
2849,38.92124739324182,63.733584466595126,264.01805906574396,0.25589767345078995,7,1,1,4,Amsterdam,26.735350952480445,Low
2850,39.608772968510216,71.83381092028472,331.98723012116983,0.29543245799001805,2,2,1,2,Paris,15.836956470453245,Low
2851,39.517312050749226,130.06068669111994,678.36946721802,0.26674791334577497,3,8,4,4,Paris,8.522672748682517,Low
2852,53.33333911780307,72.31071457210501,763.41523845403,0.43133049843709836,3,4,1,4,Paris,20.313306719711903,Low
2853,33.9513720693748,89.00565092693572,382.6730819071049,0.28600080521067717,6,7,2,0,Amsterdam,14.54541967291921,Low
2854,47.20541427013867,93.53303235020695,430.91509553606636,0.2182457440843384,4,2,1,4,Berlin,21.344081721884983,Low
2855,57.179591523055585,54.984265687918985,324.652863468125,0.4099441074786607,4,8,6,2,Paris,17.253318531703282,Low
2856,39.86803635486604,58.62261313976988,228.25402293224192,0.4417681637525579,1,9,4,4,Barcelona,4.878092543985391,Low
2857,37.82081109252398,49.849440714797026,607.7617546664944,0.26817158245618056,6,7,8,2,Berlin,15.527959152319,Low
2858,42.69475374819749,57.85073165255558,533.4530454443245,0.3671234287622128,8,1,5,3,Paris,30.979660412081373,Low
2859,56.797252083607106,20.0,501.5731974010813,0.12352181355532191,8,2,5,2,Barcelona,31.27439376063535,Low
2860,46.94107630953358,93.6145600198407,289.99151942549304,0.3117859407885867,8,9,8,0,Paris,19.70018230074594,Low
2861,39.68785705392401,131.35484603140173,745.9935022742991,0.11799245509820322,5,7,6,1,Barcelona,12.586281667159238,Low
2862,49.838766511880394,83.69551847591318,424.49648929257904,0.11167633619778723,6,3,6,1,Paris,23.56839331554199,Low
2863,33.977078501635766,44.593278516484816,580.0439637224714,0.34516994020909564,5,5,3,3,Barcelona,16.144822952581688,Low
2864,51.81359510442948,63.9305904275013,281.81578921329134,0.22133415295799486,4,1,6,0,Barcelona,24.257420060908792,Low
2865,49.08607307701767,68.52807887437507,471.4212215569944,0.3970148649821862,4,3,7,3,Berlin,22.195970572927163,Low
2866,41.92191528861116,54.56038056966561,543.7061684357876,0.4584330242530369,4,4,2,3,Berlin,19.16090482911372,Low
2867,36.61414201552769,101.50456595987892,549.0612827079962,0.15575646949214028,4,4,3,4,Amsterdam,14.541807299579709,Low
2868,36.133190777165424,100.25650110938335,523.1972814854937,0.3898091354315696,6,7,6,4,Barcelona,16.23804858746532,Low
2869,50.348173363459104,51.11370515455851,574.1783738073159,0.3058079993153373,6,5,9,0,Barcelona,22.662532002191103,Low
2870,57.28980502489062,98.1270261111877,330.42193159505587,0.14484770006507955,5,9,9,1,Berlin,15.135418508117981,Low
2871,38.626922529712054,118.17031658943162,529.605890815949,0.3606370425922899,9,7,8,2,Amsterdam,22.694447184836513,Low
2872,49.58386703551484,127.563955130739,517.0636525220416,0.34378672124258913,8,2,8,4,Barcelona,31.313027323080345,Low
2873,24.129729813979313,150.0,534.7509026292591,0.306256746960313,6,8,9,0,Paris,10.301486413796923,Low
2874,39.153822693428005,57.450183763920066,510.8517825978773,0.47058848182386326,9,2,9,0,Paris,31.452031626267033,Low
2875,44.68941067129098,150.0,309.0180839129904,0.3084318784416066,5,7,9,1,Amsterdam,15.99114198580336,Low
2876,35.90316583018166,71.14484028728029,302.330037183654,0.496206046180085,4,5,5,0,Barcelona,16.233010210855348,Low
2877,35.63493625210404,65.18836361548715,200.0,0.3036915255392444,6,6,6,0,Barcelona,16.727396131023653,Low
2878,38.322204435311136,88.17680937194613,622.6301764767946,0.14634081532054705,4,4,5,1,Berlin,14.960069483798812,Low
2879,47.921927283263734,65.44846664767469,624.1486264602798,0.2881885004300122,8,5,1,4,Berlin,25.758463189279244,Low
2880,43.12670981593625,89.97610351616315,626.5325436833181,0.1729315050220285,7,5,4,1,Barcelona,21.16732799500116,Low
2881,22.617687666750278,46.998070306567456,546.0184943692178,0.3388533940869709,5,7,1,3,Paris,9.673840240894794,Low
2882,23.792998473649337,74.03118494841414,200.0,0.37725287007744046,6,4,1,4,Berlin,16.910428242869205,Low
2883,38.931348221428244,112.13955585904199,345.9934262322101,0.2873741114828375,7,5,3,3,Paris,21.053145581256846,Low
2884,49.57686586053552,78.5734677142211,525.5623126389668,0.1390811870732593,2,4,7,0,Paris,14.26387162889325,Low
2885,20.0,83.53989466849707,520.3277004187693,0.2874565594334212,9,4,1,3,Paris,20.87456559433421,Low
2886,40.002698238483696,91.88146511793279,466.58776802719683,0.13258168589376018,7,8,7,1,Paris,15.326626330482712,Low
2887,39.73752143482579,109.26654073294151,555.337580436237,0.3728503822026136,8,5,1,1,Amsterdam,24.149760252473868,Low
2888,58.88337778208448,38.61938219526417,501.74775615278685,0.416147289946035,5,9,9,2,Amsterdam,18.326486234085692,Low
2889,41.149781882871366,94.61310129593586,518.1155698327043,0.4849521308908157,3,5,5,0,Berlin,15.694455873769568,Low
2890,48.829889847409284,73.29652151895591,404.1402000751976,0.15952084285138257,2,8,6,1,Barcelona,8.24417538273661,Low
2891,46.41257140087463,84.16594738279596,647.3016479182386,0.3129681342133217,2,3,9,4,Amsterdam,16.553452762395608,Low
2892,23.694335201927995,106.49875424405941,435.3842586979424,0.32701494701416745,3,7,3,1,Barcelona,5.878450030720074,Low
2893,52.682072166317376,50.145333714703895,300.402637546906,0.4689906135123919,1,1,3,4,Berlin,20.99452778501913,Low
2894,47.15396505456288,54.68388896392276,384.35014807719074,0.35091065623860573,1,5,5,0,Paris,12.15529607875492,Low
2895,50.0826863967459,31.61425100715484,447.73007129570294,0.15820385825812844,7,2,7,2,Barcelona,27.606844501605053,Low
2896,70.0,66.27102645590558,649.100418255327,0.2745405295852757,8,8,3,2,Amsterdam,27.745405295852756,Low
2897,24.158870605014116,113.26080860947042,493.6598002347811,0.3619050114025002,6,6,4,3,Barcelona,13.866711295529237,Low
2898,62.24696649761108,76.98532028816327,472.0777671551526,0.38011377282771897,7,5,2,1,Amsterdam,28.975227677560518,Low
2899,42.12552480599644,46.496877608630356,312.7004862856059,0.4452295994362294,1,3,9,0,Barcelona,14.589953436161228,Low
2900,47.873289044030095,67.85803138562383,617.8223884744365,0.17220284793775886,1,1,9,3,Amsterdam,16.584015192586616,Low
2901,44.54487754698758,42.803457412734424,402.2071768964921,0.4806168587021994,9,8,2,0,Paris,24.169631851118268,Low
2902,40.757636666019565,51.87034745672096,484.99582115879963,0.12365576480623691,5,5,5,0,Barcelona,15.963848647868236,Low
2903,39.30167071761241,89.72047275659283,722.0274615322796,0.4935048538275608,7,9,1,3,Berlin,17.22554975355933,Low
2904,48.29508735573009,50.65316684234928,576.3144996573957,0.4431068371465634,6,7,8,0,Barcelona,20.41959457818466,Low
2905,29.828263033283207,107.81585763008255,255.76189284272385,0.3641091131048685,4,1,6,3,Amsterdam,19.08957004103365,Low
2906,52.50579167521766,78.2219927292416,234.57346454712916,0.3939982001057687,1,1,2,1,Barcelona,20.191719503622984,Low
2907,40.83805595114746,82.13986759861314,490.3534324821131,0.1290768023675186,4,7,2,3,Berlin,11.042184809019426,Low
2908,33.69930660959642,73.04067580980265,318.0889077687792,0.11659194515778096,8,7,5,1,Paris,16.775711434456735,Low
2909,40.49987142004186,99.32119596359308,597.2820121449497,0.14070631862054622,1,9,7,2,Barcelona,2.05702461221802,Low
2910,57.571492168625724,99.57899719442527,506.3394597447469,0.13494392586565512,2,2,9,3,Paris,19.62088690924427,Low
2911,39.64664912983777,88.37635879780429,524.8077153535794,0.3189524933877741,8,7,9,2,Paris,20.58351967282907,Low
2912,48.5845361820962,94.1197276476912,393.98852275364703,0.18617759484471566,2,2,6,3,Paris,17.43713680307602,Low
2913,37.69043724284526,74.69775825198936,761.2075482930059,0.4440822548826906,9,2,2,0,Amsterdam,30.74795372168049,Low
2914,52.5792184992362,93.55507517272622,926.3890592015689,0.2782994492272289,3,5,6,2,Barcelona,17.056760042043145,Low
2915,51.85507738790204,71.55305561315483,458.2122914364928,0.37820419058331,3,9,1,4,Barcelona,11.838565122203715,Low
2916,63.486088332964115,80.05579055406005,552.9558872622501,0.3611492371880639,6,9,2,4,Berlin,21.157318871769874,Low
2917,43.244360545007844,73.13390626584257,514.6126014596468,0.22794121557188404,3,1,3,4,Paris,19.752720319221194,Low
2918,51.686548047579066,68.5695365170201,461.0469704838397,0.19726702941029162,9,7,5,2,Amsterdam,24.978634708376635,Low
2919,45.98067539538945,62.772205056955244,375.1894298400805,0.2369825141186541,8,3,1,1,Amsterdam,27.66402775980338,Low
2920,57.95871781863014,91.69225259647214,337.25480187792846,0.418663349539935,4,1,5,3,Berlin,28.07424884098839,Low
2921,37.8116761239127,112.76514782033658,329.6604101711714,0.33451073936784737,6,2,5,0,Barcelona,23.688610230852284,Low
2922,52.45005312877281,109.27754929173898,560.7860038323718,0.20141546500767016,8,6,4,0,Barcelona,24.74917058870854,Low
2923,43.053027038833186,48.58586660136412,422.0488282694547,0.42713857722417214,4,2,3,2,Amsterdam,22.187293883891677,Low
2924,44.358118228915025,112.23007628517183,200.0,0.1219037544441227,5,2,7,4,Amsterdam,21.526473013115734,Low
2925,45.91752484448373,72.04603745955178,566.7287330897484,0.3796733499961181,7,4,7,0,Berlin,25.5719909533063,Low
2926,47.52240396426677,95.01832537863979,494.26080763037663,0.27564032229972435,8,3,1,0,Amsterdam,28.51312441227727,Low
2927,43.83770956878042,57.34461669881972,702.0009502101719,0.39251615442635535,7,8,7,1,Amsterdam,19.076474414897678,Low
2928,47.147131831705266,83.54949784685013,555.9683595636513,0.4709845120973707,8,8,3,0,Berlin,22.853984670485286,Low
2929,60.781180575621846,87.84307957242268,278.19896055345544,0.40001363917876154,4,6,3,0,Paris,21.23449056447417,Low
2930,54.85449685615218,42.88488020200868,200.0,0.276786142124553,1,4,6,3,Amsterdam,15.224210478091184,Low
2931,53.69154592496896,95.20667915860473,392.0791423493094,0.1603902726055523,6,7,6,0,Barcelona,19.211366503546213,Low
2932,40.444604739761296,113.64837519595788,406.2338868959521,0.4225403903221735,5,9,4,3,Paris,12.858785325150127,Low
2933,36.10759171771676,75.6338013579593,641.473880150025,0.28428221076854865,4,2,5,4,Amsterdam,18.675099623000513,Low
2934,54.55300558237753,114.00420327070032,498.669360156564,0.13012492938285192,2,6,3,1,Paris,12.667150968541776,Low
2935,53.760467925297945,75.25766266368981,670.0532747147763,0.3876221591107464,1,7,3,0,Amsterdam,11.504361968696845,Low
2936,59.72670675750982,101.23961327616543,301.2750416446048,0.21674078636663588,9,1,9,1,Barcelona,36.5854198909193,Low
2937,38.9601937403077,24.53575085122251,644.7896576570672,0.1195552918020741,2,6,5,1,Amsterdam,7.883611040113051,Low
2938,42.70451344639653,140.4694444828366,608.148373014638,0.4611004059896311,9,8,1,1,Barcelona,23.42235809381527,Low
2939,28.60515837474566,117.38645613107393,200.0,0.29324043683756407,6,7,9,2,Amsterdam,13.013951880799338,Low
2940,41.07528893939127,72.88436239365802,698.3926761891158,0.21238442126920865,6,2,6,3,Amsterdam,23.44643089450947,Low
2941,54.96570510579447,30.697774333904547,514.0187737649529,0.3865546231539646,2,2,9,1,Paris,21.355257763277987,Low
2942,40.33504620771802,87.20070920763723,558.8066755802759,0.45436095107302554,6,4,7,4,Berlin,22.644123373045662,Low
2943,51.40479795200824,43.901861323156076,370.2655831357366,0.1001228300135022,3,5,7,0,Barcelona,14.92266768573749,Low
2944,43.094968940021886,91.1213384389372,691.2870519382959,0.37514087401686147,7,5,5,1,Paris,23.17989942217518,Low
2945,48.24057028221561,90.28914297910705,322.1221506141695,0.4068046776073686,4,2,7,1,Berlin,23.540217860738366,Low
2946,33.523086101843326,56.46492077494938,624.813802756092,0.1839709709117972,9,7,4,0,Paris,19.39663553967097,Low
2947,45.852094496339014,108.02417559035945,623.0911213863006,0.29584953256406976,5,8,6,4,Barcelona,14.7141236745424,Low
2948,20.0,100.13936757015433,353.87488577416667,0.13571435956717434,3,2,2,1,Berlin,10.357143595671744,Low
2949,43.13103841838015,104.39558343221408,797.5060399133861,0.39869995300613903,1,4,3,1,Berlin,12.926311055575436,Low
2950,28.6952675628486,80.22144259172238,534.7292720326279,0.438982407425341,1,3,2,4,Berlin,10.498404343107989,Low
2951,57.059945165468164,44.611898327157334,598.0838915406537,0.14327466292986424,4,4,2,1,Barcelona,20.55073017893909,Low
2952,52.774073527645115,104.44680680527844,270.9318806996366,0.42658410137313385,4,5,7,4,Barcelona,20.59806307202487,Low
2953,49.66670981966081,73.24071502160523,817.6595004512847,0.4086280681938135,9,6,5,1,Paris,27.986293627836375,Low
2954,60.2100622715938,45.25549642018327,316.3164589662365,0.23876532814835894,8,2,6,0,Amsterdam,33.45067196296173,Low
2955,35.51083479175163,113.80098414935816,653.7329649148895,0.37611581197343336,4,6,3,4,Amsterdam,13.414408557259819,Low
2956,62.473631979155584,132.48518801256273,350.7842423102457,0.1000192495577247,6,9,5,0,Amsterdam,18.242282089323922,Low
2957,54.32191564260385,78.96879677551992,407.15167957284757,0.47271906178639944,7,8,5,0,Amsterdam,23.023765310645146,Low
2958,42.63444712781054,133.9780288650823,618.3131065828171,0.32015329412334914,8,1,4,1,Paris,30.491867079576654,Low
2959,56.35620147182944,82.28286821528374,654.1329070512736,0.34813554562479976,4,9,4,4,Barcelona,14.88821589779683,Low
2960,33.93706487588366,70.48860239584123,309.3073626328847,0.3658637654156395,1,2,8,2,Paris,12.83975711692149,Low
2961,36.75485838472326,64.23853864536306,663.5708253585491,0.32454760688734674,5,1,6,0,Berlin,22.771933584290448,Low
2962,38.914102767603,120.92706019981856,656.7470742699791,0.44270555501578523,1,6,2,0,Barcelona,9.101286380438752,Low
2963,39.71022291935985,60.496402965305705,359.3069886732661,0.3438807328606176,4,1,2,0,Barcelona,21.85187420441413,Low
2964,34.43442357239747,98.38173274937469,739.7971390386665,0.46310399649618905,7,6,2,1,Amsterdam,19.96136703668113,Low
2965,57.23083067095325,66.02090412351978,281.47135576279425,0.3329326488936036,7,2,6,1,Paris,31.49857569022201,Low
2966,42.41145599630168,68.49233093564092,406.2841125833577,0.16844896879222665,1,7,1,0,Amsterdam,5.907926486812771,Low
2967,48.525049683568795,105.75624234923917,571.8503936137984,0.46542502233572114,9,7,3,1,Barcelona,26.71176512842785,Low
2968,39.29648633586319,70.49907884276615,371.96505729460904,0.37265099934391077,2,4,1,1,Amsterdam,13.515455894198066,Low
2969,26.79396699451483,69.88011551449267,539.5728628519012,0.37969559777422246,5,2,4,1,Berlin,18.835146076096674,Low
2970,47.70057358391422,108.32011742937019,536.1614118204943,0.4941927002286407,6,7,1,3,Barcelona,20.75209907746067,Low
2971,25.87745024580223,119.93493233054058,471.9388595115919,0.13007862168383166,1,1,9,4,Berlin,9.564021290578985,Low
2972,44.31365953914531,96.11724508210582,624.8600807885839,0.2714370428380686,2,2,6,1,Barcelona,17.00846829012428,Low
2973,31.316849611671895,63.63075560940127,465.74588110135414,0.19563815719464608,7,2,8,3,Amsterdam,22.35143645544803,Low
2974,64.87275999230808,67.23478751756052,534.7311603220709,0.3521705858854629,6,1,2,3,Barcelona,33.48353385654705,Low
2975,54.113627221747215,81.99788159350094,671.9707816231854,0.4227246734992288,6,9,6,1,Barcelona,18.96133490151645,Low
2976,46.05753791271481,88.02325154814145,618.6029315038761,0.4865242835569651,6,6,4,3,Paris,21.682504209384092,Low
2977,57.63706677654669,55.3033522465057,617.9025936221312,0.2818384427818881,7,3,7,2,Paris,29.609504460782887,Low
2978,36.536840225342644,98.0759484894966,327.62305966748295,0.41448729225704173,9,6,8,3,Berlin,24.10592499017321,Low
2979,50.43479378670093,82.13783324098998,578.7188863251982,0.4668206368161518,9,7,6,4,Paris,27.298644504171797,Low
2980,46.99810433718714,37.107292034046765,368.22518135457426,0.3733301730143539,2,3,1,3,Barcelona,17.33273303129968,Low
2981,47.6402008133367,56.77683793848174,307.78775303329604,0.1970930209799085,2,4,8,1,Paris,14.262990453800093,Low
2982,57.723535001067674,67.3967831587084,489.24404805725476,0.34314166044311656,5,1,1,0,Amsterdam,29.24847710475147,Low
2983,52.32492102779802,78.17855777897363,364.35572200226153,0.48798081912687463,7,6,9,2,Paris,25.57728449960815,Low
2984,47.887236628250236,127.2319698875999,618.5926578259966,0.49502153154462614,3,6,2,3,Berlin,16.31638630392133,Low
2985,28.451125637717038,85.95428265349071,622.1803189542986,0.3569439294867113,3,9,6,2,Barcelona,4.604776986182223,Low
2986,35.399537047205364,58.98070275253437,214.60606453528374,0.4547951031487957,4,2,8,4,Amsterdam,20.167812145649563,Low
2987,43.77291066404276,85.51577010767907,375.7546190634665,0.18013974553944112,3,5,5,3,Amsterdam,13.433270654607238,Low
2988,45.93372374276651,71.19780631365298,281.0319992123002,0.19843144198088672,3,5,2,3,Berlin,14.264431542638821,Low
2989,33.69796275326076,88.11895598833854,430.6056085110664,0.4811550451539439,8,7,5,2,Paris,20.420939277517668,Low
2990,69.11676675578421,94.51419217589037,568.2763504803237,0.15409415019792316,7,5,1,3,Barcelona,28.775971528714493,Low
2991,60.16394055253573,110.23076618059845,463.6567852732418,0.1764425752373916,7,4,8,3,Berlin,27.813607918134636,Low
2992,51.021183203924835,79.39283760824935,411.53611389992966,0.2682194396480207,2,2,8,0,Amsterdam,18.988549357657654,Low
2993,45.72036861283745,120.97401318999583,695.0264790219709,0.3358337151013402,9,8,2,2,Amsterdam,23.074447734864634,Low
2994,42.87791030098848,102.70056656340478,200.0,0.34152688758730865,6,5,6,1,Amsterdam,20.77864196616963,Low
2995,35.48081539977764,62.3140113796953,685.5307840277337,0.21679040346622577,3,4,8,1,Berlin,12.812148654595546,Low
2996,45.774805185188626,135.2463916437116,418.35675602667715,0.4682455591801393,9,9,8,4,Amsterdam,22.91489714735798,Low
2997,47.57752540142751,88.17486283175245,488.28364848308155,0.4660399630431451,9,2,7,0,Barcelona,33.9336572508597,Low
2998,32.58239424518376,59.12188740069412,420.89549934198374,0.25682722122094903,6,3,3,2,Amsterdam,19.842990485764616,Low
2999,48.341764172448976,121.32282628076055,731.4332158308678,0.2737167077721189,6,8,4,2,Berlin,17.23969632945588,Low
3000,43.44740951175251,131.94443962996112,315.35322547921106,0.38099884672956474,8,4,1,0,Berlin,26.8442113208214,Low
3001,25.92192442122609,79.17436840701099,501.7604554582904,0.3651983585595603,8,9,9,0,Amsterdam,13.92856091196343,Low
3002,36.39614989220498,67.40874349061009,579.1157977789995,0.252918805984385,6,9,2,4,Berlin,11.948033027505343,Low
3003,40.863944665783556,75.69062606365846,258.34958481722487,0.26569770060840137,7,9,7,1,Paris,15.416160405819078,Low
3004,63.8768765734019,97.8682931879425,362.01527443307697,0.2392155773686156,4,1,8,2,Berlin,28.055218745706725,Low
3005,50.56553124533758,111.94641637576285,477.77321997526565,0.19415400278132317,1,6,4,0,Paris,10.111199401414506,Low
3006,31.64518430900109,94.26218327158934,367.0002447973438,0.2832553451696559,4,6,1,2,Berlin,11.326108744396887,Low
3007,49.86036289417637,82.54308021179425,377.66123431712754,0.3745736527610162,8,8,5,1,Berlin,22.703845395863073,Low
3008,29.526960110616344,117.4502942576107,447.5206005385344,0.3967866821257172,8,7,6,2,Berlin,18.325954854442074,Low
3009,55.826910538870735,72.17908817371195,597.437199746926,0.41154945930238507,2,7,7,2,Amsterdam,14.363567754685072,Low
3010,40.28875348182122,105.77298345917268,448.59233346827835,0.24989280538124858,7,2,1,0,Berlin,25.58555409835885,Low
3011,44.06363811260829,72.79843004121804,661.763929170942,0.40585439771398946,1,4,4,0,Barcelona,13.27763541092238,Low
3012,58.2579664754219,90.77557395027233,350.3363326010968,0.10260652627675011,2,1,5,0,Amsterdam,21.00345520539407,Low
3013,32.1283643141575,77.16093588023871,312.21166092898216,0.2908199750867529,8,7,5,1,Paris,18.046709045114778,Low
3014,31.028818148870087,78.60369543367973,788.9518108581701,0.4175617600530763,4,4,7,3,Barcelona,15.484263045191788,Low
3015,39.16400673653995,70.56533706344476,401.3062808501733,0.35201788825654134,3,9,4,1,Barcelona,7.769380903527401,Low
3016,55.38378851019317,113.62135077951737,303.363198939176,0.2896252496618031,2,6,7,0,Barcelona,14.511389049675982,Low
3017,29.806539245231576,61.67684904728662,238.69190873422542,0.3578568026425397,6,6,8,4,Barcelona,15.520529799994872,Low
3018,20.0,61.49419368628229,661.2655180713409,0.46277840125946557,4,9,2,2,Berlin,5.127784012594656,Low
3019,40.488411415910015,133.02483914612773,448.80432280099114,0.326552720244083,3,8,1,2,Berlin,9.412050627213834,Low
3020,50.5174079991092,104.44618911635828,461.94353974004025,0.41991447658404246,3,6,1,2,Barcelona,16.354367165573187,Low
3021,57.00261749738829,20.372157532674095,476.1197432620041,0.49229709009007905,3,6,1,2,Amsterdam,19.023756150117276,Low
3022,40.36838637914601,65.86853151973992,651.9414327004672,0.3822272808302267,8,6,9,4,Barcelona,22.93278872204607,Low
3023,40.885733928839976,34.70026656094865,473.07052490361195,0.3293303055556254,9,4,4,0,Paris,27.559023234208247,Low
3024,56.53900734255747,56.232732664618624,851.608066824894,0.11499437885013611,9,5,9,3,Barcelona,28.611645991268603,Low
3025,26.302583003045793,20.0,520.0640861081343,0.24979115930183504,5,3,7,2,Berlin,15.888686493932088,Low
3026,41.114792248169906,76.57526055765145,659.2677150437482,0.32617709340604734,1,9,7,3,Paris,4.096208608511445,Low
3027,46.90423889925058,51.45145452096721,620.785978685661,0.418882628682413,5,2,2,1,Amsterdam,25.260097956599303,Low
3028,49.49218721285034,81.49763141991096,494.53290196129433,0.2752419158590305,1,7,2,1,Barcelona,9.100075322445404,Low
3029,39.901933068091175,39.37196852793688,411.9543520969305,0.4840233103059094,9,1,5,2,Paris,33.310813023486446,Low
3030,45.344410117058416,82.072796329301,549.7945892849831,0.20871750104946996,8,7,1,0,Barcelona,21.190498045612227,Low
3031,20.116726465870105,69.62709304699182,576.5148096810909,0.39782687808412664,7,2,7,4,Amsterdam,21.0132867206023,Low
3032,38.41751587666152,117.54882412971489,414.1120927810209,0.267612566833651,2,5,7,2,Amsterdam,10.701380431334965,Low
3033,49.53508712554468,115.28392154364062,524.9508298925983,0.29439539782636237,2,1,8,1,Paris,20.304480115927028,Low
3034,35.177059657453206,99.63364007525708,685.4307467389394,0.42100081354617613,4,5,7,1,Amsterdam,15.263126032697725,Low
3035,45.58984221589597,71.83465548346969,810.4921608604518,0.21848610466068222,9,4,8,3,Paris,27.861813711375614,Low
3036,49.46872500802698,129.63450988150734,628.1553980524131,0.13872482263805727,9,1,3,4,Amsterdam,32.727865728788665,Low
3037,41.57450799142235,41.17411805400448,779.4139529570423,0.30810223384537083,8,1,3,2,Berlin,30.05337473588041,Low
3038,46.70463770996571,44.91103426090844,405.5938683190316,0.3115178447214995,5,7,8,0,Paris,16.626569760204706,Low
3039,35.372674347153875,77.90542250277338,605.2823378088941,0.41886710889014955,7,3,9,3,Barcelona,24.300473393047653,Low
3040,42.93388720303953,136.35095272302797,700.7779262871909,0.48732768249284075,9,9,4,4,Paris,22.253442985840266,Low
3041,51.10216169589223,74.94152732824782,365.5500000542006,0.12212027453133936,3,9,8,3,Amsterdam,9.05185125408106,Low
3042,46.569729609684344,75.41886891976796,427.1614831932486,0.3366757894972435,4,9,1,0,Amsterdam,11.837676777877737,Low
3043,39.13468730436065,43.95224109720477,760.6857142752875,0.37251141212592,2,1,2,1,Amsterdam,17.965520312567392,Low
3044,47.24216404290793,103.64823963175945,353.735171631959,0.49432054029940875,9,4,9,2,Barcelona,31.115854615866468,Low
3045,52.14609790636618,103.82940635823385,298.83049510164335,0.4770360857107646,7,1,2,2,Barcelona,32.9141902290175,Low
3046,24.50058721422522,99.72688003499775,729.1972360459267,0.38498030588479104,6,1,2,0,Amsterdam,21.699979223115477,Low
3047,56.59074064955898,64.26948317881595,679.5144837470658,0.30871576449778637,5,9,8,2,Berlin,16.564379839845557,Low
3048,41.63745261318928,62.33233079067486,564.8180365975654,0.16460956891970452,7,5,5,2,Paris,20.63733147315383,Low
3049,49.2548993324023,47.671943739875736,493.14338680312585,0.25367062208176694,3,1,5,3,Amsterdam,21.81317602053836,Low
3050,56.97246923645228,82.09681254402334,434.22132415925273,0.33404893002286173,5,3,6,0,Berlin,25.9322300711643,Low
3051,31.28326302769534,52.98981676803746,542.2923310713577,0.3900801586383015,2,7,8,3,Barcelona,6.7857804946916165,Low
3052,37.90558997572453,50.56458736876778,736.9710436102325,0.35415982299164495,5,2,8,2,Amsterdam,21.91327522263381,Low
3053,42.11451304124295,69.4077320772331,535.7849189213114,0.3856491207310965,7,4,9,4,Paris,24.490845119683854,Low
3054,37.16246478875571,67.77109562039459,825.0438900870449,0.2716610018207591,7,2,3,4,Paris,24.865349454834302,Low
3055,62.34936575836808,66.55053677945112,365.30870215396544,0.3910509162284036,9,9,9,3,Barcelona,27.11531888979446,Low
3056,36.432279061732075,91.66111492100653,497.0478868507596,0.1574965024078877,3,9,3,1,Amsterdam,5.004648742598497,Low
3057,39.44453220513133,81.97619505375698,444.0411998504127,0.16503452470524543,8,7,1,1,Amsterdam,18.98370490859185,Low
3058,47.04389031602977,72.79609923722205,337.2287685256501,0.16513285833178515,5,7,5,0,Amsterdam,15.264495678126782,Low
3059,32.97850473923911,84.57532320778705,477.0374400485517,0.4563459828143105,7,2,7,4,Berlin,25.45701124991484,Low
3060,41.04319288243736,55.211823972384195,562.599395249066,0.1304136253234538,1,8,3,4,Berlin,3.6170941179657463,Low
3061,48.17453261250175,82.63196559774195,578.6345269928045,0.42060334909339037,1,1,9,3,Amsterdam,19.15839327468443,Low
3062,41.67139595617489,83.76506232111585,825.5678268416834,0.19342835921869486,4,8,1,2,Paris,10.435702379039418,Low
3063,44.06613141100052,42.42382851606298,569.6701204585339,0.2873719761981003,5,5,6,0,Berlin,18.593559185281162,Low
3064,39.70667887551629,104.89234385925906,672.5205205519424,0.46638263818627124,3,4,6,3,Paris,16.5758300445176,Low
3065,29.85529690819233,57.96415736932511,509.9141369448464,0.3343748918750027,6,2,8,1,Berlin,21.300337991207723,Low
3066,48.215932113392384,82.25774498016088,751.7083400678893,0.18404707449294344,3,3,3,2,Barcelona,17.80525037894715,Low
3067,62.54933071647241,109.11029351338176,859.7673928382104,0.21363602412752286,5,2,5,0,Barcelona,27.90115945621695,Low
3068,45.18401630783438,103.14191894284673,579.6627696463925,0.46817864955831434,1,4,5,2,Barcelona,14.236991387933458,Low
3069,47.25264117247549,80.85833471422089,351.10114768226276,0.27085757004399136,3,3,8,1,Paris,18.38436805218256,Low
3070,51.92722755116859,70.93752492794829,417.67924658342474,0.33479419320271575,7,5,7,3,Paris,25.426110197377735,Low
3071,32.30669503453301,103.68779771438918,542.2901454807743,0.2839728786501555,3,7,3,3,Amsterdam,8.031737296861458,Low
3072,62.025146581296056,96.86737444521549,568.4747052875969,0.2513752352193799,5,9,7,4,Amsterdam,17.621296326582613,Low
3073,47.02328796422802,64.54087449889676,604.7637701576558,0.18931165077296078,7,5,8,3,Barcelona,22.500102896998015,Low
3074,61.31856899089109,60.12765882495774,569.0296521845062,0.3744766001938409,2,8,5,4,Barcelona,14.140336699205733,Low
3075,37.66967004476011,28.191120457600043,501.0477374383908,0.38729681050884823,3,2,5,3,Berlin,18.173869118516514,Low
3076,63.18061922557825,83.85079604208968,404.5702338196807,0.2099540366429598,4,6,1,0,Barcelona,20.05372613410307,Low
3077,52.75155494034783,77.93255637454003,560.1707391896344,0.41560433722193213,5,8,8,1,Barcelona,17.98150985432367,Low
3078,50.530400858523585,108.40478436606355,778.2481036220985,0.4418140801206718,9,9,6,2,Barcelona,24.077261058763796,Low
3079,47.34024454353148,88.97637733700917,652.9892908141633,0.46827003849585214,9,4,6,1,Paris,30.884773748017963,Low
3080,42.514713819255505,113.35572985431726,580.2055924454297,0.16448496556734798,4,4,5,1,Paris,16.39926380145013,Low
3081,57.00531658473872,62.56589430209573,654.4350385734126,0.22156947344530656,9,7,5,4,Barcelona,26.817289709874686,Low
3082,46.40359869848047,108.45375827419046,444.3403956648721,0.44414133900147823,4,4,3,4,Berlin,20.362492999558924,Low
3083,25.329302964128477,66.77709052238362,423.76022808750196,0.1794160811311576,2,5,3,0,Berlin,5.892951700550119,Low
3084,33.82813538292997,99.4399015448068,387.83223434510273,0.10138738369739815,1,2,2,2,Amsterdam,10.162314451852973,Low
3085,43.14154247807253,43.53104018673266,481.2070065845843,0.4483309241006538,7,2,9,3,Barcelona,28.425771984428295,Low
3086,48.09998983165555,85.87838248415471,436.699115493638,0.23057977670054774,4,5,8,3,Paris,17.235794716502138,Low
3087,44.43411511100104,30.382801463852253,681.241211097821,0.26579901005558004,8,2,3,1,Barcelona,28.988224633856113,Low
3088,57.18970789793663,73.32156285145614,428.7014873476717,0.2785336102882552,8,6,5,0,Berlin,26.942248472263543,Low
3089,25.488981359613753,91.00884984694784,379.59174256626255,0.43930984026689146,8,6,5,2,Paris,19.039792810553042,Low
3090,46.435879365051605,66.97578621922261,791.3865768245947,0.23515685783738416,6,8,8,3,Paris,16.282332387889326,Low
3091,26.820207746128453,53.739059281100815,432.29371533779846,0.4569119543425927,9,1,6,1,Paris,29.11518186726446,Low
3092,52.59712295484168,101.15296173239834,523.0292685875527,0.3467756552192192,4,7,7,0,Amsterdam,16.746893438644697,Low
3093,44.05541285557997,77.41343025382692,567.6984237115117,0.3109146896134737,5,7,5,2,Barcelona,15.825770752808728,Low
3094,49.19609972024118,67.76073382423321,329.49603216187774,0.23024580285098498,4,9,1,1,Barcelona,11.561287944582201,Low
3095,36.36117039410234,81.04739802885692,685.3225654254604,0.19748467851247434,5,4,8,1,Barcelona,16.883197903355445,Low
3096,57.79464931657751,145.9167285486397,595.5678560616841,0.3496233771109395,2,7,4,0,Berlin,14.33462856608265,Low
3097,55.417246640588516,108.8375712445386,733.7576017821173,0.27875766402263047,5,6,5,0,Paris,20.412750632402858,Low
3098,50.835443030118874,109.064341704696,398.11670941728494,0.46420640397280255,8,4,1,0,Paris,29.89269694876369,Low
3099,43.704827531365595,90.88865797480909,514.868868871424,0.2966554864456199,9,8,3,0,Berlin,22.078003123865876,Low
3100,50.798572852951324,84.16213181442868,505.9033632491293,0.30471796668047646,7,3,2,2,Amsterdam,27.78675152269016,Low
3101,37.93107432012651,20.09794279173959,539.5832741525032,0.2666893124544003,7,8,2,0,Berlin,16.04621542058196,Low
3102,53.55555659020712,63.0254913384217,281.80778771342585,0.415705198796514,6,5,1,0,Paris,24.723718965027274,Low
3103,61.49480894323921,67.98563966993814,516.6254568038333,0.2699356792437082,2,4,6,0,Amsterdam,19.147799475408846,Low
3104,55.70610559979186,33.127698398811674,286.03041328643826,0.20773679989990199,9,3,8,2,Amsterdam,32.28919967893658,Low
3105,37.70397530192591,51.06460524461416,553.7501106795382,0.4448123497174039,5,7,3,3,Paris,15.259316087751811,Low
3106,48.61417317273103,30.479088226934152,200.0,0.33873128854609613,6,7,1,1,Berlin,19.47156483728027,Low
3107,32.06858456241352,79.04190410756568,222.261974856412,0.3366040879076007,1,6,2,4,Barcelona,5.986616247800063,Low
3108,50.723903111756755,100.4691492712204,622.7823074659998,0.3443288828655706,5,3,3,1,Barcelona,24.160459762182732,Low
3109,49.50603412862539,107.66936296560822,417.9742317207826,0.3875358992822667,6,9,6,2,Barcelona,17.227169231410286,Low
3110,26.30183660467836,90.36961155198102,351.8212889551639,0.22522719572502675,2,2,3,0,Berlin,11.142822938653774,Low
3111,33.38216156087636,55.915091470035776,690.6268431613322,0.11353774833320114,7,3,9,2,Paris,20.65002595159492,Low
3112,42.16861103256233,31.69837103700101,549.1439325992623,0.4242372643508039,4,1,1,3,Berlin,23.39295595327674,Low
3113,41.991402528591735,36.07828251496245,630.8135293300676,0.15156202155265497,5,7,7,4,Barcelona,13.61304097410407,Low
3114,32.90523064581195,48.27543556863753,475.06368915187545,0.38872789488421766,3,2,8,3,Barcelona,16.758848142585762,Low
3115,48.889787293521834,57.778507549108134,901.9443040850005,0.1329261193149315,5,8,9,0,Barcelona,13.996197381205864,Low
3116,47.51473608940512,76.00628755021033,409.32292091603074,0.25012313681139686,4,9,8,2,Berlin,11.255652194935506,Low
3117,43.05730868021481,54.64589454682579,761.6743324039833,0.1252104279326153,6,2,5,2,Berlin,23.169296883390597,Low
3118,37.44208499841637,88.47439734170653,490.79509398501307,0.30888547185108983,2,6,1,0,Barcelona,9.32148021803581,Low
3119,55.487071264165635,74.19316243001317,251.82344076308812,0.36125430911263,3,1,1,0,Amsterdam,24.75866447037599,Low
3120,61.55407113088295,80.26364279352563,572.4273118622162,0.16857325647127533,1,8,8,4,Barcelona,10.151953903977637,Low
3121,40.16438516153463,108.50626381678012,547.2143842182745,0.24865104737536084,7,5,7,3,Paris,21.035826022214,Low
3122,38.878330828451794,50.49420664499075,342.30172786411555,0.47209579641722144,9,9,5,0,Berlin,20.88445721270775,Low
3123,49.912076654119964,90.46761445730921,361.6671084297928,0.2769556468429827,2,3,3,0,Amsterdam,17.243179464665815,Low
3124,41.419706202530136,79.65066928809817,496.2953535372512,0.42101742759062266,7,2,9,3,Amsterdam,27.636086136665266,Low
3125,43.60602799336766,71.66284297575763,552.4621722871973,0.47087389802408364,3,7,4,0,Paris,13.290547378251132,Low
3126,52.396531517246714,102.13140802164901,200.0,0.4897383299909146,5,7,6,4,Barcelona,20.11634275508316,Low
3127,25.906439124927072,101.97535386392519,657.9682178785704,0.45932880787654773,6,5,4,4,Barcelona,16.865219816243595,Low
3128,58.183023248526695,56.33773010028929,425.82530392775334,0.22696213166358767,8,7,9,3,Barcelona,25.224528291193884,Low
3129,45.72680524329341,75.4459854035519,300.2378773402736,0.48502915446447725,4,6,4,1,Paris,17.568333117632793,Low
3130,40.8850685543782,87.03029206460164,641.1599827177896,0.4249580966984188,2,9,8,4,Berlin,7.01510153329765,Low
3131,44.10765845778551,73.17483129943538,496.45730308723154,0.4348702334557951,3,3,3,2,Berlin,19.080999871893606,Low
3132,44.62429355020519,94.62553330719496,682.4248665173382,0.10606919366873391,8,4,8,2,Paris,24.447980001748892,Low
3133,27.687986965550746,87.02980044775688,565.6928394469633,0.4816955453273175,7,9,3,1,Berlin,13.6233515429384,Low
3134,59.94938227453236,125.81403100890032,499.7728245577931,0.4112360895394963,6,8,5,4,Paris,22.097175577754673,Low
3135,45.41325632270618,41.74302160175531,477.0905082529766,0.40718699860316,5,6,1,0,Paris,18.695846882843455,Low
3136,49.430021304473755,76.93910025631506,572.4069140834207,0.1326098923714345,5,3,6,1,Amsterdam,21.65510531505647,Low
3137,54.51549770574043,57.28743721219522,437.97031117860047,0.19302741642933252,1,9,2,0,Amsterdam,6.784923476015453,Low
3138,34.788375424396996,95.1026863859761,372.1141116880251,0.4849046660551597,6,9,3,2,Berlin,13.785559287870694,Low
3139,49.734718990352285,39.570702748861386,591.4863683981966,0.30027082992219056,9,6,1,1,Amsterdam,26.923123996327586,Low
3140,42.32358909101207,88.65781775562216,478.3268237833356,0.2591432072949025,8,2,6,4,Berlin,28.288508800252643,Low
3141,53.46770775216494,64.24878921629147,505.0351472103509,0.43597632685876553,1,7,5,2,Paris,11.900075594237137,Low
3142,23.727725796485046,61.64595334697465,663.4069754231912,0.13493616564557775,6,9,2,4,Berlin,6.967679395401292,Low
3143,44.00905699758731,43.837544911482816,482.91850883963883,0.2667768065084237,3,9,8,0,Amsterdam,8.37048516436043,Low
3144,38.97179344216038,68.37310134497486,502.2550888312686,0.2502803097688334,6,3,9,4,Berlin,21.694341130336447,Low
3145,49.322629506341556,107.11251325727314,410.0525732823602,0.23994055481215712,9,2,3,1,Amsterdam,32.196194400024034,Low
3146,49.700441873682024,79.37028291176301,564.6109900972776,0.22307689746122927,6,5,6,0,Paris,21.6409015367169,Low
3147,37.92374105177974,95.69201044686186,552.4741869020132,0.18402998271603122,8,7,6,1,Barcelona,18.717422142694236,Low
3148,37.87826135823956,121.61604554915688,635.1162697685837,0.1691643211962089,6,3,6,0,Paris,20.555121619433955,Low
3149,43.89334631442671,86.5938896205644,413.1306744489686,0.3561624467678697,6,4,8,1,Amsterdam,22.729628362006707,Low
3150,36.033577726847916,66.03001069844149,431.32745456147217,0.4677579364834714,7,2,5,2,Berlin,26.487652682889088,Low
3151,53.41983695452127,91.68130537956975,618.8206098718204,0.30354065809995256,4,2,8,1,Amsterdam,24.061357667355907,Low
3152,41.30792799552554,66.3925963421427,537.8319505044295,0.21918982093865771,8,7,3,2,Amsterdam,20.084276608044238,Low
3153,20.0,67.38943291757076,364.0672810710958,0.16366407908889052,4,2,7,3,Barcelona,12.636640790888904,Low
3154,41.25177943378194,42.00268000952538,695.9831101601751,0.43205734602103774,7,1,1,4,Berlin,29.196107290344962,Low
3155,34.61456179156028,103.1564372771098,245.23241473996237,0.4885968225892855,1,4,4,0,Amsterdam,11.270336763360937,Low
3156,28.687241845390545,70.34993560876401,617.6427129895628,0.23966216058714074,9,6,5,4,Paris,20.00279415948857,Low
3157,32.62573361777427,84.55245614539655,310.2181946002705,0.21638017022085157,9,4,7,2,Paris,23.9515217875408,Low
3158,46.094084718329704,54.10095178483401,782.868277472829,0.3405971811899765,7,1,6,2,Amsterdam,29.734197227398678,Low
3159,58.28640828248231,90.89869074288681,268.31004096415654,0.4101315923813703,8,1,6,2,Amsterdam,36.08723840855839,Low
3160,48.131844738649804,60.951469046622904,672.8375977809122,0.2821611214198657,2,9,2,1,Amsterdam,7.761164635793597,Low
3161,38.934966117842606,76.4572819574544,487.7548459983134,0.3520292599443797,7,1,2,4,Amsterdam,27.70078243479658,Low
3162,49.55904195170703,101.94565078097814,445.0096145241884,0.38661962720931675,1,7,2,2,Paris,10.233908857605277,Low
3163,40.40909689781008,99.76898280581324,527.8094984701642,0.4842369151424717,3,7,8,3,Barcelona,12.46509822076774,Low
3164,38.05399630836855,79.44924818707649,594.7850508736719,0.16601493220803337,6,1,7,2,Amsterdam,23.576348214590897,Low
3165,33.456373317670156,35.79672418233204,364.33992465036954,0.49895299753014777,5,1,1,4,Berlin,23.526441970602527,Low
3166,27.48171193248281,150.0,377.63184122471415,0.25686266209649156,5,6,9,2,Barcelona,11.813140200709755,Low
3167,41.100762934405545,123.6464742568284,597.4407297669329,0.3892800570906215,9,8,8,2,Paris,22.223029451227877,Low
3168,46.58053489920132,98.06687062220746,243.89855695256,0.3289657511891989,6,7,9,0,Amsterdam,18.763817981652384,Low
3169,44.0337632998511,61.169905460225735,412.3656360211872,0.29466744680353607,3,6,4,2,Amsterdam,13.15680345799069,Low
3170,40.84033072052641,77.16019595745088,956.1030431239161,0.3792301474926346,2,3,5,4,Amsterdam,15.54440069108427,Low
3171,35.542539393032186,66.41448925558707,354.79805531160787,0.25830154008943806,9,7,5,0,Amsterdam,20.745777218804037,Low
3172,51.08246191684969,111.5963984774097,672.1704187639629,0.15044399253472257,4,6,9,0,Berlin,15.829178500402131,Low
3173,31.82868080053415,86.56257227129585,412.1073846929282,0.2955573532484959,5,8,8,2,Amsterdam,10.504177772645203,Low
3174,52.760279138434754,60.39590354100418,576.3567717195716,0.3087663482729275,9,4,6,2,Paris,30.915747224259704,Low
3175,34.97782981073275,68.23112252188045,598.1533535894326,0.1807608613599757,5,9,1,3,Berlin,8.800957556819583,Low
3176,37.47564762646965,108.02970356424761,669.3435102774422,0.47424774253146285,7,1,7,4,Barcelona,28.48517171325552,Low
3177,30.33214809384323,120.00244617051196,469.9619259780836,0.19099025865851652,2,7,9,4,Barcelona,4.509547014738134,Low
3178,39.98597853114363,118.20828908715615,798.3326958132279,0.2636910376336391,2,9,4,1,Barcelona,5.132703935679479,Low
3179,54.75312458477979,98.92580162634944,411.59951531222293,0.16197187473788932,4,1,4,1,Amsterdam,24.54565612281283,Low
3180,50.15628088443957,73.68437827993408,535.133062039934,0.3143186584747777,8,3,5,4,Barcelona,29.690070850079646,Low
3181,54.78422112028035,20.0,536.7915398326411,0.2230550432400359,2,7,8,2,Berlin,12.165816768484465,Low
3182,50.22142545933936,87.42900059520554,331.7047820075877,0.29570900799043365,7,9,5,0,Berlin,18.523517717706145,Low
3183,33.96330171469631,79.95428102889748,457.1191617531319,0.18984676658328078,1,1,4,3,Barcelona,12.587458180241699,Low
3184,41.692107756724425,83.49955240803385,524.2270248857611,0.12151005117948631,9,6,8,2,Barcelona,22.72273283881219,Low
3185,37.19800870882537,81.34743367583016,435.18184353058706,0.41169066043290214,6,2,5,0,Berlin,24.27630921697663,Low
3186,58.3057490403904,46.84344595127107,866.1385948184802,0.35643451358386335,1,5,8,4,Paris,15.556069847955753,Low
3187,33.03211353573688,93.93521392127964,374.20644896007036,0.23629574228440517,6,7,1,2,Barcelona,13.772591483565115,Low
3188,53.93697689389111,95.80540785079626,676.9136702210642,0.1189976898729289,5,7,3,3,Berlin,16.87106996689662,Low
3189,53.929538701087694,97.05846955149147,628.468971972318,0.44623002507884835,5,7,7,1,Barcelona,20.141161861114792,Low
3190,63.29620201716087,103.66442508933466,497.9206798243593,0.16791800197427176,5,4,1,0,Berlin,24.668040624890978,Low
3191,40.903134073705026,95.10129112304058,370.218641922163,0.47229688731257125,4,6,5,2,Amsterdam,15.993909095237218,Low
3192,52.123221595801624,69.74926471152723,384.7617019412345,0.29143815143838336,7,6,6,3,Barcelona,23.55134799312432,Low
3193,67.81651836538842,78.22907880209775,422.3049051175235,0.2361546839633935,9,7,1,2,Barcelona,30.20650234925046,Low
3194,38.82358323066303,82.27812168133443,232.13880770806054,0.3967037907563856,4,9,7,4,Paris,10.114112876762768,Low
3195,29.649597524676402,82.69248622766546,349.4801861301064,0.4507357624300743,2,6,9,0,Paris,8.402236881703663,Low
3196,26.199899660922362,104.95544139929325,277.6285226954536,0.2482854254582843,2,1,9,4,Paris,12.842824152859553,Low
3197,52.12712028861331,96.09171882556227,701.8812504766574,0.2629375008680749,2,8,3,4,Paris,10.26751109526474,Low
3198,26.16849791941416,131.93358598924883,592.7693588582327,0.273263287738879,7,2,4,1,Barcelona,21.58318225321304,Low
3199,41.27680947062077,135.1617244971168,617.8961148298191,0.4689292245914677,4,3,1,4,Barcelona,20.57233508710091,Low
3200,49.37313187038961,81.99123956534812,588.3247927312922,0.3770255966057331,4,5,4,3,Paris,19.08219552717421,Low
3201,46.85175536829914,20.0,525.0451435001245,0.19905844681826224,1,6,5,0,Paris,9.046111078672364,Low
3202,49.25444864184172,110.92081165318166,719.1020498193706,0.17399987900079178,4,7,7,1,Barcelona,14.016333382560433,Low
3203,47.22289855800854,66.49059152532364,408.38560164023943,0.19214706536992643,6,4,5,2,Amsterdam,22.088340221101824,Low
3204,57.788658133133936,59.96290195422483,516.0004483050567,0.20542555567420698,2,3,8,4,Berlin,18.890852996682252,Low
3205,35.476836192612026,70.03886812526582,612.0588241736185,0.19207339653360062,4,9,7,2,Paris,7.0637848231196125,Low
3206,38.23004861541469,68.83392382963484,301.81861522158067,0.3634025788769585,7,4,1,1,Berlin,23.103040373393988,Low
3207,37.27340554729176,95.30674525263481,964.4883344213824,0.14637340426300255,9,9,2,2,Amsterdam,17.145755706817553,Low
3208,53.301918118626105,41.014105521844364,504.2848644166379,0.25494339588318427,2,9,7,3,Amsterdam,9.040009394419672,Low
3209,54.003985883950634,53.056981355209956,521.2984175863389,0.3500214291881466,8,3,3,1,Amsterdam,31.201410057066656,Low
3210,49.51225319318508,88.57896385493541,688.5317047512383,0.21634398957717235,6,3,2,0,Barcelona,24.517115853727248,Low
3211,56.834936668899275,95.57360076033271,637.2432999515336,0.12610975388066323,8,8,9,0,Berlin,22.311578539476407,Low
3212,33.21959132623619,96.03854112340031,505.71170290946884,0.13272956913838732,2,1,8,0,Amsterdam,13.79317308925473,Low
3213,61.67224111551137,60.324093026667526,519.5194157147063,0.15038671052187455,1,6,8,0,Paris,13.005539439872155,Low
3214,60.23238621712258,55.543358768344,274.3777203578031,0.4343372099472621,7,6,3,1,Amsterdam,27.413087964609392,Low
3215,52.35621997245747,67.33412915530202,416.53013332250356,0.3631454022419879,9,9,9,1,Paris,23.83832001415712,Low
3216,62.8179890877106,85.99681880711813,577.581532423844,0.12580896443905792,9,2,8,1,Paris,35.10348637070376,Low
3217,28.433767923222263,117.13693423181374,566.583925856433,0.25642755166056797,2,8,2,4,Amsterdam,3.0944058935723575,Low
3218,39.755518637373484,28.814070355731246,683.174862500613,0.21143406913882626,4,7,7,1,Paris,11.54099628260031,Low
3219,37.64696539318048,74.48178107604083,481.9248412665013,0.3312160446515201,1,2,8,1,Paris,13.606250064469346,Low
3220,52.21479323757343,46.68303897436991,291.9070229853701,0.3091223798689254,7,1,7,1,Barcelona,31.255661769961282,Low
3221,34.498592603978544,38.69393306616276,658.5095646163517,0.292449609347886,2,4,9,0,Berlin,11.274073874672423,Low
3222,52.574951493374854,104.17391613362042,715.4134019273024,0.22580494814904528,4,2,7,3,Barcelona,23.030534929502906,Low
3223,58.705361439967135,93.61561436248347,634.7366859284344,0.1551199088175963,2,3,7,0,Barcelona,18.6628075201661,Low
3224,51.95202900083999,91.23583789868155,475.4549493713763,0.39695055314905525,1,2,1,3,Barcelona,18.55511423174255,Low
3225,47.83751023661501,103.02564599327484,656.6579077814869,0.4519427075370618,7,9,2,3,Berlin,19.370680146355124,Low
3226,35.121266590992505,68.0070275808466,1014.3365717012321,0.4776603636931269,6,4,5,3,Berlin,21.31298361422902,Low
3227,36.53149033874635,69.18406209166179,517.2728471660713,0.12344758824543219,2,1,1,0,Amsterdam,14.693922984078228,Low
3228,57.49618905296667,134.64326541806435,303.2394961632313,0.3959634846355532,4,8,7,4,Barcelona,17.20849156224553,Low
3229,52.793490039053324,73.83572364351065,412.0572425671772,0.39060138376278497,3,4,5,2,Berlin,19.744060849343846,Low
3230,44.60980480622456,98.37830282635228,593.8214000456077,0.4788438456582357,3,8,5,4,Amsterdam,12.171379898449723,Low
3231,40.8209045423411,80.15953852408288,259.2793533652906,0.20116583779910618,3,8,8,0,Barcelona,8.257929740693392,Low
3232,24.74192126888623,33.79353674803962,525.4104612368104,0.3968716153180626,4,9,9,3,Barcelona,5.891292533846496,Low
3233,34.291475813155614,28.884274904968294,557.0504975473824,0.12185051550659383,1,7,1,2,Paris,3.0059478990126225,Low
3234,64.11419087139723,65.52539450150238,730.2682609718978,0.3524982883046477,1,4,4,4,Berlin,18.759240144465643,Low
3235,32.195444289975335,106.40253129174972,696.5292284081451,0.2403391296208719,7,2,2,1,Paris,23.06202458320132,Low
3236,46.89479821221081,99.70729141590009,629.6877187627656,0.40756377581899006,5,6,9,4,Barcelona,19.144077221853145,Low
3237,55.07443973195198,102.85192910560085,200.0,0.44532171457415737,3,4,9,0,Barcelona,20.975549065327165,Low
3238,32.450773319977074,55.323845526592116,638.1579692071888,0.2459284168870065,9,6,1,2,Barcelona,21.194516164863188,Low
3239,46.84710474781083,120.39681225305785,605.827007909037,0.3102344370797202,5,8,3,1,Amsterdam,15.156475795140448,Low
3240,54.37915537510655,55.87766749534039,538.3916565617519,0.14696162494543996,3,3,8,2,Paris,19.283362861986365,Low
3241,45.1249932190725,85.32060996674922,240.46668107817715,0.26676278608939064,9,1,2,2,Paris,32.70512582661566,Low
3242,70.0,79.74119275230659,383.4839136219409,0.2443201573036677,1,5,2,4,Barcelona,17.943201573036678,Low
3243,28.314007411218046,75.65315449213534,324.97658456989006,0.1732493839138071,9,3,2,3,Paris,23.726696062503486,Low
3244,55.58728529883879,113.46480345739016,200.0,0.4577914499067104,5,6,5,4,Barcelona,22.254100088718744,Low
3245,43.27198262603535,62.37223699585098,499.56272728778083,0.1592351352160641,6,3,9,1,Barcelona,22.073946139971248,Low
3246,52.719201548366755,46.2598686072018,380.32668178358307,0.3542957430120749,2,1,7,0,Paris,21.85871789463078,Low
3247,49.41307151699246,80.49988715516048,893.7958370403367,0.4560570573919551,8,9,7,4,Berlin,21.88449202901729,Low
3248,37.668438028900034,70.00433164283683,474.6842090843136,0.46478743194529026,3,5,2,3,Barcelona,14.448405728122914,Low
3249,47.2899639245934,150.0,694.0629733798941,0.4172958799362274,1,2,2,3,Barcelona,17.359947976740294,Low
3250,26.420985486017127,96.91268691099938,264.6351462960163,0.17045645354967065,7,2,5,4,Paris,20.630860181301845,Low
3251,51.032475005713934,69.7664856195344,420.4865620992695,0.4269725636855479,3,9,7,1,Paris,12.07946813856966,Low
3252,47.98158465990526,53.59721077032283,514.5346814051472,0.21062592496624985,4,1,7,3,Paris,23.000734647634076,Low
3253,51.38660168643102,32.992789735780384,363.7769077088494,0.46895921097300364,5,3,9,3,Barcelona,25.60557261565934,Low
3254,55.581183250871504,54.369522856564174,436.66989727928836,0.38363467256953987,1,7,3,1,Berlin,12.01070170095685,Low
3255,48.67619840209711,82.8735442939783,467.3073640634692,0.4141070244035546,9,1,1,1,Berlin,35.24392976466468,Low
3256,46.480894197982764,115.68321628986924,464.91380218326583,0.1340129814007749,7,2,9,1,Berlin,26.284398073402578,Low
3257,36.18931663338708,108.04222855969797,778.267785955302,0.3331060453774178,2,6,1,1,Barcelona,9.187855443790301,Low
3258,37.87779236350949,85.72737079115949,556.7339428147266,0.4284568507594718,1,9,8,4,Paris,4.147906216647566,Low
3259,56.86734620177331,71.92080835743788,571.9265844411955,0.44463614110899974,2,9,5,4,Berlin,12.006565271621989,Low
3260,59.36335405705979,86.72030891030386,580.9482161517606,0.11145268189345661,3,8,8,2,Berlin,12.923533036052502,Low
3261,42.61889563687946,67.0340500628856,591.8939566005669,0.4756636930220477,3,3,7,2,Berlin,19.042305621284314,Low
3262,45.460027472532744,122.9590998940969,487.5669524187702,0.1173354933209919,8,2,9,2,Barcelona,27.81136317496974,Low
3263,35.95385625006234,75.270245468123,451.8880442781731,0.34580747186994,5,1,2,3,Paris,22.7442315937181,Low
3264,56.72756845267445,77.84155354383182,525.0224089277416,0.3773550110461249,9,9,9,1,Amsterdam,25.29182064626358,Low
3265,51.65416823691778,24.6044393744833,673.5205923370208,0.14293811646716392,3,5,5,4,Paris,15.425631635746974,Low
3266,64.4121743646375,75.1141288369309,668.9357282654576,0.11920474624367708,6,3,5,4,Paris,28.015699771828018,Low
3267,36.21676922820261,100.91210344912352,463.9402286467383,0.4139648617802917,4,5,1,1,Paris,15.5046793862637,Low
3268,41.21992100981783,53.30693557403637,615.1765542002167,0.2538682499189736,8,3,6,2,Berlin,26.404658802135085,Low
3269,47.314459225255725,61.231991637679684,470.81230054404983,0.14284500612604947,1,9,3,3,Paris,4.122787828837215,Low
3270,51.464895377257704,99.81777544334162,505.08058241528664,0.40506712655505683,4,1,3,4,Berlin,25.99013987872788,Low
3271,42.84332362452368,43.08356941204867,428.97149276687037,0.43966522805744823,7,1,3,0,Barcelona,29.749649367931585,Low
3272,36.270389095462995,106.44502518854796,472.753229164065,0.33495447630352293,9,3,4,3,Amsterdam,27.73066149167413,Low
3273,53.81407528923571,66.69640274567244,701.199510432452,0.16449472337385823,1,6,9,3,Barcelona,10.789169820509295,Low
3274,52.211353625455814,70.28579448771993,513.8631721008854,0.10608898859659632,8,2,8,2,Barcelona,29.724295973602707,Low
3275,35.83725899436275,51.903039871860145,520.2923762828477,0.38032099252077756,2,1,6,1,Amsterdam,17.0543876235166,Low
3276,58.55442801105496,89.45115651069707,282.9173331113062,0.3200558699301267,4,8,8,0,Paris,16.76688710261775,Low
3277,56.70198709196604,141.4967996257345,453.6134138550906,0.3603188566880319,4,9,8,2,Paris,15.11378469447013,Low
3278,46.34296497247793,99.5374309865158,463.8027644382907,0.42527386807983836,8,1,1,1,Berlin,32.65562817254177,Low
3279,45.79597862376036,58.392868451486606,375.6284771834892,0.2736911107971889,2,3,9,0,Paris,15.975704695099996,Low
3280,50.540577711159074,108.3905146372869,503.24981175553455,0.14980618753344818,7,5,1,4,Amsterdam,23.160235188682204,Low
3281,36.38296929743742,72.08301135164376,435.62265646585183,0.4759933141563306,3,7,2,0,Barcelona,11.174823930794531,Low
3282,45.30031479164082,114.36212453568899,511.9993782865373,0.31810485089874296,9,4,9,2,Paris,28.771142946479678,Low
3283,23.4761645539082,100.16691005410907,518.2254514728402,0.3461176476354161,5,6,7,0,Berlin,11.50402584252662,Low
3284,53.76455645502936,20.0,356.63684632660335,0.47336457182070046,8,1,1,0,Barcelona,35.3630126547158,Low
3285,29.385067775581405,54.89800917612432,440.1947326275216,0.4726334625241052,5,4,3,0,Barcelona,17.541854957915472,Low
3286,60.03419828428999,103.60963057088475,511.60614241412503,0.3288378426912695,1,8,1,4,Berlin,11.298637912199693,Low
3287,41.698799060335496,83.79143180362544,677.6449146735088,0.21904456988857046,9,5,5,1,Barcelona,25.200085416986354,Low
3288,42.88333018068823,54.406101307303736,538.507875919361,0.4988454536050957,7,8,4,0,Berlin,19.85345359025743,Low
3289,38.72266093915494,64.16026211265468,400.70972301238584,0.37232683598141436,4,1,8,3,Berlin,21.840066641560625,Low
3290,42.11961126077924,32.344084497765486,559.8507138865779,0.26337467075682264,7,9,9,2,Amsterdam,15.769630085801998,Low
3291,59.18531345148037,77.7906678118401,756.1323333982641,0.3239347211414359,5,4,4,3,Amsterdam,24.994941246858467,Low
3292,20.121913434649205,135.2672431503941,637.5059708883527,0.26633362010721184,9,9,3,1,Paris,13.199910231466879,Low
3293,57.769653860881874,100.12333476830814,582.128979565343,0.455322060918659,2,8,4,2,Amsterdam,13.884116767451152,Low
3294,48.38023481101708,134.76042502971058,608.8385263223482,0.29299974994629846,4,8,3,1,Barcelona,13.444067942768108,Low
3295,32.929783521427844,102.0599272447495,715.9931062142946,0.4294113503924989,6,2,6,2,Paris,23.173048560353344,Low
3296,34.24687606950762,105.6869835838173,661.344019102649,0.4360705191292016,5,3,1,3,Paris,20.134768012144303,Low
3297,61.763930272082035,129.3519671936256,585.0140571676486,0.4297329350940994,1,9,2,3,Berlin,11.326508432565603,Low
3298,35.54493120057269,89.43158148355566,660.2963329385127,0.3888754449902698,9,3,8,4,Amsterdam,28.052233810074505,Low
3299,33.46649489404041,75.31931696232799,337.75233556039086,0.44195108672303274,9,8,3,1,Berlin,20.459459335442453,Low
3300,56.373145423647294,105.81643791555031,274.66021214895784,0.25489183184918773,3,5,4,3,Paris,17.960861945586068,Low
3301,48.385528762859146,116.34600592804712,523.5647975965745,0.14586528245678415,4,7,1,2,Berlin,13.474311453425585,Low
3302,35.620744234636014,68.00088393219478,510.30210644758074,0.43698168174900587,4,4,3,0,Barcelona,17.056040087880863,Low
3303,47.16624975404619,61.96077294149927,418.41349197301133,0.2992673662749381,8,8,1,0,Barcelona,21.142548588963237,Low
3304,34.742473163597225,83.47140081077201,623.8779004741564,0.15095041301114043,6,4,5,0,Paris,17.932246079190573,Low
3305,56.00821398422605,100.78747167329155,220.5704620323146,0.1461250088728032,2,5,1,4,Barcelona,14.76371428399585,Low
3306,55.61370964873134,99.95227621653905,419.78416159132945,0.16369695760395708,4,1,9,3,Amsterdam,24.821082470658972,Low
3307,50.32006198821943,44.395809995310024,427.25666826835777,0.40038930386684235,1,8,7,1,Paris,9.099911635134251,Low
3308,48.61661061247017,127.79015167658304,254.55473223508108,0.3843426693865125,3,7,8,1,Amsterdam,13.928409877606178,Low
3309,62.61188124867374,63.97087676507874,724.2096510903956,0.1815274720739533,4,5,9,4,Barcelona,21.098839095341656,Low
3310,44.996863273882255,73.37337507778551,296.11980970050155,0.43876936724391813,8,6,8,2,Berlin,24.886752654603857,Low
3311,33.181258745791986,57.433641000304505,411.7489914038471,0.21251791821129795,3,1,3,3,Amsterdam,16.579556805850576,Low
3312,49.49473912832307,147.4582208984272,636.1969636707701,0.41719423332597905,5,8,7,3,Amsterdam,17.02036407175671,Low
3313,65.86047049537115,86.05176675719919,596.9068015143098,0.2955223630939768,1,9,7,2,Barcelona,11.213364779551112,Low
3314,34.85240506814148,58.72562298296088,333.77379552728803,0.39261947301542643,4,5,7,2,Amsterdam,14.88191625059671,Low
3315,41.38537233306014,101.59808874906115,602.3733813890955,0.2525550652294264,2,7,8,3,Amsterdam,8.441162352212306,Low
3316,49.16446038101453,99.22839448275083,543.4676717987332,0.2388562388379104,4,4,4,3,Berlin,19.13790050268346,Low
3317,44.46095150994261,75.3068244105029,849.9553343167202,0.436543839583733,5,6,6,0,Paris,18.70372384882011,Low
3318,35.176964196226855,101.01516781958458,560.5910624102456,0.11412090180562787,3,2,2,1,Barcelona,14.694298276924334,Low
3319,56.21857856230471,59.36770097922839,478.81372683972023,0.4898947789030029,6,4,7,0,Berlin,27.76452135772144,Low
3320,68.2004072201726,67.6770431262687,371.5247064320866,0.3592718233061494,2,5,9,0,Berlin,20.552840399113272,Low
3321,46.96131459023907,29.74458363584843,388.36349495666434,0.27299335527977686,5,9,5,1,Paris,13.31832792986949,Low
3322,35.95931710264,46.90122289451093,376.1346356797763,0.35122181246017015,4,9,4,4,Paris,8.8000132553937,Low
3323,29.51039474946525,125.19077014176715,705.6648220867883,0.14909637858359315,5,8,2,4,Barcelona,8.344082210675504,Low
3324,47.57975981221181,121.03571569305785,502.69548725247057,0.30562098211741906,9,4,7,4,Barcelona,29.330137764837737,Low
3325,56.038773433162575,81.64471621622407,584.7870685962095,0.49403820933591913,6,6,2,4,Barcelona,24.752014123307962,Low
3326,49.751677464953815,121.57328617974593,727.1371399971331,0.19410777513868274,7,7,2,2,Berlin,20.366580990872972,Low
3327,44.97596159081146,75.99813783479237,200.0,0.38891123961453977,8,1,9,0,Amsterdam,31.881900873388833,Low
3328,39.107283482106936,73.9147424358023,691.8310647050562,0.27398855033268027,9,1,2,2,Paris,30.972070547958886,Low
3329,34.0783636728191,81.41276621163891,508.3095367675001,0.3609832593951815,5,4,3,2,Barcelona,17.833341695797543,Low
3330,53.34751326324882,76.87696011691087,565.2572557460667,0.18195489147671018,8,3,3,1,Barcelona,29.323802893741746,Low
3331,54.13771621385585,74.62009191099548,375.7395167377623,0.28818599304704096,2,4,2,4,Berlin,17.123174794627165,Low
3332,29.542702133092668,108.58495267873882,386.73134023272223,0.49203708554371006,9,9,3,3,Barcelona,18.2831814953649,Low
3333,60.89838978180684,83.75339134890508,573.3268834719481,0.17811486040640384,2,2,9,4,Berlin,21.05066553860609,Low
3334,50.74071220894001,97.81204411084511,857.6896700497205,0.3545780111395028,5,4,3,0,Amsterdam,22.76799377407703,Low
3335,58.99594645145793,105.78451313193327,650.4969969222352,0.33023909950671815,6,7,5,2,Berlin,22.50117493050456,Low
3336,31.578722515148847,89.70464489136833,689.8284382127811,0.32602063451616137,4,2,7,0,Paris,17.733823099706267,Low
3337,31.341758445845613,55.743216852294026,471.19980946078704,0.34604931586064686,8,8,1,2,Berlin,16.863020692360152,Low
3338,43.51030690232703,46.17835277589903,409.9693663121558,0.30089518947529126,3,4,1,2,Amsterdam,16.062043965451018,Low
3339,50.02784426895194,83.71951587018263,382.879257263151,0.10677230010306321,5,9,2,2,Amsterdam,12.576076281716215,Low
3340,62.96360822926964,75.71859237937664,426.7589412954968,0.4600387245852472,2,1,1,3,Paris,25.989469714633366,Low
3341,52.060789138151314,82.18478572300305,200.0,0.43079153099361234,3,7,1,4,Berlin,15.426152051381518,Low
3342,42.573187231879665,79.59864901878535,391.26209856625974,0.16966707236844852,8,1,4,2,Paris,28.968626893248384,Low
3343,34.73630792334108,144.58934150416417,415.94702659102353,0.26530927095154766,5,9,3,1,Amsterdam,9.573985086517801,Low
3344,57.300005727191504,46.74434360896655,473.69627384077387,0.4082195922774272,3,1,1,2,Berlin,25.772197640931722,Low
3345,35.35294574249285,30.251343254471884,519.7625164620938,0.4920249261549138,5,3,3,4,Barcelona,21.026132984296993,Low
3346,61.284685547723214,88.30942083799025,554.3676302938416,0.48045481857671457,9,7,1,4,Amsterdam,30.68995385008411,Low
3347,42.15615350393491,70.58943613529512,497.761194133556,0.4597436798704697,3,1,3,3,Amsterdam,21.744282849885174,Low
3348,60.905820726178504,87.90169674324878,412.7835370485865,0.16334955891965586,7,5,4,2,Paris,26.405241807050107,Low
3349,51.78931290059278,94.59707555710003,205.49620351017194,0.465790042403602,8,6,8,1,Amsterdam,27.194694294213853,Low
3350,43.63004510557542,112.10261737947243,413.703708739731,0.45137796518043183,5,3,3,3,Paris,23.102793183476948,Low
3351,39.806036281738734,42.319354490401544,354.1324043469492,0.2507799644665558,3,6,3,3,Berlin,11.449610529187181,Low
3352,41.5909212265392,66.08205255357092,569.9100122417906,0.2578090378145048,6,4,9,2,Barcelona,21.05536674610681,Low
3353,49.283166923752376,90.7190314720191,636.3931095040541,0.2839635687820643,3,6,9,2,Barcelona,14.624585764946357,Low
3354,45.771564962177166,99.26158989218067,640.7856600589909,0.3624702523865668,9,6,6,3,Paris,26.356172012518815,Low
3355,39.06188591931295,134.83623875720963,613.542910419173,0.2043342463932063,2,4,4,3,Barcelona,11.761908239725948,Low
3356,43.34368589682368,103.89259927784667,479.97113968212676,0.10917937177597788,3,1,5,3,Barcelona,18.59489948680688,Low
3357,45.7857702971915,78.58028510284308,421.7066651786155,0.1564918098388969,7,3,9,0,Amsterdam,24.800649187546416,Low
3358,23.71265905585188,57.73910617643346,387.93458694994007,0.2760463630307095,8,7,1,3,Amsterdam,15.374261347062658,Low
3359,49.58168114788699,65.89275368202452,273.87516250973744,0.21280102777048074,5,2,7,4,Berlin,24.0025146220709,Low
3360,35.20278775283193,65.18242942607233,648.7780550761786,0.4058066244144528,5,4,7,1,Amsterdam,18.618902569994106,Low
3361,33.46667596794255,96.38084071284402,473.7933443105038,0.14267602821970857,5,6,1,1,Amsterdam,12.46676307257985,Low
3362,28.1265565288929,86.42493613964577,313.0489559568689,0.4669860902219215,4,5,1,2,Amsterdam,13.607827860887086,Low
3363,27.0610750213211,46.90876072894552,376.0262936434648,0.4581308719775644,9,6,9,3,Amsterdam,21.699631226171974,Low
3364,31.44552496887711,69.10246327273917,369.9539815351172,0.4635027267733153,6,5,7,1,Barcelona,18.568684758396284,Low
3365,37.9097904236951,101.93868883628552,506.45367275226903,0.39584399944133064,8,9,4,1,Barcelona,17.831377121521836,Low
3366,64.53259137526568,88.79155887435148,660.1201776606028,0.14279998859343973,8,2,9,4,Barcelona,33.7877772985141,Low
3367,39.74120324104796,94.21611540031927,447.80156756066253,0.2752550285478267,5,4,5,4,Amsterdam,18.674911257792655,Low
3368,46.777501062680315,89.57304275143157,200.0,0.15256214872218551,9,1,3,0,Barcelona,32.05887180602595,Low
3369,49.004813865063284,120.66076836522149,471.622949726162,0.4950796771044331,2,7,2,0,Berlin,13.152240930563316,Low
3370,46.31065186215849,85.90107659560925,476.57091498542064,0.23321536935946932,8,1,9,1,Berlin,30.725349252242243,Low
3371,44.225565392740066,70.34943005323255,466.26196535967176,0.33413221675602484,3,6,4,2,Amsterdam,13.608991785382267,Low
3372,33.04706236400755,57.106123971660985,405.8808250286447,0.4117572216976887,7,9,7,1,Barcelona,14.53169092617915,Low
3373,59.50927548279212,86.2402364552428,532.6158621088764,0.4682464336902582,9,2,1,2,Berlin,37.535246981740215,Low
3374,63.07196643637885,20.0,509.92116727235026,0.402219090336544,5,1,9,1,Paris,31.443780834279096,Low
3375,28.173413058773143,75.3927749541822,496.27545288100293,0.3698015115064951,8,3,9,4,Amsterdam,23.650039032696892,Low
3376,34.7597140911362,74.8540035019664,561.8962042164449,0.2863927128152606,4,6,6,3,Berlin,12.291841355493466,Low
3377,42.20189657622994,45.88822865956798,435.52507652782197,0.3421600535002096,1,7,6,1,Berlin,7.582169507871077,Low
3378,35.35462205089809,56.7933540336001,427.012149544902,0.13766552354113193,1,8,6,0,Berlin,1.9830418506807446,Low
3379,50.05965553455865,100.24143825370604,707.01849343781,0.453569016784505,6,4,5,2,Paris,25.553586828212644,Low
3380,37.71727797593387,85.76779372687406,583.9033114573155,0.31751092353595417,8,8,1,2,Paris,18.490292628139702,Low
3381,66.65056067806603,82.5447083426832,624.04190914142,0.11605402017397709,2,7,4,1,Paris,14.65570840515958,Low
3382,56.90548594343596,87.65868834830057,683.9156878001103,0.46796085026395906,4,8,1,2,Berlin,17.751254285670377,Low
3383,47.12574030632215,82.31568969872309,578.89162709372,0.29572078953474745,3,5,5,0,Paris,15.59492998724412,Low
3384,55.26986263319732,111.07156407145786,639.2583018704256,0.44743565662440077,9,7,4,4,Amsterdam,28.555315356203206,Low
3385,56.059004243573085,83.08572954259122,263.09822568946095,0.4427551816821428,3,4,8,3,Paris,21.245253089893353,Low
3386,39.36052511941757,43.54467215453124,530.6230807994041,0.426300634982846,8,1,1,3,Amsterdam,30.571163885653732,Low
3387,36.83782755458035,120.75324912186025,472.59223072785085,0.12456120771814244,7,3,8,2,Berlin,21.79696034355553,Low
3388,45.78143062969647,89.25850668322114,751.6526136349714,0.19882665816968356,1,9,8,1,Barcelona,4.222695770605778,Low
3389,53.616361244979444,65.26865673012331,639.1468297704951,0.4502191489861723,8,4,1,2,Amsterdam,30.587099863355554,Low
3390,46.390603986534174,48.664957042624536,405.43322138102303,0.45959642242083754,9,5,9,0,Amsterdam,29.013145420168627,Low
3391,29.230035178090027,89.89785552395114,555.9191237793809,0.28322754494752245,8,3,9,1,Amsterdam,23.101286002902235,Low
3392,36.97175556049157,77.07069987564061,525.152200017386,0.2760165870616809,1,6,6,4,Berlin,6.851692538764281,Low
3393,44.26027136405622,119.35366965081022,568.1497149728343,0.1700562535544599,7,4,1,0,Amsterdam,22.978643944761465,Low
3394,44.2433439567417,71.3523179833293,347.1736295938022,0.48736431547646053,9,5,7,4,Berlin,28.646646341787115,Low
3395,64.72542176789808,59.06548025793833,554.0024697857338,0.18525539014361728,5,7,7,1,Amsterdam,20.7701804318056,Low
3396,31.14012057601002,102.39490545589821,465.7772976067648,0.17637471374030622,2,7,9,4,Berlin,4.605783310206068,Low
3397,50.055892418358745,103.13204731792078,542.36746460834,0.36429158805966977,8,9,1,0,Barcelona,21.15968360610432,Low
3398,59.8911310832829,84.21628419025488,391.34222523167455,0.19713772120017908,9,2,8,0,Berlin,34.93871653698666,Low
3399,67.71449745422797,96.90892619187271,412.24052429051005,0.4755086444057559,7,4,8,2,Berlin,33.069435680325945,Low
3400,40.95602576816039,79.05782198144405,676.0763030550054,0.10436279812711793,5,8,7,1,Barcelona,11.330435711719296,Low
3401,49.914294527201996,85.84662752523117,342.26786624897585,0.10230130492932053,8,4,6,3,Berlin,25.997301407453804,Low
3402,50.69760357198647,109.12477206409807,353.3368398436927,0.30195072057423983,6,3,1,3,Berlin,25.72878827733834,Low
3403,46.95481731553291,95.63295835053758,492.2628114176633,0.29522498396538877,4,6,8,4,Amsterdam,16.03869503431376,Low
3404,44.01154798760694,75.76813904168438,384.2164437221068,0.1653456087603642,1,3,5,3,Berlin,12.356920483885723,Low
3405,49.35975389500046,113.80906364815377,367.2457051605802,0.2978078251881138,6,2,4,3,Amsterdam,26.786004420381275,Low
3406,20.0,20.878615680212192,515.7613956812443,0.26466444206799455,8,9,5,0,Barcelona,11.146644420679944,Low
3407,51.820694900626314,131.30183278554836,274.2401214644443,0.4561318101369475,3,3,5,0,Berlin,21.607526571557365,Low
3408,46.26177903661967,37.351022627731616,348.8056647629543,0.10370156808678539,7,1,3,0,Barcelona,27.41554939185375,Low
3409,42.77525103221735,64.3226793806926,808.1143374385465,0.49050792201318094,7,9,4,3,Barcelona,18.237654529797013,Low
3410,65.46862195719558,78.97706162012328,568.9212588453513,0.34975710571833696,9,5,4,4,Paris,33.638157644342044,Low
3411,38.250659812094476,76.33798323179596,388.0154971595133,0.16073737825811027,1,7,8,1,Berlin,4.582571726209446,Low
3412,40.96924010934969,105.16027600066387,562.7322617399295,0.1187040055244665,5,2,5,2,Berlin,20.477812088049575,Low
3413,64.91553302204734,53.55408453474414,585.0995715479944,0.31524226342369277,8,1,6,4,Amsterdam,37.127082540851134,Low
3414,36.679386951501435,86.51917043707658,649.1621630135357,0.19395606638872806,3,6,2,0,Amsterdam,9.943376749337713,Low
3415,39.49884717063461,65.54469754450615,480.92659558149046,0.2204662148005037,5,5,9,4,Paris,16.554316299195424,Low
3416,43.5297457656915,87.37852448343541,646.4746554159334,0.19805286593380544,1,6,8,1,Paris,8.039452389045504,Low
3417,53.407344821295496,78.38069350505309,200.0,0.36006892542900437,9,2,8,0,Berlin,34.62289270067869,Low
3418,47.078025073533134,82.32339131707445,341.553780428637,0.32141158484645344,4,7,5,1,Berlin,14.837523370524476,Low
3419,32.07374652847737,66.25187918839136,524.5807102604683,0.13118976940872462,5,1,5,2,Paris,19.43402165263046,Low
3420,39.6783143687281,67.24840124759794,549.4450299211687,0.31061061327007017,3,8,3,4,Berlin,9.009600443319133,Low
3421,38.92645566787789,87.18181285068567,363.23265684970374,0.41647590622531994,2,7,2,2,Berlin,9.342695762616565,Low
3422,44.22778954776955,103.59288764390111,538.9129986894739,0.13247783632812973,7,7,9,3,Berlin,18.09311522761216,Low
3423,49.25843658629829,65.04301664505381,406.42396269691096,0.455895590492168,5,6,6,4,Paris,20.336486880811165,Low
3424,49.18205755887972,58.280811385677254,458.45613586592515,0.3313226597790917,3,5,8,3,Paris,16.567843865454833,Low
3425,27.23988245951598,95.33650414179593,653.7160700997516,0.48024978770812665,2,9,4,1,Barcelona,3.4744626149360602,Low
3426,55.639409875608564,79.18740267355777,636.34062453329,0.15925648708895027,6,3,5,3,Amsterdam,25.784387833572072,Low
3427,47.52568845996623,100.7624533496488,350.44095089551064,0.49742599974132606,6,9,5,1,Barcelona,17.731966535403128,Low
3428,58.84532047593906,57.35506966572131,341.41228069698445,0.35770914638787077,3,5,4,2,Berlin,19.730687606660428,Low
3429,49.44198327290672,35.51402686441423,438.32399066700253,0.3269976797924251,9,8,2,0,Berlin,24.102571779796264,Low
3430,56.01322957735762,66.67489795434165,495.98805482406124,0.3061118496448342,1,3,6,2,Barcelona,17.365087369655626,Low
3431,49.66545311450127,60.8411847683746,401.3152267137889,0.10946174923932511,3,7,4,3,Barcelona,11.49425342674363,Low
3432,58.46225756202748,78.0302899979925,656.0963664199502,0.4758556766198313,1,4,4,1,Barcelona,18.297234034806557,Low
3433,50.22250636017779,64.07886964324027,552.1084762562833,0.3575977891416794,7,5,3,3,Berlin,25.14272979947013,Low
3434,44.02084753557096,98.52542378341123,560.9127664811643,0.1366505937997165,2,4,8,0,Berlin,12.572760198668451,Low
3435,67.72434720446881,72.79624343943709,310.01917565825426,0.10838086811780996,4,9,6,4,Barcelona,15.901112842518744,Low
3436,53.89037122279892,83.76186246934752,675.093607607567,0.12031345569470053,4,7,9,4,Paris,14.87024592378668,Low
3437,50.73744421004413,83.9408639610236,200.0,0.3437583053728963,8,6,5,4,Amsterdam,25.658816316742204,Low
3438,32.23695583461664,84.87387731030468,625.1083177774053,0.3456061659578341,4,6,6,3,Amsterdam,12.127148409963333,Low
3439,32.11692382536462,79.39677223862566,640.1467606506156,0.2998669167125765,3,7,9,4,Barcelona,8.133746314735152,Low
3440,47.92715482141853,92.76501726025784,435.13982190830575,0.22270632826118064,3,5,4,1,Paris,15.105209729037366,Low
3441,46.45521197768241,60.108621654354806,690.9365325871136,0.31269709264585654,5,3,7,0,Amsterdam,22.563534519763287,Low
3442,38.858774349916835,114.98544816634708,490.53536705684803,0.30652072835050315,6,3,6,2,Paris,22.222839588480085,Low
3443,46.4098269961206,74.08656541578662,509.3647554991164,0.10776622395062625,7,7,6,1,Amsterdam,18.500610338342444,Low
3444,60.886269280435954,47.211271552532956,550.9293181106325,0.21298769213099922,5,1,6,0,Amsterdam,28.89575770544078,Low
3445,51.954024745502984,84.70183392479433,977.9862367716582,0.1212741365868598,7,4,4,2,Berlin,24.798948789519493,Low
3446,33.589914902472614,58.72048793881287,701.6650862124507,0.46006190057906216,4,8,6,4,Paris,10.677593476532403,Low
3447,43.884911728570565,96.63336336272188,605.1696801069377,0.3900892651140542,5,4,7,2,Amsterdam,21.06636616971171,Low
3448,36.950335191474394,135.24013940105942,363.07932700982076,0.49844606807716496,6,1,2,3,Paris,26.569561238213964,Low
3449,41.12300083591439,60.33569771105375,521.5384738219238,0.22086850532211516,9,5,9,3,Barcelona,25.04558530399547,Low
3450,40.86384334370357,88.30930833059962,378.031385923042,0.45139433910276416,6,1,7,4,Barcelona,27.273096394138715,Low
3451,40.22354417395995,36.11236028238431,623.316627092422,0.3412217071729927,1,9,3,4,Paris,3.979280323917912,Low
3452,32.44864628026605,91.34763073603368,521.0700463602285,0.281250162761442,7,8,7,1,Amsterdam,14.547095511694234,Low
3453,43.7234531848181,57.857155005007755,331.32174805791567,0.18902924451545405,3,7,5,1,Barcelona,10.50732840059997,Low
3454,39.3939236315269,64.37913453913794,512.1686875127755,0.3953568661144572,6,5,9,3,Barcelona,20.27174575060264,Low
3455,20.0,52.4678377540043,372.5873795425542,0.46165629956172005,2,4,6,0,Amsterdam,8.616562995617201,Low
3456,65.52972024501663,98.30378065136838,522.6824332006321,0.1941233592301483,7,7,7,1,Barcelona,25.100149665806473,Low
3457,55.88769654216672,105.18260893683157,371.13840254521153,0.170156133989445,1,3,4,0,Barcelona,15.967870302544465,Low
3458,41.23699275075004,80.58463036646269,504.1231450041219,0.3784887660019468,2,8,2,3,Amsterdam,8.155985485244482,Low
3459,45.188190497405984,58.38933236660701,612.5704792902642,0.4907892650902077,9,5,4,1,Paris,28.96434980012387,Low
3460,33.28345652682438,119.73807590259656,492.0422012112341,0.3999820404416312,9,5,9,0,Paris,24.484857362463625,Low
3461,61.95722877810866,61.239746806133596,441.36675992414166,0.2138322956190596,7,1,3,0,Amsterdam,33.22549158962319,Low
3462,63.97288694773111,25.949192501814032,530.4914331586194,0.26798216965911426,2,8,7,1,Amsterdam,13.871687780910475,Low
3463,46.56693728246525,91.4597252489267,604.577393118928,0.25372705418334873,5,7,4,4,Paris,16.00735172657306,Low
3464,55.235306441853446,52.380633158962084,333.92250951773593,0.44083800721881816,4,1,3,2,Amsterdam,27.478972004744215,Low
3465,46.75286778933924,104.71521983747937,539.0984232057804,0.4085483115488896,2,4,5,4,Paris,16.111343452290665,Low
3466,31.632745611240694,70.47155758316453,697.6311228526099,0.3355901739046081,2,4,2,2,Paris,10.845725422418289,Low
3467,40.881766310363425,95.09283101360491,586.0485444915073,0.2099836441587613,8,9,4,0,Berlin,16.86436633469664,Low
3468,46.31927966771957,115.03750866380395,508.6631220000842,0.47519541108882246,5,2,7,1,Barcelona,25.647738011204094,Low
3469,40.45452281256556,49.77852838448195,595.9606260048342,0.3613260899076587,8,4,2,3,Amsterdam,25.749617742846254,Low
3470,42.81346722564964,65.85157172768986,567.8744684154024,0.48819065857671295,2,3,6,1,Berlin,17.225946753462022,Low
3471,44.08600442490886,78.10822318357341,613.0401663739722,0.3320468132168123,2,5,5,4,Paris,13.046269459640783,Low
3472,44.191215021345386,118.43878297585859,200.0,0.42847710334544564,3,7,3,2,Amsterdam,13.042135539858071,Low
3473,45.522584904974835,63.540432051488864,266.9815799505102,0.42524215175781077,8,5,5,1,Barcelona,26.40919698907056,Low
3474,34.39394933603399,65.13740760127482,650.7243724224855,0.23493151073343685,8,5,7,2,Paris,21.167499908144567,Low
3475,37.82983850872064,91.95351438889521,274.20812357578393,0.48560828918289134,3,4,3,4,Berlin,16.205034444445104,Low
3476,32.15415734300031,65.56928185723572,560.2307953578808,0.1087765870390256,1,9,8,4,Paris,-0.765986926709652,Low
3477,54.778155496862006,83.81314707244042,447.19255159515626,0.4074843635069657,7,6,7,1,Amsterdam,25.508290284128257,Low
3478,23.943530581596754,41.211564475796834,350.57161316060046,0.4862228343056175,4,6,4,3,Barcelona,11.045287517535202,Low
3479,56.53590343316925,135.3582485639149,552.447463572121,0.23556328131348914,3,6,5,3,Paris,16.316403843085666,Low
3480,58.86349397262843,46.307269242264915,530.1550255574856,0.3592442351163888,5,6,4,2,Amsterdam,22.251490542952418,Low
3481,41.97819413017378,71.95618240024478,816.5513978144565,0.32488929993768423,6,1,2,1,Amsterdam,26.342351238428975,Low
3482,20.0,79.18797410394764,406.2783193196166,0.4046029238706095,1,6,9,0,Paris,3.0460292387060948,Low
3483,41.38689438032709,127.8172033589199,716.0165180103761,0.44647116865802094,9,4,1,4,Barcelona,28.880780000678335,Low
3484,44.35815838711181,46.8788554766815,552.8634371576471,0.34121782771981923,6,2,8,2,Amsterdam,25.719625793331737,Low
3485,34.89401780071087,129.5926033869688,400.8467177685932,0.4263618345525828,3,6,4,4,Berlin,11.731823685739087,Low
3486,39.84781606191757,98.92942052755056,619.8869686275868,0.2249142303557021,1,1,9,2,Berlin,14.703487122132291,Low
3487,60.30195198863351,90.42738311058115,584.8607756680926,0.19143482348192675,9,1,3,1,Barcelona,36.50493383140932,Low
3488,51.64927162301741,55.38415782455111,505.3764942287074,0.2722670758131361,2,5,7,2,Barcelona,14.717452245036586,Low
3489,35.754358856219,94.27853105095184,539.9443034660935,0.3710946398323133,6,6,3,2,Berlin,17.43725405518883,Low
3490,29.02400830404568,61.912834439505005,410.4519453431702,0.17489877957548944,6,2,7,0,Barcelona,19.4561902869686,Low
3491,41.729826823902286,111.6665313299603,376.131931211824,0.3721408768607566,3,8,2,2,Berlin,10.24035681577825,Low
3492,42.86543220649562,55.723449272306674,613.9163260733874,0.25763745942882693,6,4,3,3,Paris,21.436004256236956,Low
3493,49.96199187363317,77.1710376385979,466.4090863530089,0.41823010955705275,2,4,8,2,Berlin,17.170898657660477,Low
3494,39.64683287432341,66.11817279967072,487.98755026263615,0.11473432684132133,8,5,7,2,Barcelona,21.541393130710237,Low
3495,50.114995753618615,55.311925939325135,541.9732393916415,0.3671930551317578,1,4,3,1,Paris,14.706429277403162,Low
3496,64.35154040060229,98.53299542269785,539.7932517175713,0.3599289346599871,6,5,8,2,Barcelona,27.404751466780557,Low
3497,53.15501022444263,93.38646868524084,285.6010293538903,0.47637419045012575,1,3,9,0,Berlin,18.210244971834044,Low
3498,44.519114926692275,110.22525497252494,692.9378129682289,0.38534702142562816,9,8,2,1,Paris,23.209204692263967,Low
3499,43.16849528946705,35.503122294795816,518.1773227851018,0.4185207585693125,9,6,2,4,Amsterdam,26.135756172533238,Low
3500,41.433268658201285,106.60426755852609,469.60201057667757,0.4618364063412673,6,8,7,3,Berlin,17.04834466087306,Low
3501,56.806409124521444,142.63622263392233,564.626900775462,0.3700207673167951,6,5,8,3,Paris,25.242130410524386,Low
3502,38.72686554048697,68.70897277057632,535.4813290422295,0.21606145398398985,9,7,5,4,Amsterdam,21.278674201985986,Low
3503,45.45222708999982,127.37871530272425,615.0594034234554,0.4479095198334089,5,7,2,2,Barcelona,17.614763325334035,Low
3504,45.511979018810855,73.42096819850434,580.6975508226411,0.39903124779039,9,6,5,0,Berlin,26.643906183547156,Low
3505,39.98215807188468,45.689756560967325,607.67693434944,0.26977504160035737,5,4,3,0,Paris,18.692397837568976,Low
3506,31.275344521158992,72.3591889398301,702.6490858591274,0.38421166905998483,4,6,9,0,Amsterdam,12.224720046947546,Low
3507,48.22974503617668,106.2050991918819,632.5436823456458,0.4470755508724569,2,9,2,0,Paris,9.439679019577571,Low
3508,44.389960281446164,59.045587941711716,475.9270669507156,0.49026085255650864,2,4,9,2,Paris,16.219596609998934,Low
3509,50.0024046943657,64.99153352483782,331.56482658847506,0.4809406015836222,1,6,2,4,Berlin,12.81012742414593,Low
3510,39.66399693560833,94.83848580732977,750.1696899506773,0.2301311307056566,3,6,1,4,Barcelona,11.200510387739065,Low
3511,57.20821298813048,80.07650291846433,464.34149399793307,0.2686774854872727,1,3,6,3,Amsterdam,17.34923875131187,Low
3512,36.23226218788155,94.61557381216852,429.03388799592165,0.1438146419909485,6,4,6,4,Barcelona,18.30782507627395,Low
3513,62.120402840178926,85.9457385189584,239.4909773353341,0.19901771480721842,7,3,4,0,Amsterdam,30.126298000125864,Low
3514,27.523634901717383,91.99063298878933,550.7709657968168,0.45296848339478013,9,3,2,2,Paris,26.286775304463017,Low
3515,49.347700645568914,69.19247035476147,522.3329905930656,0.2443399705117436,7,4,3,1,Amsterdam,25.24770989878811,Low
3516,49.754306825266234,85.7932735507598,272.73275956257794,0.34822106343795245,4,4,6,1,Amsterdam,20.408502681959394,Low
3517,37.04442932059118,56.815674857601664,567.9911063199763,0.36638624732281333,4,6,4,0,Barcelona,13.777191269405485,Low
3518,49.24393937861012,112.2108405625847,425.27121189478413,0.4127317100573248,8,4,5,3,Amsterdam,28.900498914156284,Low
3519,57.795186697601586,64.14313207956715,903.5472510933041,0.1731200120982524,4,6,9,1,Berlin,18.069756130263,Low
3520,22.831811606459354,108.22118718873473,414.5958211863698,0.22192525384577422,1,2,5,0,Barcelona,8.068796020395549,Low
3521,50.02744807490814,74.15982597542836,434.721000170331,0.27933453658327223,9,4,8,2,Barcelona,29.801579788305162,Low
3522,20.067291796699223,85.04997526893303,368.7835663618448,0.24593642449530942,3,2,2,1,Berlin,11.479551783962862,Low
3523,35.34335196476792,67.62588622773248,691.6814781562958,0.49316209314387593,1,8,6,0,Berlin,5.534626520869136,Low
3524,61.29166364900945,54.60011422079927,444.083630830287,0.433976321285485,9,9,6,1,Barcelona,27.22726230755768,Low
3525,39.18217966607946,36.380990309867464,391.2628769351755,0.2918747018481944,5,7,5,2,Barcelona,14.17340091830578,Low
3526,33.261200355910276,53.61689603518851,606.0432514880814,0.45170745043458715,9,6,6,4,Barcelona,23.495434611118952,Low
3527,43.020622710153184,71.90227866960196,292.94705968802225,0.23906117903331872,3,8,5,4,Paris,9.296798603379143,Low
3528,65.67906338163553,85.2969794707221,593.7665819373422,0.41433132955610585,6,4,2,2,Amsterdam,29.847032310051716,Low
3529,26.68317752793974,105.25948283208159,767.2099574901287,0.18947023924258147,7,2,5,2,Berlin,20.899655650807738,Low
3530,34.48690088360655,68.85606350507878,584.9911749252633,0.4089288180905464,5,4,1,4,Paris,18.435358445987426,Low
3531,59.974316831796266,57.95098089332065,595.6847474389888,0.28258136127829137,8,5,3,2,Paris,29.318108662321794,Low
3532,63.57702343537733,43.93213034993219,630.5090325361225,0.14299972839689695,6,9,7,2,Paris,19.003104314582167,Low
3533,43.96568775709716,92.0015904476026,756.4562043013277,0.20930498182223292,6,5,4,2,Amsterdam,19.782756145351474,Low
3534,32.60947297473358,114.57986288323357,681.4840940028656,0.26090984960942587,7,9,8,4,Paris,12.891940388514332,Low
3535,65.95843501809159,111.65825669890722,565.9504583409536,0.3997171646657749,8,9,3,4,Barcelona,26.284702152085224,Low
3536,60.94442391749197,97.74831870368094,635.5837100954002,0.12919308589238035,2,8,7,1,Berlin,11.575258034171393,Low
3537,51.78946987762233,95.96358293168997,367.10976118023336,0.36381879803705586,7,5,2,4,Amsterdam,25.67502894365726,Low
3538,36.8759765106258,122.44059449273352,616.4440386120983,0.3864054563731375,9,2,8,1,Amsterdam,29.926847516919114,Low
3539,44.50970659161963,88.30203653542026,349.1666043224378,0.3615685479703006,1,5,3,4,Barcelona,11.468597457188896,Low
3540,43.396399189551694,96.15324190060429,444.946637205256,0.40426785526702225,1,1,6,3,Berlin,17.561598309535732,Low
3541,48.30851304615578,71.98040345370002,200.0,0.17126744640913533,7,8,2,1,Paris,18.205228377938088,Low
3542,59.51001438131336,45.948915728631064,560.2144489051193,0.334841342025215,5,2,7,2,Amsterdam,28.201417734646157,Low
3543,53.79417041137403,62.903777487510595,403.4191983337471,0.47645797888155195,1,7,4,3,Berlin,12.40283091222773,Low
3544,34.226239230152416,79.77102403663362,666.6717822806694,0.3443137079218151,1,2,6,4,Amsterdam,12.711008848263875,Low
3545,58.764964500195376,81.51963431253257,558.5288915908104,0.34453453878118123,2,5,2,4,Berlin,17.574834737870425,Low
3546,48.131321400131554,128.15714637138484,668.6143842052438,0.3945758568453076,9,7,3,3,Berlin,25.88515498849254,Low
3547,51.87065795858916,82.03192918977672,337.46051829911937,0.2332816928503436,3,6,3,0,Berlin,14.894014316080185,Low
3548,59.66540859278603,109.47108610064109,655.757905573945,0.3801903605286162,9,5,4,2,Barcelona,32.20152618312197,Low
3549,33.88419750486449,69.1230689605921,815.878451654499,0.4664935333252861,6,6,1,1,Amsterdam,17.830194584712206,Low
3550,44.64174421293537,72.20810285586914,614.6237449897842,0.1043581892101372,6,2,6,3,Paris,23.436105155981984,Low
3551,39.68545448640785,46.77480906941379,618.5523513038434,0.4480452164435461,7,1,6,1,Barcelona,28.886088510357816,Low
3552,29.32140574634544,61.4417996780857,525.4396514592403,0.18744733250354365,8,1,4,4,Paris,25.17089504893907,Low
3553,48.467099776049196,93.17453478409382,421.2996829151954,0.2823693094801501,3,8,8,0,Barcelona,11.363823027616258,Low
3554,70.0,80.18900450985333,614.1788559052263,0.4409391203810552,8,3,5,0,Barcelona,36.90939120381055,Low
3555,26.59922255494247,103.57346549743085,274.08756343968975,0.4295648509826516,6,3,4,1,Barcelona,19.775415276309257,Low
3556,44.6771938895053,84.53134870862625,437.33673126187756,0.4567709912504224,6,9,7,4,Berlin,16.470868079355814,Low
3557,51.40542935074774,71.18865670905646,234.3414796494227,0.4761667170530105,3,6,8,0,Amsterdam,17.183295975754426,Low
3558,46.23078201656181,133.70742159467397,394.45154340273757,0.27886278270870346,6,4,2,2,Berlin,22.657862432055577,Low
3559,43.86871947484259,77.65241078217382,596.3067637840342,0.36254552432040277,8,4,1,4,Berlin,26.786071085656804,Low
3560,32.007836365541756,109.0750242426326,575.8090064330695,0.2561913762104427,7,7,6,3,Berlin,15.664264671766952,Low
3561,47.327867429401635,69.96976983638305,507.6370543303209,0.24028668699686634,7,6,2,3,Barcelona,21.601227098789153,Low
3562,37.43236022984074,97.73998698458917,525.5601491093016,0.27263816423906784,3,2,8,3,Barcelona,16.956089711342898,Low
3563,23.100782950214466,103.20039147879217,217.12030732036862,0.39723045391307044,3,9,5,2,Paris,3.402539424195045,Low
3564,56.94592220513731,85.21229926438951,444.11565791436277,0.3005762988566212,5,2,2,4,Amsterdam,27.0895396501074,Low
3565,54.58385819842042,21.137926932584946,397.79725903471854,0.42562386977933686,5,8,5,1,Berlin,18.631396157319493,Low
3566,45.5166097685108,80.45631152140282,401.1410464228189,0.39808739087846234,9,4,2,1,Berlin,29.635856839337862,Low
3567,47.29074688205703,110.76150119399938,589.936794172063,0.10819138444975973,9,1,6,4,Berlin,31.76913790911471,Low
3568,55.74318012715561,93.18702082569325,370.9239010242034,0.3520952628424646,5,1,8,2,Amsterdam,28.743906666571327,Low
3569,47.24339656778083,91.14597188073117,409.2978724808884,0.27462844932343644,5,9,2,4,Amsterdam,13.419303463568612,Low
3570,54.040175547613146,36.943576651062024,200.0,0.2826515956604566,6,4,6,1,Amsterdam,25.03856862088851,Low
3571,42.0251779912615,61.98862323312353,455.88152294357457,0.42734922154795785,8,1,6,4,Berlin,31.381045612858028,Low
3572,58.119837385739466,90.28394077878598,336.82436784295703,0.31904319443387075,6,3,1,3,Amsterdam,28.12638316006055,Low
3573,48.207857259326836,90.2595819196723,511.88043930344656,0.45424872938357885,6,3,9,4,Berlin,26.504844471633838,Low
3574,46.94051943605874,110.36666950332256,357.3337929886303,0.38512223695667613,9,7,8,0,Berlin,25.43337820038439,Low
3575,32.29938911287968,76.37833112134764,515.6813368323824,0.3211360035056211,1,6,4,4,Amsterdam,5.901176768920115,Low
3576,47.869558543017085,90.14560216684535,478.29713588864854,0.40181519046044156,4,8,7,1,Barcelona,14.379019467509544,Low
3577,36.68045082505549,80.40935604828235,750.8062659563482,0.11533962037016293,2,7,4,1,Berlin,5.657531451218274,Low
3578,38.617172734715055,55.32643158746108,574.5826970679791,0.1108334619312831,9,1,8,1,Berlin,29.193486439727348,Low
3579,36.846243716838785,23.60521672263131,224.05431911565455,0.13333973076834083,3,3,2,3,Barcelona,13.887270422735046,Low
3580,34.33765068100775,90.77524230325191,310.26667338459373,0.27502613005885707,2,9,2,1,Amsterdam,3.5515565048908964,Low
3581,66.24771403016962,84.34868021032028,508.28120134885,0.19418005825077725,8,4,3,0,Paris,31.816114791558654,Low
3582,58.31339061988403,64.54562394749578,360.5228077411024,0.49370451776631386,4,3,4,4,Barcelona,25.93106236362835,Low
3583,64.20367502144262,39.52067358710338,200.0,0.3169160556045468,2,5,6,2,Amsterdam,18.930263062478254,Low
3584,32.77104980444436,95.74348786021845,702.4319470750615,0.3649662984324634,4,8,5,1,Berlin,9.480977925657943,Low
3585,45.712537499108926,73.3519981451112,608.0336025358112,0.21152805449867867,7,1,7,4,Barcelona,28.329041794719465,Low
3586,32.06492374795904,93.92186805920365,578.1465310237658,0.22871876343504352,7,2,6,3,Berlin,22.90666475873815,Low
3587,38.04305122802936,126.60121326029396,408.90154317936276,0.23418476565646237,1,7,4,4,Barcelona,5.254763024973433,Low
3588,35.81873016583425,26.46422799200738,564.1515156514895,0.37949428206012026,1,1,9,1,Paris,15.040561870351478,Low
3589,57.395840064415616,62.50997978244091,394.3459513668678,0.28948248307572344,3,5,7,1,Berlin,18.613576850081916,Low
3590,41.0377032189824,74.76560966720217,530.7285950326536,0.3070734610120298,2,8,1,1,Amsterdam,7.382045575815018,Low
3591,55.68379333694016,116.37065435366627,361.9125161245284,0.3368011928637381,3,6,8,0,Barcelona,17.073149929719428,Low
3592,51.04120889588518,39.08992451983788,727.4432675834021,0.40752466249528685,4,3,4,4,Barcelona,22.88760929371842,Low
3593,68.03638752104789,128.39652564201512,264.4645018877233,0.13614789940499128,7,7,7,2,Barcelona,25.27239525036428,Low
3594,30.20555776860276,83.39639753915726,684.8425744266247,0.4107495648875287,2,3,2,0,Berlin,12.669162979456114,Low
3595,57.59233239786799,77.59998345665355,505.83737420259956,0.325294027550072,7,5,3,2,Amsterdam,27.030639994861115,Low
3596,56.464408704007276,75.04850591952734,426.5799506987014,0.36763817794210285,5,7,1,1,Barcelona,20.11570439062321,Low
3597,35.26621161972965,69.09342419549928,525.0504382543608,0.2310207059363048,8,2,2,2,Berlin,25.890070545281944,Low
3598,55.0713333647316,106.20291898172887,610.0022010767271,0.2637547347265797,8,4,5,2,Berlin,29.158947356685278,Low
3599,48.361449630262285,53.28698114793903,705.0120105041595,0.19246632786156812,5,2,2,0,Paris,23.433098167694368,Low
3600,42.72523740046592,88.63535454109635,546.9714534700298,0.49171999896696217,8,7,6,0,Amsterdam,23.2347712098094,Low
3601,36.760645130280004,70.39545835732561,366.3955872106584,0.29880118900412667,9,3,6,4,Paris,27.516205429125268,Low
3602,37.80890548550814,60.94666378714756,508.3445185648683,0.49843076631863914,7,9,6,2,Barcelona,16.826979308838837,Low
3603,65.49812095785926,144.6493793920974,772.518985499356,0.2959143912245066,6,6,3,0,Berlin,25.60858019960284,Low
3604,45.006828189574826,90.4762683688365,702.1517128268936,0.18790050575362693,7,1,3,4,Barcelona,27.881053514408716,Low
3605,52.82130001531459,95.3316386165286,636.3145217186539,0.30298095869474273,7,8,7,2,Berlin,20.876199591541802,Low
3606,37.09100618332447,108.44441951671655,619.353053018358,0.11583822871963112,3,7,4,2,Berlin,7.785684142193652,Low
3607,37.201470537783614,44.46625136703632,604.9175135909812,0.4619079205687805,6,1,6,1,Amsterdam,26.27952036702289,Low
3608,55.81984809249942,123.8072977280508,673.8132251764805,0.42742010047777645,6,3,8,0,Barcelona,28.52015543252759,Low
3609,31.504237884484677,20.0,431.5056821417142,0.39032820827771386,9,3,3,3,Amsterdam,26.85455344812254,Low
3610,40.847862320947286,60.780839749036986,296.7370901337491,0.343930686176984,1,3,9,0,Berlin,13.193665558054025,Low
3611,45.34027411072232,68.52420817052749,510.3505251105592,0.3319336934681453,7,7,9,1,Barcelona,20.421419167898147,Low
3612,46.11372601840053,94.54308412426265,377.36276198334633,0.4986912856317852,1,6,3,4,Berlin,11.82103066183801,Low
3613,43.20906714983844,85.46795665353719,341.7468866934223,0.21119897360797518,4,2,6,0,Barcelona,20.074709881031286,Low
3614,48.958197810959234,75.82963148254017,391.95821351181024,0.4118737461462312,7,5,5,2,Barcelona,25.30619680475008,Low
3615,51.92855755817811,79.70006638430691,872.7970886800529,0.332561908085463,6,6,4,3,Paris,21.904186348308063,Low
3616,52.3463754545933,55.549424411935796,520.4186951113767,0.49035221750355407,6,2,8,4,Paris,29.60743481141353,Low
3617,35.14196191332174,42.56919013789567,554.2861754541482,0.43112127331930095,5,1,9,0,Amsterdam,23.353801307189528,Low
3618,42.15844902071203,98.16279055840151,316.6455789493619,0.4994100451958371,7,4,9,4,Berlin,25.641635158171976,Low
3619,56.94762861876938,97.34265281340464,223.4370561811055,0.3353299977849785,9,4,5,2,Amsterdam,32.4375885634806,Low
3620,53.94647187573872,119.61235937892647,377.14210353217914,0.18181758301797402,6,4,5,3,Barcelona,24.002117392901358,Low
3621,31.271405485189362,60.249572579619795,715.7293377813122,0.3014748142778936,7,1,3,2,Amsterdam,24.89616978833574,Low
3622,48.514799003522015,97.32038025752307,550.1413199114781,0.38444445362022983,9,3,9,3,Barcelona,31.8988842372589,Low
3623,25.217747506251897,72.9073317908817,589.7892637166589,0.40974415447263524,7,7,1,4,Amsterdam,15.162765796601922,Low
3624,45.469349020603694,109.76187462983705,610.7849058803092,0.10020399560637744,6,4,3,0,Amsterdam,20.642844662244883,Low
3625,63.97767016745977,105.54906941695354,411.2975930302583,0.30201083540091767,3,2,7,3,Barcelona,25.21340940424711,Low
3626,35.521072827310135,85.28023498061141,708.1948375960051,0.19409383198825864,1,8,7,2,Barcelona,2.5972601680756258,Low
3627,36.65676954508418,71.51174608335033,405.0788601166727,0.44996473330191533,9,1,5,3,Amsterdam,31.99667819654441,Low
3628,52.640297815728594,104.02330446520654,710.9348538893829,0.16116217762009144,7,9,6,4,Barcelona,17.90371112091949,Low
3629,29.57198484790354,96.17261308141414,566.3453234203012,0.3665824998299334,3,5,4,4,Amsterdam,11.037420452670395,Low
3630,38.67244970114961,62.88898994784543,231.64322686305167,0.20642487612996996,9,2,8,4,Berlin,28.665983671644582,Low
3631,50.96441137581753,46.80503316301423,387.79857700991977,0.24261685728570892,3,4,4,0,Paris,17.71549198560235,Low
3632,38.65714152310597,72.7866774829551,232.25922006918432,0.47622370430273797,3,3,6,4,Barcelona,17.85937949995917,Low
3633,42.640300127890285,117.88534538370523,674.4923199191313,0.1961792501632318,7,7,5,0,Barcelona,18.253882539999402,Low
3634,52.44185710315035,108.66217896832596,496.2896868796398,0.13800110472917226,2,6,6,1,Amsterdam,12.112568178236826,Low
3635,49.21546083536561,52.191813258235484,200.0,0.12771396057769036,7,9,3,3,Barcelona,16.541777856386584,Low
3636,47.66818396295402,50.806064602501976,556.3620322579487,0.3018460440397849,7,4,3,2,Berlin,25.318915629284053,Low
3637,41.60877720729961,111.86709624198716,419.425360641752,0.35668459291371524,1,3,7,0,Paris,13.549479091327035,Low
3638,48.700611152689554,51.60910238105427,277.4291217450015,0.2309174574283549,2,7,1,0,Paris,10.419357920090416,Low
3639,43.762673199002435,92.7323830910502,751.6948755453045,0.3761038967172323,5,6,1,2,Barcelona,17.889840926873052,Low
3640,49.57805609925785,64.5982196165919,516.0928799144868,0.12441348742929513,4,5,1,3,Berlin,16.617551704070305,Low
3641,40.03067974882022,120.42612311304205,455.9852896530031,0.44293385796915075,3,7,6,4,Paris,11.938542504337573,Low
3642,43.17431025620459,60.73938002155303,440.08628285209744,0.42662688389569514,8,5,4,3,Paris,25.718561915818327,Low
3643,35.10042207447986,108.58403825514571,273.00807962633417,0.4941985085568342,7,9,6,0,Berlin,15.9721117079123,Low
3644,44.64992389993764,84.62146635150911,304.3176650623836,0.4746019923607382,9,4,1,4,Paris,30.140997093588673,Low
3645,36.88999136371155,86.30487135585717,692.7375177312625,0.24247886556757126,3,1,4,1,Amsterdam,17.991786064789178,Low
3646,33.85953549838007,30.742285466214973,428.9175695321421,0.25971015360623084,1,5,4,2,Berlin,7.254962185576329,Low
3647,47.586611478553884,24.92716616985704,503.3101551405295,0.3983859389913038,9,1,2,3,Paris,34.7598428334792,Low
3648,47.127397758576606,74.48585149331716,200.0,0.1536331087819933,9,1,1,4,Berlin,32.174550415392915,Low
3649,52.82873734948573,86.1726515854153,302.2861946306741,0.22560588409793395,1,1,8,2,Barcelona,18.604680045825056,Low
3650,40.68874430424901,51.87005430655692,591.471877981213,0.14741637479025932,8,1,6,3,Paris,28.180787039177297,Low
3651,49.08052846836756,52.78266473809144,556.656764017075,0.28195457962913256,1,8,4,0,Paris,7.543704336801593,Low
3652,50.50797572273663,94.03681574565333,763.0062798086474,0.3208017119541271,6,2,2,0,Amsterdam,27.360409836362262,Low
3653,49.44773807831595,94.07136201142826,701.4434497446839,0.18446418798510097,9,9,5,0,Amsterdam,21.178963303345796,Low
3654,36.743463171978576,76.55647349030183,465.39335412727655,0.110652674765642,3,7,9,1,Paris,7.62956569924999,Low
3655,46.49363482271189,99.50504302965187,570.9430347069906,0.3877423327002093,6,3,7,0,Berlin,25.325513773815658,Low
3656,48.641402960546614,50.64494260699634,452.5094835645389,0.1080020657704674,3,9,4,0,Paris,8.17244154586866,Low
3657,45.07178466907942,71.10162707282574,808.2214727957974,0.48936104357134247,5,4,5,0,Amsterdam,22.415145836437254,Low
3658,24.135223416289154,121.19694014459184,672.35220440786,0.1886429026969582,7,7,8,4,Amsterdam,12.626996051856326,Low
3659,46.6048962397348,81.70805324849543,525.4527636286626,0.3655600368465165,4,3,5,2,Paris,21.137069240385607,Low
3660,67.12531039397243,83.15781286467498,530.0592177314527,0.27390069049599564,4,5,6,1,Berlin,23.376600023151685,Low
3661,41.39960731243017,137.6486646491935,716.7275430889712,0.12386954413484288,7,4,6,3,Paris,21.65857763507748,Low
3662,37.719229021446786,45.01644585378073,586.9366770670771,0.288873442653787,5,6,8,1,Paris,15.204503132971904,Low
3663,48.73348559711398,99.91075916605276,733.7942025605129,0.3067042537187199,1,9,5,2,Berlin,6.187088216321392,Low
3664,48.123782104665715,121.59965699520248,200.0,0.44187328323714736,2,5,1,0,Berlin,15.355867463771188,Low
3665,56.92735165416414,71.87855183753635,569.1842392248197,0.39293962785915915,6,1,4,0,Berlin,31.507601774840836,Low
3666,32.42131844091112,101.49076967137115,422.6847702977923,0.13172098990135456,9,5,3,3,Paris,21.54360543128688,Low
3667,52.31380252574992,55.44951256972738,763.4566981441989,0.18366507337290605,7,5,2,1,Barcelona,24.030791491454035,Low
3668,50.904220612514635,62.83169011081621,731.9598030784744,0.2247550736859791,4,9,7,1,Berlin,12.018816920614183,Low
3669,43.57853463059454,89.62416040119086,504.925371365196,0.1465630745859278,2,8,7,3,Paris,6.539191135037639,Low
3670,48.3868731792169,99.96416682776476,730.3446468216548,0.28275962836579627,4,5,8,1,Barcelona,17.84365823742303,Low
3671,55.29457481598357,108.02341281015615,767.467177998876,0.49372367634501424,5,5,5,1,Amsterdam,24.025609208245214,Low
3672,53.72315380028451,119.24071467348733,511.1610007889221,0.30584511649510465,2,2,1,1,Barcelona,20.175397305036398,Low
3673,33.569806879262714,78.31383603612045,870.7900658647786,0.39675286732926773,1,9,6,3,Berlin,2.538470737071491,Low
3674,53.20158186755484,109.8402938793147,495.29882709954165,0.37317511907973844,4,4,6,3,Berlin,21.692225751063837,Low
3675,44.353113949674814,71.44237891377128,467.8218574496137,0.4399645740368552,6,7,8,2,Berlin,19.205579925270996,Low
3676,45.72874098015515,102.55228278970671,629.8808882876515,0.1862893961862438,1,6,2,1,Amsterdam,8.581516255908983,Low
3677,45.73196991001694,85.18721994630454,446.9313903286529,0.4015305046772113,1,5,9,2,Berlin,12.234896019777196,Low
3678,43.4975701120174,91.1419476770481,512.8009663692341,0.4525420961222998,9,5,6,4,Berlin,28.074691994828218,Low
3679,56.91707497107065,90.58769685055094,711.4151636076365,0.1686039291920971,5,7,1,4,Paris,18.261161783242162,Low
3680,44.16282040150788,39.8823747550547,502.8828278325905,0.23872088791520152,2,2,9,1,Paris,16.63605499960438,Low
3681,33.80453871616831,51.896953528480665,245.74733105370385,0.4880407057326246,2,9,8,0,Amsterdam,5.521768672176738,Low
3682,41.06470144030271,82.56353599543806,555.0979081773795,0.412315138391917,4,2,1,4,Berlin,21.442561816009984,Low
3683,46.78694716810475,37.81802300897078,395.5559631421408,0.21303633301501296,2,9,8,0,Paris,6.6664474805815574,Low
3684,57.29214784297051,100.78027757999389,629.790673594182,0.3255767078577948,4,4,7,2,Berlin,22.4434114314691,Low
3685,51.03094684948834,101.78889915720355,604.4284573739369,0.2617304491397915,6,6,5,1,Berlin,20.926588546244417,Low
3686,36.49464721252956,88.17926382194476,720.7100522249783,0.29598607053085196,7,1,6,2,Barcelona,26.408254869067385,Low
3687,69.85189916678891,51.97164968105194,636.1298451189045,0.2420664765562834,6,5,4,2,Berlin,27.876234515599506,Low
3688,47.6477531097798,114.50347347171288,663.5366425487098,0.21173240741213625,4,6,9,3,Barcelona,15.4116500070553,Low
3689,57.753907379990146,130.93026599295894,399.635485979343,0.3699052165565675,3,9,9,1,Paris,13.525224379562719,Low
3690,43.482855664227706,83.67692068614934,620.5979743835753,0.411416726034447,4,9,1,3,Berlin,11.659023959612782,Low
3691,50.33359244705449,92.7633844612809,795.2676934040435,0.449582849098938,5,9,9,2,Barcelona,16.09590622510573,Low
3692,53.39468504518405,85.0434663699011,396.7025137044849,0.16213198692727523,4,3,3,0,Barcelona,21.139725382827965,Low
3693,57.18194711754256,93.25922972496998,769.9607437590647,0.4291422094580962,3,4,2,1,Paris,21.446006229843732,Low
3694,55.57368305378225,77.0110310843401,417.5974863198004,0.20192032979082541,1,8,4,1,Barcelona,8.691308214042929,Low
3695,53.721970000729776,79.13589400390492,372.2043132425039,0.2709345559640203,3,8,4,4,Berlin,12.825936559859134,Low
3696,41.849132688058916,102.64294001243414,544.4300665032257,0.46057747433969864,5,2,9,0,Berlin,24.160514549814657,Low
3697,39.28253958043938,138.64060404741102,607.3865624193214,0.2818014403930408,6,8,4,0,Barcelona,14.602776278062226,Low
3698,48.326075103241976,44.99821913995653,636.7625185958398,0.1788254136177265,4,7,5,2,Berlin,13.786076667149857,Low
3699,54.33128072341069,77.40468788992582,355.73563688401975,0.16394746209484712,1,9,6,2,Berlin,6.438858837971678,Low
3700,42.77279299223393,50.48848786919795,565.1810145881435,0.2891935066608535,7,5,4,2,Amsterdam,22.223772964278712,Low
3701,55.651719657143865,119.8006224644021,397.1668142774742,0.40506896959062166,9,2,1,4,Barcelona,35.746205593049375,Low
3702,59.52616745486179,65.30655076700253,276.6616615894135,0.4988820575897205,6,5,2,0,Paris,27.34667081235574,Low
3703,35.83679080926581,43.91998015535515,360.6895526700823,0.4149634513723608,6,2,3,3,Paris,23.90067175650335,Low
3704,36.630792962037205,95.95467497121433,387.36494510662726,0.4508047835771415,9,5,4,0,Berlin,25.997285724382575,Low
3705,43.59624941094663,123.60777786857778,578.2392740528761,0.3991329443739552,4,9,5,3,Barcelona,11.570204267023541,Low
3706,48.076126681891964,96.58994671401906,672.8320494603003,0.45817404030244246,5,7,3,1,Berlin,18.504578407592014,Low
3707,39.75432986232949,85.11994693204792,279.01900551871,0.13051741732556532,5,7,1,3,Berlin,12.7314731319545,Low
3708,58.52202678867144,90.22852306939984,552.7941611312084,0.4719726395926582,5,1,8,1,Barcelona,30.776334432528014,Low
3709,49.24066861518451,115.37101657063887,323.49527213436403,0.25856246149026246,8,9,8,2,Paris,19.857825199457977,Low
3710,45.39447048240739,58.145018249646256,594.3628113521,0.46864568931217787,1,6,4,0,Amsterdam,11.304798037843996,Low
3711,30.640904761314722,77.20382239784217,406.5904128494378,0.13029313498379025,3,7,7,2,Amsterdam,5.995202778232319,Low
3712,31.841841835724928,68.68274628726166,342.30064729650815,0.3860971828484544,8,2,4,0,Berlin,26.413524379202023,Low
3713,47.810092502818065,50.80336731770724,619.9496773021363,0.3942754994680818,9,1,3,3,Amsterdam,34.78578274552624,Low
3714,23.674043738451637,71.79061851457993,411.96160918323574,0.49876435571910915,2,4,7,0,Paris,10.089856678726584,Low
3715,55.12637409644071,107.69302739956122,452.60540729709527,0.4075421082759255,4,9,6,3,Berlin,15.11333331169147,Low
3716,43.418461556276796,94.16505370981814,200.0,0.25302948232624267,8,9,1,0,Barcelona,18.055833290145465,Low
3717,70.0,96.10776250270501,641.9827042135211,0.32289942064741817,5,3,9,1,Amsterdam,29.728994206474184,Low
3718,68.07916250616111,83.66189029133295,623.1362781753661,0.2466203752666361,1,1,2,3,Barcelona,23.389952504514692,Low
3719,43.18550930752483,93.08309456821472,500.8186766421971,0.17840745812194325,6,2,3,2,Paris,23.73972737347688,Low
3720,43.93662997468685,59.98524144129736,270.86285879663615,0.19940093100090941,9,9,5,2,Berlin,19.67499830241515,Low
3721,54.9558151400203,72.26225285181927,681.4053767502145,0.18880421370972839,9,9,3,2,Barcelona,22.874786679103376,Low
3722,62.031726099180375,84.80010592421692,400.06049204588135,0.3195261320652852,1,1,3,2,Berlin,22.30477915040696,Low
3723,28.619709425639833,86.93789647204726,431.99698248491177,0.46246425381275735,4,9,8,1,Amsterdam,7.7105553658195225,Low
3724,27.136245346453133,88.00469637304683,846.8066084539296,0.465090650435359,1,1,4,1,Berlin,13.29178010828953,Low
3725,38.779651944456184,76.54161794959055,394.45453338361557,0.1219055110103302,7,4,2,4,Paris,20.852950693440157,Low
3726,50.82737583173864,70.56441497174175,611.331494363975,0.1319597603807574,3,5,5,4,Berlin,15.067810353329167,Low
3727,49.968735905075974,150.0,584.3138393123926,0.1980476228689374,2,8,2,4,Berlin,8.971097000212167,Low
3728,55.6977145498385,102.66968182330997,558.5258289320128,0.20202378098778997,8,5,8,4,Amsterdam,27.22955217482945,Low
3729,33.003024716346914,90.32868689881556,542.3000813831766,0.13795567009570045,9,5,3,0,Paris,21.78046411586108,Low
3730,21.838561370311233,74.16978754484015,556.45828428338,0.2553853364693762,7,4,2,3,Barcelona,17.105421775787132,Low
3731,53.58014195302145,68.71952932640309,540.791088641081,0.3350901570765149,6,9,3,2,Berlin,17.924944156671586,Low
3732,36.71803727034765,76.7299851568261,492.2122461835909,0.3312648802397855,6,8,3,0,Berlin,14.32805998350215,Low
3733,24.81512135611362,87.32072108966709,726.6924686166113,0.3173718725034371,9,9,1,1,Barcelona,15.118255131868457,Low
3734,46.450637459593814,32.98911139842296,303.10091588010823,0.23546876995499888,5,7,3,2,Paris,15.789878937428131,Low
3735,52.931756882186775,40.765260115632906,653.2187156023065,0.38258227412663226,5,7,3,3,Barcelona,19.205349805922353,Low
3736,43.77942867878723,64.07794027652606,623.3513448031327,0.43059357639242857,2,5,4,3,Berlin,13.939764367560453,Low
3737,40.42151613817511,85.17848591946421,604.7598681994102,0.23850970659096338,6,1,8,1,Berlin,25.011551907362165,Low
3738,43.406377678540935,74.01817132120371,667.5469141460193,0.1342141437197848,6,6,9,2,Paris,17.36405474076013,Low
3739,41.29417237599217,116.95303065248712,486.11009070974103,0.21853210043674262,6,6,1,4,Amsterdam,17.573572717165078,Low
3740,31.51952888059833,42.94008032510578,219.65388862596848,0.1549474618299611,4,4,1,2,Paris,13.005333282479109,Low
3741,37.853193230095684,61.21636325991574,489.1561010428271,0.28694349089087234,7,2,6,2,Barcelona,25.225392877937427,Low
3742,50.212799050138145,118.00229352477753,351.32086735631685,0.16237406052643133,9,1,1,3,Paris,33.187580320305756,Low
3743,48.216785413765,83.27798311687867,390.2211185212904,0.2851379030631909,1,3,5,1,Barcelona,14.816414654761408,Low
3744,46.6805980596682,102.12106457002896,313.63704892513823,0.18840115692985912,3,9,1,2,Amsterdam,8.388190987199051,Low
3745,35.04851518146621,131.2811735817366,428.39827123342485,0.39549244218496116,9,1,8,0,Amsterdam,30.969478976289473,Low
3746,43.184968378643326,62.654889552454435,410.5064459024826,0.11102729633433826,5,5,5,0,Barcelona,16.565763476936382,Low
3747,23.22934953557145,77.5171415551992,200.0,0.3218985215327702,6,6,6,1,Berlin,13.187790075999136,Low
3748,46.784766638853895,73.18932747672821,605.0332866923434,0.16779530996802267,8,9,4,4,Barcelona,18.213383091336393,Low
3749,59.288577078135674,31.13517488791811,833.0482787007322,0.10039674578785084,9,1,8,2,Barcelona,35.29054058131921,Low
3750,30.258678679578942,72.24007990610077,590.9355790244433,0.4476800352259228,8,5,9,2,Paris,22.054403956132912,Low
3751,39.14072326682245,102.02655468451664,469.56140651986584,0.36861111512562705,3,1,9,3,Amsterdam,19.928328131303005,Low
3752,48.2910677871013,93.51473854530602,491.7880406485677,0.13957712882020937,1,2,1,2,Paris,14.883091624332481,Low
3753,57.528426344274834,95.47707923470026,436.8521197980236,0.3656289470735422,5,2,7,4,Berlin,27.914817374017872,Low
3754,40.51775383699851,70.61227548401251,513.5062375800437,0.3446589330950394,7,5,4,2,Berlin,22.101915482049947,Low
3755,38.077496707341034,63.597569099858966,494.44878588901497,0.2893426748172814,2,4,8,2,Berlin,12.316675760375125,Low
3756,25.31076857583917,111.7313917974655,373.84273544025586,0.26770323937024565,1,6,7,3,Barcelona,3.2702629664542067,Low
3757,46.03438129308106,67.56707134105827,752.4332583421747,0.454827905166294,4,5,1,0,Paris,18.85859343958726,Low
3758,65.42076040143743,87.35205096983036,276.9268646435344,0.19805920795898052,3,2,1,0,Barcelona,24.606820200021033,Low
3759,47.77358461964676,84.08336701693847,607.7497314791369,0.2593240228053533,4,9,1,4,Berlin,11.425315613947562,Low
3760,44.77721020816287,116.54292540642795,484.82035590237024,0.2316461651579309,1,8,2,1,Amsterdam,5.74962471402817,Low
3761,48.22082310766986,104.28530894180899,785.1247722598617,0.4084804116146534,2,9,2,1,Paris,9.051051048447489,Low
3762,44.88907996051398,47.61853448332198,551.1296898872332,0.4665861224930158,1,6,9,3,Barcelona,11.132585213084353,Low
3763,36.8698562773987,50.31117083062399,446.01416942251274,0.43991267949609225,3,5,5,2,Paris,13.960083678180533,Low
3764,53.232799156777055,94.47274545172836,462.8439202348254,0.4190815721199074,4,5,1,3,Barcelona,20.66065546823219,Low
3765,47.25761523111754,78.39155881552084,505.98600417796416,0.49471597822803315,1,2,7,0,Amsterdam,18.124444351615594,Low
3766,45.176132519336576,68.6207054011559,328.58139575053985,0.37885782016415404,6,4,2,4,Amsterdam,23.341417957442516,Low
3767,35.2463397272175,105.39069709986177,384.9695712323132,0.4004215164854136,2,2,3,1,Berlin,15.578117083019386,Low
3768,58.03507931934759,84.68648455222277,232.25840462122136,0.49312101588200763,5,2,4,2,Amsterdam,29.341733954624353,Low
3769,51.6470274533311,81.3114346722361,361.5534652438859,0.10279631415966964,8,8,3,1,Barcelona,20.522071377596024,Low
3770,39.47079162632698,99.49571601887624,514.0859722490675,0.3536193505745461,4,4,3,0,Barcelona,17.37743099364355,Low
3771,55.01824853681937,70.62227512641088,545.0262573926782,0.39558861278131585,5,4,9,2,Berlin,24.46136068885897,Low
3772,40.02429161614793,119.21297463681385,203.1005457505397,0.467130821502878,9,7,4,0,Berlin,24.178595699873156,Low
3773,37.17996507488963,60.2988094191748,479.41824454336995,0.4535377216737372,2,4,8,1,Amsterdam,13.68936673920426,Low
3774,37.40296882519713,96.42322665855221,584.5114926233198,0.4367842724935177,2,9,1,1,Amsterdam,6.088733372494315,Low
3775,27.289314469119088,115.84582096649612,475.5631709935647,0.4783165087766815,6,9,6,0,Barcelona,11.469959428502541,Low
3776,49.71542380418206,45.567612768197506,404.93170313332996,0.31495167516548306,6,3,1,2,Barcelona,25.564143892909446,Low
3777,26.6885512166165,71.41662060368877,438.1758282427679,0.10276803823393071,3,6,5,0,Barcelona,6.034245747324256,Low
3778,32.71556168734237,108.55518482213895,418.8854967534167,0.10442175947880382,9,7,7,2,Berlin,18.35888610099075,Low
3779,24.244119909214668,108.93111369327562,404.4904161337914,0.31785562224714325,1,3,1,3,Berlin,7.951792195235833,Low
3780,44.13930307209107,75.71260999029401,526.0735287867273,0.2741088955455765,3,4,9,3,Berlin,15.982879877083086,Low
3781,43.49679539728128,61.63322265807851,846.1532341603177,0.2804980213461794,8,1,9,2,Paris,30.35401883264618,Low
3782,41.73303786813636,103.89839555826906,388.4450124642225,0.2601618948840148,8,9,6,0,Paris,17.621530309281056,Low
3783,34.57422305329423,109.58872756454012,452.27860510078597,0.4670903236364943,4,7,2,2,Berlin,12.543170152353213,Low
3784,33.2776624656336,50.88341628719013,492.24530909371526,0.24366814046791596,8,7,2,1,Amsterdam,17.919980144369237,Low
3785,49.64369863546574,49.90215877584049,396.89683484625596,0.4424907767052333,8,9,9,0,Paris,21.818017357692053,Low
3786,39.494480682915125,85.63141704958998,664.735370528514,0.46114591751665635,1,6,4,2,Amsterdam,9.459803380041102,Low
3787,48.16358321536145,95.7340158357223,200.0,0.2998007079995819,3,8,6,1,Paris,11.447082044604254,Low
3788,36.14751313875777,72.52327286924863,420.3411244431986,0.2787752149460353,1,5,2,4,Barcelona,8.132006091087684,Low
3789,46.81062742771083,96.98234549955873,622.7470604479943,0.4044082416861787,2,8,4,1,Barcelona,10.087270645175035,Low
3790,58.032780373160634,62.24658482906545,455.8858537417049,0.3831886030559529,4,1,2,2,Barcelona,27.741720142507717,Low
3791,50.861658003927836,27.132660023156618,376.8741561724563,0.2314140466384824,3,3,3,0,Amsterdam,19.072637867563174,Low
3792,40.875861817835194,69.4024731916851,566.1135131658147,0.14101925036985863,6,4,2,0,Paris,19.672951049049143,Low
3793,47.571989703559275,81.58080366282753,635.9514853095728,0.20594096007299215,5,9,8,3,Paris,12.831006511797703,Low
3794,42.59334825469787,73.10400100258859,531.5953167822588,0.1524114023249196,5,8,5,2,Amsterdam,12.302118499658556,Low
3795,45.07880184694728,51.034918408512866,379.8169460280675,0.21789291031067656,7,8,5,1,Barcelona,17.702569657190946,Low
3796,41.743889478514966,34.608775603029564,568.4304978727615,0.20472862623231963,7,2,8,1,Amsterdam,25.57045310587769,Low
3797,43.356647941146086,67.14777989080255,439.69260495878154,0.3550845695546855,9,7,8,2,Barcelona,24.05784007789068,Low
3798,47.12093353074175,102.4413942912436,611.7780322840741,0.48179841138191193,8,3,7,1,Berlin,30.454264173041643,Low
3799,35.06641300418049,111.40493598534206,722.4888327284887,0.3742974929321935,3,6,5,4,Paris,11.26289883057608,Low
3800,34.84121173010021,109.69283460346138,200.0,0.4706597632258279,2,4,7,3,Amsterdam,13.158961151288342,Low
3801,31.114574461687887,59.602261621286175,516.6601209793449,0.41365290344337735,1,6,1,0,Amsterdam,6.47090137294014,Low
3802,28.9972889549629,51.1573419092409,239.63990945785594,0.3911510488284693,6,4,3,1,Barcelona,18.610697174773566,Low
3803,32.82717307779521,92.41586537449739,866.2682877994656,0.2656247760853366,4,3,3,4,Amsterdam,16.004399684191927,Low
3804,46.59462506804129,95.87750028994813,429.78131993057144,0.22991780114534746,3,2,2,2,Barcelona,19.27756553186586,Low
3805,36.07212484508116,90.00424013001243,611.9559862738058,0.43851094898916776,2,4,6,1,Barcelona,13.206746943416025,Low
3806,50.13614464231096,29.648418144055917,494.7024710607656,0.46215729317160215,2,2,3,2,Paris,20.662416324409307,Low
3807,45.34713748752562,58.32788537791333,379.5373128921411,0.28075299746037286,4,7,4,4,Barcelona,13.911671220861415,Low
3808,25.314957865619462,79.25778024285054,361.692042923386,0.10362523927465778,1,1,3,4,Barcelona,9.130739752432417,Low
3809,51.549755842216896,92.18045486576068,737.8518759651138,0.41701242356258816,6,1,7,0,Amsterdam,30.13505098829095,Low
3810,53.1079864559171,99.18268406506218,643.3907090267467,0.21402753618891668,5,5,4,2,Amsterdam,20.572671298664297,Low
3811,35.06137325165147,83.606338057051,791.5376131066345,0.1039551460067683,9,7,5,3,Barcelona,19.057963435563124,Low
3812,49.20191542894992,88.2695951634559,508.3180002736549,0.42199542359044884,2,1,7,0,Barcelona,21.480528864589463,Low
3813,36.43501762590801,82.1216364590276,543.1879431869,0.30696567552675924,9,4,4,2,Barcelona,26.00016204304,Low
3814,45.97670376748336,97.14048435546208,459.9212651517068,0.3740842985353877,9,5,6,2,Berlin,28.033854115598885,Low
3815,32.35501593045034,87.82164128727277,456.9376695327486,0.465875928457791,9,2,9,4,Barcelona,29.365264063713013,Low
3816,27.068935474654232,81.64344150118218,343.71696012839476,0.3164695320552422,4,7,6,4,Berlin,8.785375962948692,Low
3817,41.17182810387031,73.29078002156548,512.6015286386527,0.3012776290315863,5,4,5,2,Amsterdam,19.364324721476954,Low
3818,43.762710537251635,82.03228562606203,381.6130107670704,0.21626484853930542,8,8,1,4,Paris,19.291461646568543,Low
3819,41.02320306385396,92.11478447098187,566.2863383246304,0.22207753377598105,8,1,8,2,Paris,29.027736256916,Low
3820,33.1596944177744,86.68688472245154,525.5015328470314,0.4186168264118584,1,1,5,2,Paris,14.634076589450904,Low
3821,41.00100937868863,89.52066045863134,543.1523065513584,0.2796116982343748,1,1,5,0,Paris,15.596419795950336,Low
3822,47.69294752580734,113.56804653377964,751.2694909535339,0.16541048344324816,6,4,3,0,Amsterdam,21.961989092174683,Low
3823,44.55106969877463,86.62909806866469,494.3423075351613,0.13781150560019825,7,1,2,3,Paris,27.24343596563437,Low
3824,46.82501030599214,63.77503698817106,613.5090504280142,0.28916804674471175,2,5,1,0,Amsterdam,13.439183559244757,Low
3825,38.29884799545767,102.09016964985423,807.7264196128372,0.2859820094470922,2,6,9,1,Amsterdam,9.349474493108222,Low
3826,56.717179147161595,45.84504155827706,695.9925603942571,0.3613833112821584,5,7,5,1,Barcelona,20.128986856970062,Low
3827,33.238266634452195,52.96466548151782,672.9754547682267,0.28842699109805625,9,8,4,4,Barcelona,18.855749901316223,Low
3828,49.875602970867185,88.39618161800172,453.996767671925,0.1573902816536859,5,8,7,1,Paris,14.536583707797014,Low
3829,56.81891092959962,92.90991669466447,534.4464583351695,0.3031211539194054,8,2,4,0,Barcelona,33.07688481807394,Low
3830,49.80908092748896,48.87371941240012,302.25855619550873,0.4627157615544101,8,4,2,3,Berlin,29.569881893790786,Low
3831,42.9747577293517,70.42956297533125,574.8371601446622,0.163776564648085,5,7,9,2,Berlin,14.030192965286359,Low
3832,39.71702953337021,64.84790419450853,541.1690266420762,0.37590185639109963,8,9,8,3,Amsterdam,18.174127423922055,Low
3833,55.36087651046256,67.83309192796008,503.5077687734272,0.33754370598621064,8,9,4,0,Barcelona,22.48370001300087,Low
3834,30.77025074738327,103.58994440682365,654.079218236429,0.39943429068472114,5,3,8,0,Paris,18.72541813106219,Low
3835,35.29875739620356,97.66263658868132,318.83377663634053,0.1602401093710371,5,7,9,0,Paris,11.69202831257144,Low
3836,41.02442234508278,79.5219455036573,745.2294276740521,0.4766421347623978,4,4,2,4,Berlin,19.073748051148815,Low
3837,57.37653757511998,66.3509518221268,635.2647031910426,0.34838657110686344,1,9,4,1,Barcelona,9.19682698360463,Low
3838,48.79767636040896,46.258758244496484,489.4049030522039,0.43882845507645474,9,7,6,0,Berlin,26.527587458887233,Low
3839,35.31954241489755,115.50462346954872,477.690561827391,0.19864270547209426,2,6,7,2,Barcelona,7.582289779190206,Low
3840,41.896922946150966,94.80284750712296,572.0916822872891,0.3957651557591847,1,9,5,1,Paris,5.026728441437136,Low
3841,38.85676855903706,62.33327239817149,728.127684809567,0.4124122817335676,6,7,7,1,Berlin,17.281153385046792,Low
3842,37.90211007766465,97.98998744062229,515.2411578035017,0.2589741089548303,5,8,4,4,Barcelona,11.9603741128477,Low
3843,54.78889558556779,78.24440948563436,521.6046352968839,0.2535813811533688,1,5,8,3,Paris,13.472482487204026,Low
3844,31.282568707364945,72.82226237844142,502.7177716438807,0.3631185060102997,7,4,3,1,Barcelona,21.01595567231248,Low
3845,61.087808557343735,90.88028820724006,767.3036169052209,0.1373630727040864,7,1,3,1,Paris,32.19997329424398,Low
3846,53.28229690184623,61.46254375218187,444.66753455944644,0.3942496600870036,3,8,5,0,Amsterdam,13.927185671423906,Low
3847,55.90861670603698,71.40608701224724,495.5738602071393,0.11715470393576438,8,6,6,2,Amsterdam,24.944132051168733,Low
3848,40.37060487974742,83.03652660498865,719.5153481391492,0.1762361204483304,6,4,3,0,Barcelona,19.87354266840753,Low
3849,43.500592809208904,67.51372017786966,522.0516250419296,0.36565750289654686,4,3,2,2,Berlin,20.206752871728142,Low
3850,30.66848185475288,96.7271302566881,670.5588290068283,0.13932946683678554,3,5,5,1,Barcelona,9.093839224793719,Low
3851,39.753375929331966,126.72666259195651,363.3079914645562,0.488736836590716,1,4,6,2,Amsterdam,12.81338114470675,Low
3852,49.93654847643151,61.14254668482143,469.2061217557229,0.4473584837847603,2,7,3,0,Berlin,12.954549380777056,Low
3853,57.96063061781396,38.37186759239889,722.6651057660342,0.3505209329626946,2,6,7,0,Amsterdam,15.893398514971135,Low
3854,33.92843183197549,29.95649581309346,398.5490426354682,0.42762298226774,5,3,3,3,Amsterdam,19.954759372270047,Low
3855,41.34494063014734,76.23829646262544,477.3051440345439,0.45503201943582716,4,1,2,4,Berlin,23.453802383402476,Low
3856,43.48700779767478,63.42088524684543,538.5027846337218,0.2037902598287274,2,7,4,3,Berlin,8.584004937589707,Low
3857,31.042107978075148,85.19651252667701,351.626822301052,0.43976463517972786,9,5,3,1,Amsterdam,24.21027874521982,Low
3858,50.913492417584,83.31494180065252,437.92848220671544,0.17791751345504073,7,1,7,2,Paris,29.553222859825606,Low
3859,37.76009668257391,39.919578834647595,516.8955022738461,0.26533690565952617,8,1,8,0,Berlin,28.481398061367436,Low
3860,43.04609648822976,34.62790426296485,507.0022601242942,0.3233038524994397,8,6,3,0,Amsterdam,23.146867471463324,Low
3861,40.48050628088122,87.39833100865238,692.0528031255703,0.385556385229613,2,4,6,0,Berlin,13.999715736560496,Low
3862,37.106614942803255,83.38572086799893,731.2185792248381,0.11205652708901122,5,8,1,0,Berlin,10.252549753731088,Low
3863,44.929550145194455,69.35455004083622,371.5872691998633,0.2162037651112756,3,2,5,1,Amsterdam,18.64090269467109,Low
3864,42.84390421431978,38.57141037169239,516.6902778751235,0.34340763928415613,9,4,2,4,Paris,28.287247657137492,Low
3865,41.281421177213346,91.78478156912477,601.1372462637148,0.2429474716596475,9,8,1,3,Barcelona,20.813901069760476,Low
3866,37.71538378319657,111.79748863559858,727.4521198698797,0.4100100222517974,6,8,7,3,Amsterdam,15.414715357476943,Low
3867,48.195246707829554,86.94956100547306,607.7735445975694,0.36066086446028656,4,5,4,0,Paris,18.56518265695173,Low
3868,61.536172684922846,58.81315273587339,543.6370102388497,0.19376058148949432,8,3,5,0,Amsterdam,31.898457620371794,Low
3869,46.39887232839127,81.11380413927878,599.9813797973947,0.15837159183693325,5,4,2,2,Paris,19.503377616886713,Low
3870,54.96118214911129,45.84714797665788,601.065325150439,0.35161879743482016,3,3,8,0,Barcelona,21.504542619081587,Low
3871,31.097780748465375,106.44901784596982,360.8428561573447,0.28018693108190307,8,2,3,3,Barcelona,25.131203535358644,Low
3872,46.5776143929377,82.04610836323847,528.9198188759403,0.16758281644052744,6,4,7,2,Berlin,21.649112482286583,Low
3873,34.02631681028933,35.7960772061692,718.8741491283038,0.23054968212735094,5,9,1,2,Berlin,9.01339186436031,Low
3874,30.230750724680988,72.48314098890793,468.8964846958993,0.22121869932743465,1,6,1,0,Barcelona,4.281412210678643,Low
3875,37.60628592540964,91.58253775585577,519.4169963821166,0.14325278893575005,3,4,7,2,Amsterdam,12.71441366698039,Low
3876,56.91899334413573,71.67380947561193,463.6225325710967,0.31876360770609125,7,1,1,4,Barcelona,32.76333408030163,Low
3877,54.500158286696454,73.10260696399565,200.0,0.40545945356502167,3,7,9,0,Paris,15.904642021659154,Low
3878,47.430047220544,49.389944823818205,503.08852658520186,0.3301867555411948,1,2,9,4,Paris,16.530881721575145,Low
3879,29.67299440110069,94.16352467704141,545.2687895979309,0.43051654597494093,8,6,8,0,Paris,20.207063780079615,Low
3880,43.03719348612063,63.78826999952156,423.1259913678647,0.15102741888617255,7,1,8,4,Barcelona,26.921432234697914,Low
3881,48.01700008901736,26.088865574874184,326.80445766729076,0.2742447431288896,5,7,4,0,Berlin,16.6475474579941,Low
3882,46.75536229578598,70.71856573324015,367.90903103275264,0.34376604146323964,5,4,4,3,Paris,21.46426910336819,Low
3883,26.56206416519254,104.52874288925882,614.6281424203346,0.3704006243767629,6,3,5,0,Paris,19.17262549332539,Low
3884,36.09682151980128,70.32676383500132,795.8787159570358,0.3783145225693708,7,7,9,3,Barcelona,18.112191681634094,Low
3885,44.35922235851283,123.449624628088,707.365001135815,0.3915861708391525,3,3,3,1,Paris,18.723628415945374,Low
3886,50.3629090951719,90.72419871371292,298.3480992754172,0.3605719248784067,4,8,4,1,Barcelona,14.714591977335635,Low
3887,23.038721789000537,88.46895405700916,628.1940965826054,0.13769123557634708,1,4,5,0,Berlin,4.288528892463633,Low
3888,43.37876024520141,76.79004335205978,400.5256436286065,0.37812227104091856,7,3,7,3,Paris,26.29485078396961,Low
3889,46.43048769878952,78.29284480589273,412.65994062368344,0.389913062709755,2,7,5,3,Paris,11.328276936734406,Low
3890,53.49611988516213,73.4144091220124,430.7036603043074,0.4973919737334509,7,7,9,2,Paris,24.522755702883146,Low
3891,51.928575842374364,72.44326519793684,605.9100424783146,0.37734497468045036,6,9,6,2,Barcelona,17.852022499516814,Low
3892,50.82571318808805,93.27167905167872,643.8880064673557,0.37473215830061957,4,7,3,4,Barcelona,16.495035539432614,Low
3893,37.00059493298066,56.60421925523586,485.2953393080318,0.30592531607278883,2,6,6,2,Amsterdam,9.159431640622087,Low
3894,25.919978628766923,53.10265428189351,487.83938884879626,0.44716916343404556,7,3,6,0,Berlin,21.74768522297053,Low
3895,41.06947242938599,51.920123728115556,569.639561485369,0.49873390478446333,7,4,1,2,Amsterdam,25.30818077666043,Low
3896,55.0163182520856,131.14136369192886,585.1991809286362,0.4116179480789729,5,8,7,2,Amsterdam,18.621074956415406,Low
3897,58.93454527524432,93.2585725417645,676.4338560137794,0.3450001511431234,9,6,3,0,Amsterdam,30.130365094004524,Low
3898,52.10549102297785,87.61230504200361,307.3442036736202,0.13158193077262728,3,9,1,0,Barcelona,9.447466614619628,Low
3899,49.29340822801734,53.56213324266422,503.0041009706045,0.390695652691851,9,8,1,4,Paris,24.694978995323712,Low
3900,48.79639648385965,95.58355751687071,339.7963436163234,0.38342462743278016,5,8,5,3,Paris,16.4731652194857,Low
3901,39.43881253239219,77.08571633866678,492.3586581404895,0.41022725912377267,2,7,2,2,Barcelona,9.433916350955384,Low
3902,43.6993970644638,85.35422352829374,466.0737068478859,0.14982215535979573,9,1,2,1,Amsterdam,31.1080406729371,Low
3903,61.69069525826331,55.5844921034111,492.98758191459467,0.36149300005045737,1,5,4,3,Berlin,16.622138577983563,Low
3904,35.574419942081235,84.00672143543942,380.03856678342026,0.21828956198066987,1,7,7,0,Barcelona,4.355221602431069,Low
3905,61.14778790709852,69.40416154483792,276.9065310188857,0.4041084973611335,7,9,8,2,Amsterdam,22.885421345740887,Low
3906,41.77971845507942,60.85972107424531,200.0,0.1961495816125865,3,4,7,4,Barcelona,14.49541135264969,Low
3907,58.25432109095078,98.35265839518122,480.3229768602739,0.37359147072816434,8,8,9,1,Paris,25.212211034566877,Low
3908,30.931849905024617,41.55730478674994,435.34983412505915,0.2179971787935919,7,1,7,3,Paris,23.959526759443303,Low
3909,50.859042011646494,94.11940660785376,398.60935027942594,0.10359771712697247,7,4,4,2,Paris,24.293689774763674,Low
3910,37.63229864052378,97.1121533388249,698.3822694247491,0.3533431647892382,1,4,9,0,Amsterdam,10.823121240049515,Low
3911,30.847328080758125,58.008908111218986,371.08427198070336,0.14530763326356896,1,2,9,3,Barcelona,9.707274756863127,Low
3912,47.185340424109455,59.49178847168832,712.5251123208204,0.3637165891152857,2,3,3,1,Amsterdam,17.292768018385694,Low
3913,55.09471788595969,74.42435796833995,743.5765616403885,0.47024377934277506,2,3,8,0,Barcelona,20.73085315921566,Low
3914,36.550585614065035,87.05090526155551,207.36492998159287,0.48769837368443614,5,9,1,1,Berlin,12.342159421063872,Low
3915,30.00984039541599,76.17862520464436,513.8572188498455,0.19436923493104505,9,7,2,2,Paris,18.446644467935247,Low
3916,44.08155235665045,90.83906150479699,440.04552637460137,0.423701291060262,7,2,8,3,Berlin,28.461478617597752,Low
3917,44.12564671222819,124.07449131343498,200.0,0.24142131074897613,2,9,8,4,Paris,6.151907121158217,Low
3918,50.483196275544984,67.30708077125715,283.30381203973786,0.46018282909919295,5,8,6,2,Berlin,17.746787173655424,Low
3919,54.495945713644886,37.120500732414484,616.2404160662711,0.41499582745174957,5,6,8,2,Amsterdam,21.49874198861096,Low
3920,44.40584818727506,100.64808957576633,802.8798879066896,0.12956868665830545,8,6,8,4,Paris,21.617441322765572,Low
3921,63.55503314794263,122.08286439818824,635.4017214048872,0.2628547975509109,9,2,2,4,Amsterdam,36.695057919891894,Low
3922,47.24234744535292,89.81920907627811,548.5448708769467,0.23492713040386964,8,3,3,0,Amsterdam,28.021975537644572,Low
3923,41.535734939931004,52.8062831161583,496.8001427553369,0.4140724082893108,2,6,7,1,Barcelona,11.60144456487241,Low
3924,28.88432640897172,76.90269091911998,752.3994371972171,0.26411428426126365,4,3,3,2,Paris,14.806440765304151,Low
3925,42.37340479683832,52.03691289470919,822.2358802936461,0.37383535906123355,2,7,2,0,Berlin,9.950375029663833,Low
3926,41.63613054588864,96.07138734907369,411.97359807137207,0.3409741022361762,6,5,6,0,Berlin,20.400580186128355,Low
3927,54.6030479628147,46.21773993253914,200.00201595345635,0.4902554876390536,4,4,2,2,Paris,23.283469265234945,Low
3928,49.62483624066854,72.496780329295,200.0,0.475113982720646,7,8,2,1,Barcelona,21.63859069940702,Low
3929,33.206308783673826,54.89155434265234,698.2821488239704,0.2710798058954875,2,2,2,4,Paris,13.672690694057023,Low
3930,46.72254386411038,83.17061712837405,492.941218883842,0.3894312846564597,9,3,4,2,Amsterdam,31.41107600579771,Low
3931,51.71531171729053,70.84145807155606,527.4862865688078,0.43178403759248873,5,4,7,1,Barcelona,23.832433891112046,Low
3932,60.280313593878326,84.4190525812566,231.40235105649305,0.4595543015448581,1,6,6,4,Amsterdam,15.679637093612076,Low
3933,53.875039674140595,80.55876387415914,387.02166308173,0.12725370551059348,3,5,5,3,Paris,15.935048957348112,Low
3934,52.60846654311478,55.33352430689724,455.67787791488263,0.22083151970939874,4,5,4,2,Barcelona,18.49085516002842,Low
3935,45.60085994615164,95.67192658822555,531.1757575046106,0.22809201638740872,3,7,2,2,Paris,11.46117814771958,Low
3936,48.883120054234496,78.78085870392212,440.2111941629362,0.27377838048795144,6,8,8,1,Paris,17.40271982114986,Low
3937,57.49504900706159,55.286774803352486,344.4010702547986,0.1677059002861676,6,6,2,0,Barcelona,21.925573704980152,Low
3938,31.672226025203503,136.02316390514483,382.3149511096216,0.2984823519800033,7,3,8,0,Barcelona,21.98649132736108,Low
3939,41.50560672783044,91.91075416792812,681.2484928920849,0.36528573091938243,9,4,4,1,Paris,28.104539327542955,Low
3940,37.27431251243759,76.16848616501737,536.717692940525,0.2989455680866871,9,1,5,2,Berlin,30.671749434598148,Low
3941,48.79153118726124,115.38011316754559,591.8235210433328,0.36631723807904637,7,5,1,2,Barcelona,24.800631736968835,Low
3942,57.302221756507876,126.04539023466518,365.16892836840054,0.12657665272716012,1,8,2,2,Berlin,8.456433054223965,Low
3943,39.03025713278926,76.36626444215287,200.0,0.45039493268296416,3,3,8,3,Berlin,17.71302646666642,Low
3944,21.09695632530562,88.68493716086905,421.53435396732556,0.4756276768404274,5,4,1,0,Berlin,15.08536366599596,Low
3945,40.8777925497553,55.299929549926475,370.01441683617554,0.34716296964745946,6,4,3,3,Berlin,21.734967461401183,Low
3946,54.13473732017407,76.32018123079972,552.3518402942119,0.4525563994547588,6,6,2,2,Amsterdam,23.765985190599807,Low
3947,50.376299029498796,75.02343615600326,992.8585570522763,0.152578406659285,5,9,5,0,Paris,13.138673775442486,Low
3948,49.281862478105765,84.62067584054135,604.2749026427384,0.41897956803052405,6,3,4,2,Barcelona,26.474354423736973,Low
3949,42.200066981255205,88.31901196592526,910.3940239075232,0.1476592773890376,9,4,4,2,Paris,26.13661286826694,Low
3950,32.209692637802135,93.9957112207015,585.3154543009173,0.26320409259901467,1,6,4,1,Paris,5.2949487173307865,Low
3951,50.15294321624467,85.94106640749898,405.51706436409273,0.22952741382331002,1,6,4,0,Paris,10.3411571031065,Low
3952,36.65718189965375,49.73143433427089,552.1874117181325,0.3342367300881817,9,7,4,2,Paris,21.839521870777943,Low
3953,66.84096733380457,56.538322356472875,767.0957899216562,0.22060581409581342,8,1,6,4,Paris,36.758348341099506,Low
3954,50.70507208354516,66.33980951340817,774.4343894481858,0.3549254518668531,9,9,2,4,Barcelona,23.260776143732077,Low
3955,39.19351697446049,72.94398520191928,413.69939479353815,0.24695491566078315,7,2,4,2,Paris,25.22760424894598,Low
3956,38.88614752611372,106.26935726180284,537.9775543548949,0.4443161524121858,6,4,7,1,Paris,22.109005781955975,Low
3957,44.070557933864116,50.92652532867717,285.60996804932824,0.3535535360878447,9,3,7,2,Paris,30.256702741037685,Low
3958,42.6049807797825,71.0646237957325,623.7002937037145,0.18611931892857847,2,3,1,4,Amsterdam,14.142687423220536,Low
3959,56.16833775529955,103.82523745535124,733.0032048583842,0.23445176881123483,4,5,9,0,Berlin,19.69501901470221,Low
3960,46.864161697440466,72.50306313758469,505.9699181174024,0.43896835505066234,2,7,7,1,Amsterdam,11.948932059738764,Low
3961,37.683682610914715,91.5103912460706,399.8923918459808,0.25459189999498344,6,7,6,2,Paris,15.35102378322425,Low
3962,63.90440685155782,76.51144892680242,554.0196426916344,0.3143196262262581,1,7,2,4,Amsterdam,13.814518317729927,Low
3963,45.49308331520223,86.41958143311807,562.6188547044749,0.35957677438093316,7,3,6,0,Barcelona,26.74369273837,Low
3964,52.68839675968897,74.28818640476149,512.1715747774431,0.2391238598343667,7,9,5,4,Barcelona,18.697757626250354,Low
3965,38.91773492555241,96.67663681820885,526.807268650393,0.21759145230322732,7,6,9,1,Barcelona,18.851235000697994,Low
3966,48.631156277445236,41.37358981483912,473.92777242959437,0.29010196104321145,4,8,1,3,Berlin,13.490366493665686,Low
3967,48.11109991143195,70.91719979028638,649.3932392339609,0.18595238883711565,8,1,5,2,Barcelona,30.792853861800744,Low
3968,26.103507079038472,87.41431691735771,610.434116774769,0.21368423476762538,5,4,3,0,Berlin,13.967894471387794,Low
3969,65.15275110460641,93.34238120015482,352.5345279283776,0.12483139361281444,2,7,9,1,Barcelona,14.294139267510069,Low
3970,57.906444609225474,117.32381556884569,348.41140952621083,0.2215881103884022,5,9,1,1,Amsterdam,16.087814486651663,Low
3971,41.02804683854012,70.22438332836059,461.8438374460157,0.22828163734542772,9,3,6,3,Amsterdam,28.091230425016313,Low
3972,33.977302595441444,116.98704404652182,610.5255686157768,0.4847332665165279,1,6,3,3,Amsterdam,8.040523443797712,Low
3973,48.47561613803552,63.52440433350824,522.2086120836221,0.3358915301863521,2,8,1,2,Amsterdam,9.901600143274175,Low
3974,45.86697699414397,113.2161602886161,403.52743848160173,0.41495297016632227,8,3,3,2,Berlin,29.409622799906412,Low
3975,48.55668948563229,100.4366781674593,539.2277895088745,0.11815090111212899,5,6,2,1,Barcelona,16.748515856810975,Low
3976,46.91577396194089,57.16353550919443,450.3784220716592,0.14261467744334877,9,9,8,2,Paris,20.000878963015754,Low
3977,50.06240989305926,87.67598093129554,632.0729690336198,0.42581478434503695,6,9,3,2,Amsterdam,17.77687081136815,Low
3978,59.473056993918064,78.71910411169522,549.9587652600571,0.3494198197670543,8,6,7,3,Barcelona,28.336115295845957,Low
3979,50.681032051286465,95.63961484187502,452.70827188217845,0.17639281221608116,1,5,6,1,Barcelona,11.46823773754675,Low
3980,34.50344501090059,74.41821028916726,534.7278158069693,0.26191816234469534,9,1,7,4,Barcelona,29.47021512671713,Low
3981,58.62562852712452,72.31884435845672,697.2572089286302,0.3154689999926491,9,3,7,4,Paris,34.24237855806385,Low
3982,61.406145634882876,114.22736456907128,414.5554885180434,0.43744393165497675,3,3,1,0,Amsterdam,24.29628300701463,Low
3983,70.0,77.53197763860818,560.3985472470741,0.12416479667779767,1,4,4,3,Berlin,18.241647966777975,Low
3984,33.76505966760402,100.66055810479416,489.4309489301006,0.33868891574694493,8,5,4,0,Berlin,22.016407057750655,Low
3985,47.42882013150275,74.36621287389501,564.0475525793149,0.38681436863467356,8,8,5,1,Paris,22.096789725797557,Low
3986,24.17901296811013,121.66658148068808,401.8152587606404,0.4911567431641838,9,9,5,4,Paris,16.665271322074876,Low
3987,50.53149156379209,63.04163426661266,516.5503149739063,0.4228640313168738,6,7,8,4,Berlin,20.888087782306364,Low
3988,39.517997018332274,64.64641171882039,666.1734923625202,0.21049092542610937,9,6,4,4,Berlin,22.960308359760777,Low
3989,64.23445794824953,118.11292952789758,359.4489528130839,0.3838316775513061,9,3,1,0,Amsterdam,36.60865415998792,Low
3990,37.25385029981418,68.87634022761868,300.58923450123774,0.40531115397079087,4,9,5,2,Berlin,9.729266629652162,Low
3991,28.108169620327384,120.02685765410982,306.28166532695536,0.3918941999673581,5,1,1,0,Berlin,20.851392885771798,Low
3992,40.2873625929748,102.29601448987032,324.40062046997167,0.428057627180748,6,9,3,4,Berlin,14.866785049699917,Low
3993,25.245122287828625,76.13375733597917,589.2984931838996,0.4614919904854551,6,3,8,3,Paris,19.688456591203142,Low
3994,52.5109945450731,34.66766319957104,289.12104712018015,0.13937194759573612,2,9,5,3,Berlin,7.64701783947929,Low
3995,24.349169537436794,79.51704239320411,455.3156982884704,0.14190554307244754,4,1,7,0,Berlin,15.223806291955514,Low
3996,45.28457581183159,82.54075133833561,592.7433954966062,0.4185599955082584,9,8,1,0,Amsterdam,23.77097269863206,Low
3997,24.22188180143803,109.18044333260933,562.4988590822891,0.20094899060858837,7,6,6,1,Barcelona,14.276054446517294,Low
3998,41.79702195463358,119.7111794060028,442.1661530056272,0.12341656878003118,9,9,8,0,Paris,18.273272274190383,Low
3999,61.43378155804534,62.87532052140631,528.6385597632659,0.26049167239224236,6,4,6,0,Paris,27.035051191336024,Low
4000,48.60647891435795,100.02954409970457,516.0717994606352,0.42795076473043125,7,5,4,4,Amsterdam,25.361451321611696,Low
4001,36.36506395035066,99.13505390033373,466.36385666777204,0.15062600952559216,9,6,8,2,Berlin,21.415779280361118,Low
4002,44.68796511060916,106.83531756026113,468.37479220181297,0.36873678872178706,4,9,8,4,Barcelona,11.593757420400618,Low
4003,45.18016872044446,92.46724780338862,835.314115213544,0.10144634470862708,9,6,6,2,Amsterdam,23.56851406321961,Low
4004,49.72630345843406,31.43755772595575,621.3966355896952,0.14389497888497998,3,9,8,4,Barcelona,8.856840826380019,Low
4005,31.331416367191736,76.11443918680601,872.0976376268214,0.24034013830739476,8,2,6,4,Berlin,24.80282629323147,Low
4006,50.92567273847331,51.10731062707712,425.45553006192483,0.13344091240976563,3,4,4,1,Barcelona,16.61211094563965,Low
4007,20.0,74.93485567704815,487.2550104667779,0.4383606669748452,3,3,6,2,Amsterdam,11.883606669748453,Low
4008,38.70115447636189,104.50010590334735,300.1811352085029,0.4456282012581876,3,4,9,4,Berlin,16.066628355490444,Low
4009,40.117261575484555,87.62877089687431,378.56497968656413,0.4022282812398097,9,1,8,4,Paris,32.557461285043466,Low
4010,51.33326826071239,108.70227165993582,785.2869722993751,0.196991852558247,3,2,7,2,Barcelona,20.369899003796185,Low
4011,45.22630852676869,88.54384801783849,421.6948565237366,0.3092988300959919,6,4,5,1,Berlin,22.660880858990527,Low
4012,30.944369461437134,47.54185150827743,787.8921950216688,0.17367541020934857,4,4,7,2,Berlin,13.020064940524627,Low
4013,35.15006874182985,20.0,313.49566089801647,0.21251138002924433,2,5,1,1,Amsterdam,9.170134422841397,Low
4014,46.98680009547407,83.72021904198976,341.97964488900845,0.30640211686951646,3,9,8,1,Berlin,9.660061197337386,Low
4015,44.20932658135444,74.65183834122087,448.81531684648684,0.39400552338431916,5,1,5,3,Amsterdam,25.702853208249525,Low
4016,39.20875890364253,55.57635651545294,490.4375117481233,0.13786175215745566,4,8,7,1,Paris,9.141245192667315,Low
4017,40.19166210488021,37.48431875871555,638.4630938675194,0.21867867905123448,5,3,7,3,Barcelona,19.744285421976407,Low
4018,51.961679971592886,61.63141966318227,567.6155625779398,0.47064853942876894,1,9,8,0,Paris,8.794989385765554,Low
4019,39.82307427130785,75.1377128783806,437.55271139839584,0.27164932711275525,4,8,7,1,Amsterdam,10.663415552519906,Low
4020,44.119087559709264,96.64694559265976,480.00262902228405,0.47554786956372574,3,8,6,2,Paris,11.99120496355004,Low
4021,66.69936588080543,84.71577703919951,452.140562032295,0.49656021662085426,2,9,6,3,Barcelona,15.47541193045017,Low
4022,30.763173631160768,120.20168117931823,362.80193970114055,0.3106639304445664,7,4,5,0,Paris,20.335591393793894,Low
4023,26.481572684253415,54.10989859886514,366.8055595097568,0.21521760391394024,9,5,5,0,Berlin,20.596647844415426,Low
4024,52.83589664798607,102.02647230143583,654.1825837150114,0.41631072342903164,1,7,4,1,Barcelona,11.513876228686136,Low
4025,38.21356938705897,81.18246857821819,225.775260810929,0.163724294210006,7,2,7,2,Paris,24.10131375821775,Low
4026,41.8176247225738,97.36672810296461,742.6038046167582,0.20081874386882823,1,7,3,1,Barcelona,6.05347485546042,Low
4027,37.18843621868886,69.08712841836142,448.5508661596652,0.4139519637997129,5,3,5,4,Paris,20.796050503603784,Low
4028,42.40199859232487,106.79200934726475,384.12370904117597,0.27345836989281197,1,6,3,0,Berlin,8.455183276625581,Low
4029,60.98538112096341,87.38061895863108,610.9638936045903,0.18061517479506672,3,6,8,4,Amsterdam,17.101766084239692,Low
4030,53.021284586181196,63.013875377056266,722.7824876220676,0.36045029798092976,8,6,5,4,Paris,26.510888355663653,Low
4031,53.62223511886977,79.6993992771703,667.6448662405936,0.3931047445526732,4,2,6,3,Barcelona,25.017717981187662,Low
4032,30.837729442073545,74.01110352657251,575.2778074039836,0.15002849578022764,1,9,1,4,Paris,-0.7483962095756604,Low
4033,33.488462634471304,92.22945876594484,663.0295234582754,0.21079210398997367,1,8,4,0,Amsterdam,2.154459830241127,Low
4034,20.0,50.50558126563729,242.52536342842012,0.18851070214889332,8,7,9,0,Berlin,13.385107021488933,Low
4035,36.90619178917246,79.26620744710763,421.72541877677776,0.25194185150498083,8,9,5,2,Berlin,16.091276051801543,Low
4036,54.567031863856585,89.88268131623327,363.3244909962733,0.4053779582304258,4,4,1,1,Amsterdam,22.423889141461235,Low
4037,50.16946515748371,80.82558267982583,683.6958096822763,0.38548324090972974,4,2,4,2,Berlin,23.90567195634241,Low
4038,42.784867370478764,113.67353110972489,442.478297161417,0.3650095641534816,2,4,6,2,Paris,14.485555852678443,Low
4039,44.77699716281947,99.35056935177631,626.8109835173083,0.10251421834743649,2,3,7,1,Barcelona,13.958241332320206,Low
4040,38.11114457424594,79.81298008148133,580.3785413732957,0.1568573253521558,6,2,7,0,Paris,22.00191662579534,Low
4041,47.04758882401784,85.41722743744182,370.65395957544786,0.18931901964082673,8,2,8,3,Amsterdam,29.007466843613617,Low
4042,52.65878279480615,87.39163878704998,411.95626850355734,0.20878233841553984,7,8,5,4,Paris,19.885458222597244,Low
4043,28.84113212589527,90.0824901041706,694.0726536222089,0.15857061665956002,7,5,6,3,Paris,16.73804580436418,Low
4044,47.99647687837348,34.358550108384804,383.677602697338,0.26412622058955587,3,6,2,4,Amsterdam,14.0402052694076,Low
4045,54.32434870954667,72.46184260576632,518.7301415293218,0.13007223400561038,2,8,2,1,Barcelona,9.598026952920105,Low
4046,40.848997110366305,42.88902329516434,382.61880705103323,0.40000887615511227,7,7,3,1,Berlin,19.754787894661014,Low
4047,52.00700612120583,111.95702368648716,452.9071719626209,0.415088314918442,4,7,4,2,Amsterdam,17.252984985546167,Low
4048,70.0,78.4787619999268,493.0757084045042,0.3297066758403593,1,7,6,1,Berlin,15.797066758403593,Low
4049,43.95657207013108,75.16647625800942,382.5700234553763,0.13588195081678714,1,7,6,4,Berlin,6.0457911292071955,Low
4050,48.93307050005323,102.41993330083088,355.9329569024178,0.45603326781870324,4,8,3,3,Amsterdam,15.240253828203004,Low
4051,37.61942916338609,90.55811993624687,542.9410005166163,0.4862543314832458,5,1,1,3,Barcelona,24.648372063848285,Low
4052,46.8125116260205,51.78413714051982,373.28938868132354,0.18094542412871575,5,3,3,3,Amsterdam,21.353207729093306,Low
4053,49.60271624982304,78.22736593681579,378.4013666451991,0.38185592777628796,1,1,4,3,Amsterdam,19.19937415270979,Low
4054,46.94842340270138,71.62082566934038,359.1420284447044,0.4367754522569943,3,8,9,2,Paris,12.452281543380355,Low
4055,34.80304680291143,36.38667778484865,488.31379305030225,0.3159374090170809,6,2,8,3,Paris,22.600288131044238,Low
4056,47.06361771325451,62.743094169069884,641.5552451599762,0.22932923981069955,7,7,4,4,Amsterdam,19.912377712083348,Low
4057,59.62195938717637,75.41149194958837,725.9792954468401,0.2914234860321411,1,6,7,2,Paris,13.800822676474322,Low
4058,49.486357645145276,77.12622671270394,391.1122871009332,0.3049075003137808,8,1,9,2,Barcelona,32.39498229668139,Low
4059,54.619871890718414,42.94421440806728,822.5466189996816,0.2602548176752112,4,6,2,2,Paris,17.988509743967636,Low
4060,42.629880299873726,108.7916395761869,349.29427089398064,0.4719369974534825,9,9,3,1,Barcelona,22.008334064496943,Low
4061,52.4990023942371,77.44742352771402,662.5322784991804,0.3975532443770008,6,3,1,2,Berlin,27.225233162041135,Low
4062,47.792678382165256,80.93882691651407,391.74553189768363,0.1965206569019856,1,7,8,4,Berlin,7.803010083669435,Low
4063,35.49089270312768,90.01604095849592,369.36150951949844,0.33422287492794744,2,4,2,3,Barcelona,11.989496560217777,Low
4064,48.18521004798875,60.29809365240822,388.28657648234173,0.37547566037246705,3,1,7,1,Berlin,22.710319618121297,Low
4065,35.0830333655969,91.4088993283174,492.13284505263215,0.1560625686808521,2,7,7,3,Barcelona,5.5855356964875895,Low
4066,38.67119725115208,70.82313384954543,586.9958256550416,0.24337029695205953,7,1,3,0,Amsterdam,26.535062144866217,Low
4067,46.893283072923744,57.58536148382021,600.4802056857233,0.46221931264156646,1,4,2,1,Paris,14.690178048292788,Low
4068,47.97244273380124,94.33618733388496,358.40224769781673,0.3268692400740806,9,9,3,4,Berlin,22.160425220881173,Low
4069,33.10767534922871,117.29184647004519,351.55110687330966,0.18679909842412676,2,5,8,1,Berlin,8.300293589009879,Low
4070,55.53985771182876,98.12073433714579,362.50419599546797,0.14911391924766032,4,7,9,2,Amsterdam,15.653096506025229,Low
4071,50.72006278300473,103.07443912851078,483.2968396421733,0.3072907573899511,8,7,8,1,Paris,23.78892640880093,Low
4072,37.95271564389116,66.98423483594253,468.4766593713688,0.31907428921165765,3,3,2,2,Paris,16.076557585283922,Low
4073,29.624152035508246,40.05950677078859,357.47368068953074,0.23376578054184494,9,8,9,3,Barcelona,17.22490341607092,Low
4074,43.55095420918569,117.25343805249602,540.4405541094866,0.35216641136764737,7,1,6,1,Berlin,29.086950376432178,Low
4075,40.540562861388395,131.362872235119,839.3853212502977,0.1274738744877555,3,4,2,1,Paris,13.436907603294072,Low
4076,46.13140457053023,118.57016934424206,424.2926807247273,0.15805587730645626,3,4,9,4,Berlin,15.419980144223633,Low
4077,41.36883338844434,71.60535152550625,434.97322681946997,0.3185095284045037,5,2,5,0,Berlin,22.59574530057834,Low
4078,24.925431392549903,51.134141531778894,583.9492355486553,0.1247262775377816,5,6,6,1,Berlin,9.724892193142786,Low
4079,41.11653061698841,53.35793255451084,416.17755623948074,0.45236350599644026,5,1,1,3,Berlin,25.358594245060925,Low
4080,41.94380888931687,37.906685809648785,600.3446722577273,0.15685854818260672,9,3,2,2,Barcelona,27.651728148621128,Low
4081,51.33661024774059,77.31553453974887,392.21859398314393,0.36956794963381456,9,9,1,3,Paris,23.59666257066032,Low
4082,38.0180032538895,120.14194895206137,774.8179411365952,0.2564813766857701,6,6,4,4,Berlin,16.970214743024552,Low
4083,61.786746733725664,76.45843420319392,551.7162458888441,0.25991509901689935,7,2,2,1,Paris,32.13517501028669,Low
4084,25.88359449348243,87.55807250870687,406.9965576384933,0.4059558114444576,8,9,1,0,Amsterdam,14.324636462489304,Low
4085,58.111674978026244,114.38992410760521,411.6962450796089,0.29978485366916563,9,2,3,0,Amsterdam,35.43135103009953,Low
4086,42.756810291218954,69.89761720419001,422.9300370937948,0.39026218545754654,6,7,4,1,Paris,18.229664941941152,Low
4087,53.595848723435566,130.88828641798986,705.9124499373311,0.3020764915011077,8,1,4,0,Barcelona,33.59951953204175,Low
4088,45.79801484058733,129.80236018743634,309.68734885980746,0.33716213656210536,2,5,3,3,Barcelona,13.611025817797248,Low
4089,56.39555536025469,76.72221653298793,399.80874943107426,0.40428585114786564,8,7,2,2,Amsterdam,26.461525119555063,Low
4090,41.12638035447189,65.56164339951968,415.7509164611861,0.3429234971685101,2,3,8,1,Berlin,15.267149078026666,Low
4091,34.01379574822188,97.43095115975783,497.6468049864593,0.3462460437555155,8,4,2,2,Amsterdam,23.66659916202172,Low
4092,59.205042872710635,71.31187643702854,459.33354610298085,0.4156878365710378,2,5,5,0,Berlin,18.41839122752357,Low
4093,43.86519354117859,51.086119573316594,276.31582529143054,0.4796347263277493,3,3,7,4,Amsterdam,19.45590532563107,Low
4094,47.21558473624211,112.0309663380745,440.02659746067985,0.2506864615741347,7,6,9,2,Amsterdam,21.67154003661398,Low
4095,57.34751914044795,110.411184681927,485.06739752225474,0.3308468628903805,9,3,3,4,Barcelona,34.01272437103819,Low
4096,34.68044757905565,83.88779009408903,405.7853247380325,0.13450926309341826,3,8,1,3,Paris,5.749226904650875,Low
4097,50.95490897639257,48.42838115679555,603.0163233571498,0.2435215522275468,5,7,9,4,Paris,17.221688215193236,Low
4098,39.10105243537109,49.26184371956535,637.911264313047,0.26481969035575437,9,1,1,2,Amsterdam,30.878512634168867,Low
4099,43.67830644355628,82.68073221047882,488.24199504059106,0.43409492672962047,7,2,8,2,Barcelona,28.444441200363087,Low
4100,45.72278965384289,67.50322413737419,534.5812380276094,0.30535696085027075,2,4,2,1,Berlin,14.770406504655574,Low
4101,29.99778138553064,71.4726766964598,200.0,0.39242654931938314,5,5,7,4,Amsterdam,15.423599908853024,Low
4102,37.211629571795655,105.54907887650009,436.83458417572524,0.10760296001026855,5,4,3,3,Berlin,16.239518471641382,Low
4103,58.51072892413139,98.32948293556395,650.7232537636869,0.28579706785132625,9,4,6,1,Berlin,32.411189355752676,Low
4104,53.86191188584796,114.45356701244032,436.4845125231084,0.4605270660654337,2,9,6,1,Barcelona,11.263844226408725,Low
4105,44.37360422672765,55.23441941556856,389.41074854120586,0.18972556372231406,1,4,4,3,Barcelona,11.209336905241436,Low
4106,47.431234585128934,71.4202107828322,841.6533389046397,0.11260887412284518,4,4,8,1,Paris,17.35545911676713,Low
4107,42.05757494363542,98.97454238650282,772.8615785293707,0.2733634934853906,4,4,5,3,Barcelona,17.350907417944534,Low
4108,58.56583385827982,91.2019585253223,570.1362368723236,0.3817727282590382,1,2,7,0,Amsterdam,20.387477440074328,Low
4109,42.99647422205836,118.30950956469054,670.8365917220071,0.2817854027365878,7,8,5,1,Amsterdam,17.71679629398339,Low
4110,47.31842092134848,90.51341764760173,200.0,0.28399132540450633,2,4,4,2,Berlin,15.035439530449606,Low
4111,56.460301441420654,126.20272760263882,381.867283905694,0.36792201649532785,9,5,6,0,Paris,31.117310597379472,Low
4112,37.226285151540935,93.50044504307851,429.5063190240273,0.2017555233132196,7,8,3,1,Berlin,15.185440778594476,Low
4113,60.58789184496894,106.5541861897165,464.60298516995806,0.400755916656791,7,4,6,3,Berlin,30.183926720058587,Low
4114,29.69538590256623,71.91212633038857,426.50839685390565,0.1612454123622934,1,5,6,0,Paris,5.021069894392802,Low
4115,61.296421311127986,80.35718029709973,200.0,0.25830024211439506,9,5,6,0,Berlin,31.471928814482347,Low
4116,41.27324416048025,102.77361009598688,557.903692806284,0.36240324338836716,9,6,3,2,Paris,25.006005682027748,Low
4117,42.57301252174718,120.32445426482636,581.548119242091,0.4313476028920791,2,7,8,1,Berlin,10.585379785444944,Low
4118,26.09989828817057,98.23092373276883,740.2848187384973,0.4166124284660221,9,3,4,1,Berlin,25.49609377111139,Low
4119,40.452052826223074,77.92070570163452,381.7536102837555,0.38867423972307913,2,3,2,3,Paris,15.522358245097713,Low
4120,34.60193468973116,114.43337573820855,369.47552633301467,0.24363855341455642,2,9,7,0,Amsterdam,3.3169659410649124,Low
4121,38.923536546265275,25.20053359300298,200.0,0.14892172651748956,8,1,8,2,Berlin,27.66627822905448,Low
4122,43.6268903421112,44.44413746232816,455.9649745113671,0.18673368707719626,3,8,4,3,Berlin,8.955403973405323,Low
4123,54.57791614472906,97.04085559170973,635.1667671593257,0.445933525830594,3,3,6,3,Amsterdam,22.332710101724658,Low
4124,47.076033514006255,80.35270890632812,408.2348206710921,0.4429325480530638,7,5,8,2,Paris,25.052135534732514,Low
4125,48.07676653401114,95.13784127810413,821.5167227815473,0.48062434101560636,6,3,5,1,Paris,26.729273370359408,Low
4126,34.044806111544375,81.61018806079855,461.51077463157145,0.13039546075821665,7,1,9,2,Amsterdam,24.01739644104548,Low
4127,36.192459103972695,94.27364236509682,522.0488426432834,0.3147236341109825,6,5,6,1,Paris,18.504974072301632,Low
4128,62.98725018351312,59.639929475170234,295.5345379127609,0.3594732179616934,9,8,6,4,Barcelona,28.490907234670864,Low
4129,37.647989652367535,94.26215215199227,543.0830517762919,0.38426295082674267,2,5,2,0,Berlin,11.637026403977687,Low
4130,61.56208252057296,104.86036320518961,203.1020307720957,0.3575452940041721,8,4,7,2,Paris,32.04407769621361,Low
4131,42.569388011191336,110.51376509828081,604.0546932519717,0.4080045559609128,6,9,9,3,Amsterdam,15.35086196296653,Low
4132,45.02287936143504,130.3388573662175,608.6642264353118,0.24378863051573663,4,1,5,1,Berlin,22.444750113587876,Low
4133,55.703651602299296,86.10246108755966,703.8937136504765,0.17177310885419286,6,5,5,0,Amsterdam,22.928826569231717,Low
4134,57.718924219386565,86.84777717117947,347.0046921848467,0.18183334886017544,6,1,5,0,Paris,29.634010754417723,Low
4135,43.89187439720912,41.920688395653805,524.0843177446129,0.10479147578806575,3,6,1,2,Amsterdam,11.215477077043392,Low
4136,41.11756946478461,66.71471497153938,584.5724839079757,0.24012874884248894,8,9,5,3,Amsterdam,17.23655832786027,Low
4137,44.44079551477787,75.17294814983468,566.3422457495465,0.13669762035199093,5,2,8,2,Berlin,21.69921485795327,Low
4138,48.379575282321184,106.25798880690888,370.2051087297723,0.22859547711607636,4,4,3,3,Berlin,18.79982735585712,Low
4139,53.91303686869755,64.72497189775927,200.0,0.3512840308664992,2,8,9,4,Paris,11.686751369274255,Low
4140,45.04229858994152,99.90850049372081,552.0440445326722,0.457791222234728,1,3,9,2,Amsterdam,15.590601799329734,Low
4141,51.188862980231534,79.9594570759155,477.1250482535121,0.4358421803962066,7,7,6,1,Amsterdam,23.215080698031528,Low
4142,61.383597322709406,75.57079712213095,414.999411055784,0.20106968478303078,3,7,4,2,Paris,15.92577604464313,Low
4143,48.81309612264785,86.22234922833141,614.59180455732,0.1536332568792188,3,2,4,2,Amsterdam,19.18026140558654,Low
4144,48.11652856004778,70.22109069367893,493.262069276835,0.17722890951869252,3,4,1,4,Amsterdam,16.207247663201258,Low
4145,29.810891749099323,69.27406879768336,302.1207420848301,0.4883946607614428,3,1,5,4,Amsterdam,18.327214132344224,Low
4146,20.0,37.38035235524714,210.28215663556676,0.3197897918741963,2,8,5,2,Amsterdam,1.1978979187419632,Low
4147,48.88375729230168,73.80114481680276,330.6555102300252,0.17300088920022993,6,9,5,3,Barcelona,14.8951360796928,Low
4148,44.05175768719128,68.00079634628183,858.951844215018,0.4362984618747261,3,1,1,4,Paris,22.078511924904646,Low
4149,39.85217325085258,67.10047526627301,608.416516089916,0.25807649772502195,1,7,1,4,Paris,6.036416952505994,Low
4150,47.435302041863444,90.42182656475102,528.2918512962518,0.4596888607898909,9,1,2,3,Amsterdam,35.327479220457946,Low
4151,44.395962708030915,96.46579881976274,472.7508609221293,0.2042708507337946,6,1,1,0,Paris,25.86149731974722,Low
4152,56.277802506338986,85.80486261605819,462.8910590078846,0.2572887035216945,6,9,8,4,Barcelona,17.95622778711864,Low
4153,45.86110868258978,104.88537976123686,675.0793975038642,0.3019791051160339,9,6,4,4,Amsterdam,25.77812365593727,Low
4154,37.53076714929833,94.38904814575913,426.41063871448523,0.45704613363561264,2,1,6,3,Berlin,18.329691481145623,Low
4155,54.901662389592886,72.62359525485894,586.5380616026439,0.4475029726420223,9,7,8,3,Barcelona,28.445528443298095,Low
4156,42.82868925053798,68.4285928571405,447.7358074562609,0.3297420281215512,3,3,5,2,Berlin,17.646027056376905,Low
4157,50.265366836723075,87.82055591917116,791.0234947752595,0.18871020391235627,3,4,6,2,Paris,16.966712090140483,Low
4158,40.22589293807199,94.34417774754752,611.3432761367455,0.26134278869515004,3,4,4,0,Paris,14.681195768373096,Low
4159,38.50173114502564,114.94610767578746,686.8335222025438,0.49025322614620215,1,8,6,0,Paris,6.453051604969713,Low
4160,45.84168230185696,109.77932612350239,412.3385337967642,0.34310928955096087,7,1,6,0,Amsterdam,29.683597586066696,Low
4161,45.12828643543685,66.46317483732078,658.7204168851133,0.4124391020496787,7,8,3,1,Barcelona,19.662876951127842,Low
4162,49.79827035366833,77.44984299681846,453.1133861907964,0.2799458781445679,2,9,4,3,Barcelona,8.238939887546177,Low
4163,42.313542466902575,96.77544512294425,516.5052235899274,0.31280291018672257,6,7,6,4,Amsterdam,17.322091841937997,Low
4164,26.636402162296026,106.6999444514743,745.2571505929187,0.2715816448930176,4,1,8,3,Amsterdam,17.206737097618984,Low
4165,40.672261164116115,103.4742367176198,343.5837414865371,0.3811683992247872,7,7,7,3,Paris,19.513362341482704,Low
4166,52.93818467143816,78.40305417921633,530.4871596958101,0.440588405554751,7,6,4,0,Barcelona,25.287339456978955,Low
4167,42.026239207568935,48.649433689287086,565.7007887778091,0.30294541728982544,4,5,3,3,Paris,16.137325935168935,Low
4168,42.53616597485452,55.02659059386022,578.0006571201214,0.2923469834544903,3,5,8,1,Barcelona,14.184319627001258,Low
4169,54.863765059059375,86.81583785798536,432.3823260359802,0.2361145868393588,7,1,6,4,Amsterdam,31.3202753861114,Low
4170,37.880267727410775,88.55563948560864,812.9396151212122,0.17083867771763353,9,6,8,0,Paris,22.072467095399567,Low
4171,29.571967817571004,52.53301566414038,305.76021719896096,0.47569908915004355,4,4,9,2,Barcelona,15.628581236771737,Low
4172,43.393688804745054,81.1142402722318,718.8328082948703,0.226431887471802,6,1,9,4,Amsterdam,25.782425516141537,Low
4173,40.15826048751263,95.78060892429458,682.2598408387457,0.42027658542971424,7,8,9,2,Berlin,18.25024400055093,Low
4174,35.33753680246746,51.219333562321395,785.1333184405528,0.3861388085149897,3,8,1,2,Paris,8.462649125890138,Low
4175,43.24621544101309,107.62493004511036,261.765935193827,0.4163670401112517,5,4,3,3,Barcelona,21.137535033416448,Low
4176,49.91505647246784,70.56172128600437,369.6752768165435,0.474707253348841,1,7,9,4,Barcelona,11.221589475228761,Low
4177,44.907114384321844,111.44032781441628,723.7914588742461,0.34934830408835893,6,3,4,1,Paris,24.46561735618014,Low
4178,48.06981072686238,66.66368885560249,218.44412680545366,0.4591801373528178,5,8,2,3,Barcelona,17.01274459158689,Low
4179,63.13407698515423,54.334362927895526,259.031164843938,0.16707892916491746,7,7,1,2,Berlin,24.111012387195448,Low
4180,41.57121138442436,68.54657525395702,426.7538319932762,0.35068503038271504,9,5,5,4,Berlin,26.478213719154457,Low
4181,47.78348634644669,77.62129692306699,528.7990682933402,0.40891024516584507,4,5,4,3,Barcelona,18.92414835559246,Low
4182,39.907866374008655,70.28800233071297,738.8337610473162,0.20865645229766963,9,9,5,4,Paris,18.558924435179296,Low
4183,36.53640280113027,74.59996446067217,472.2101127604463,0.396301520516786,6,6,5,0,Barcelona,17.92393604550694,Low
4184,39.1509234658223,88.34912874190476,408.7641277903191,0.41139073164649476,5,6,8,1,Barcelona,16.859184356211635,Low
4185,40.212414284783115,75.72051575509002,546.7084906544641,0.4324751824065779,2,2,6,1,Berlin,17.388476109500715,Low
4186,48.59475797547125,78.34719015119983,570.4394724941601,0.22515316503837313,1,5,3,1,Amsterdam,11.329959043025104,Low
4187,68.49075786700757,37.2693400199351,566.1859733255407,0.37264263606732373,8,4,9,2,Amsterdam,34.273653720775506,Low
4188,37.8395656372416,89.79245040026181,473.30206880729827,0.22170131336390486,6,3,8,2,Barcelona,21.06888282481153,Low
4189,40.83374694384538,77.7699175577083,206.73708291227757,0.3956161549993822,7,9,9,1,Paris,16.706285633147438,Low
4190,44.36876986888752,120.25732451207178,362.3576016340502,0.2851894660582849,6,7,4,4,Berlin,17.662525621249102,Low
4191,48.957988487097474,56.51087081865104,713.0406627901193,0.339017749810888,7,4,8,0,Amsterdam,26.077574044238123,Low
4192,47.63550811954785,34.79261678751214,528.06034069649,0.26633599257222756,9,9,3,2,Barcelona,21.454012361586628,Low
4193,57.84095793948117,95.45171234825105,451.6216821339415,0.16479317077192973,5,9,5,3,Paris,15.50021908956365,Low
4194,20.73607929464792,88.663175457825,667.7252822560962,0.17121181184214546,1,7,7,3,Berlin,-0.5670580931841687,Low
4195,21.130701298043274,54.78917448672135,330.4825051446577,0.13102756290485382,1,5,1,2,Amsterdam,2.1494860184615217,Low
4196,40.04121827989851,41.75627612489771,466.19777994304883,0.3472290718886647,9,9,1,1,Amsterdam,19.9846562028562,Low
4197,55.97300187543709,118.43491826710725,520.6637607761056,0.4394553591812237,5,7,3,4,Amsterdam,20.686454154443364,Low
4198,29.343519683944038,115.35275976516954,433.7933745058056,0.10833473050483239,2,9,4,0,Paris,0.38640321023153446,Low
4199,20.0,20.0,515.1144234352398,0.1264958008353414,3,3,1,3,Paris,8.764958008353414,Low
4200,50.711794062192084,68.54442426858748,471.8459102867352,0.28298679692116413,1,9,8,2,Paris,6.543406187869266,Low
4201,47.43657223702714,121.60480136959748,290.0985428321187,0.3950882944672758,6,1,2,4,Barcelona,28.6818546157809,Low
4202,34.097915932005705,68.09843605555332,527.2216822818584,0.16308305788478053,6,5,5,1,Berlin,16.36020535844952,Low
4203,35.1446039927907,67.73469414933368,300.7472312730699,0.20866052781967756,3,2,6,0,Barcelona,15.629986476033984,Low
4204,35.30256280365326,72.9310168092658,524.8422687645084,0.19280248051272286,3,1,6,0,Berlin,17.01879364622321,Low
4205,46.1053531747394,51.97757565579602,706.1203736225164,0.25962048746846167,7,3,6,3,Paris,25.927810827106434,Low
4206,38.73684723816993,37.380606394298894,457.84652040859186,0.18999947080702848,1,7,1,3,Amsterdam,5.021048879521263,Low
4207,49.940639189755196,106.31368276836872,324.27753050435206,0.24103947141790122,5,3,3,2,Paris,22.89258647110557,Low
4208,20.0,33.926577343808106,480.95182801925296,0.3914170394647777,3,9,3,0,Barcelona,2.414170394647777,Low
4209,36.43148134872201,86.1817863027189,375.2043337882203,0.3444036993816757,5,3,8,1,Paris,19.87348139843336,Low
4210,33.7394603908895,102.16448731894124,589.1763503947204,0.13247268215667718,4,6,6,1,Paris,10.44656493883362,Low
4211,42.43659321627508,43.71934252747104,477.80168787157197,0.35509826649828713,6,2,2,2,Paris,25.281960629865395,Low
4212,39.619522415098615,56.89328993512321,756.464487749686,0.2908308686236854,9,8,1,0,Amsterdam,20.794165410766436,Low
4213,52.978437798957664,110.32947970978975,674.4484393516007,0.4738262298828555,2,5,4,3,Berlin,17.131793638515855,Low
4214,26.406632283399425,93.322293005676,477.0379243277896,0.2157217268416213,8,2,1,1,Berlin,23.079206953436042,Low
4215,45.45491476330752,64.56785732802783,607.3413601959636,0.39046656787966405,2,7,5,4,Barcelona,11.041140107788898,Low
4216,50.583364232117056,110.05622508402928,441.0145386255732,0.392344329217828,4,3,8,2,Berlin,22.598452561813396,Low
4217,63.56647436561955,110.16339308635756,505.0935327747752,0.18860031240367495,9,5,2,1,Paris,31.45594543372261,Low
4218,40.18234028906525,86.72631732539267,445.7848705474532,0.4612894499883745,4,9,8,4,Amsterdam,11.167596586603317,Low
4219,48.24458604352517,57.495994303158426,614.9683939774563,0.29647328017184127,7,1,8,4,Paris,29.938108614775963,Low
4220,26.96137207437635,69.66378241320511,714.9482415064367,0.37155334675572094,5,2,6,1,Paris,18.803945089870112,Low
4221,21.080437956869762,87.15966859888475,619.7972310786715,0.15834222355340183,2,5,8,2,Barcelona,4.407553622594946,Low
4222,53.447743757817,75.2851292713128,638.2904901928034,0.20312156679678772,8,4,2,4,Paris,28.065538795312982,Low
4223,44.9443970635193,103.47392945587129,638.4550155853594,0.33444284717488915,2,1,7,4,Paris,19.32774759080468,Low
4224,56.78512689798423,41.75564799726659,582.6883883502064,0.2276109073493398,3,7,8,0,Barcelona,14.811647142888667,Low
4225,31.26597111030251,42.643411773344035,329.1070761184598,0.2998771674283894,7,9,4,0,Berlin,12.878563007374645,Low
4226,50.199021395287524,84.52177778706081,755.145727912475,0.2496020797493157,5,1,9,0,Berlin,26.05572721607941,Low
4227,63.688178405438535,67.71138965482739,770.6616240047638,0.3562215186576192,3,8,6,4,Berlin,16.668668708207754,Low
4228,49.19705608357266,64.32378463255648,464.91805950299477,0.29485814511232356,2,9,3,4,Barcelona,8.207698276195035,Low
4229,47.76581505591049,35.79858202064007,444.3953127175727,0.10184397438926727,6,2,4,2,Barcelona,24.348184260665818,Low
4230,45.0855608082435,80.48864611995454,591.8617479373063,0.35987233517815365,1,1,4,3,Amsterdam,17.624391594254586,Low
4231,29.291185428740878,78.68112229998086,582.6219252775257,0.2688486228200727,8,6,1,0,Amsterdam,18.475841856822992,Low
4232,58.55572935710348,96.33697454879352,469.70808968704716,0.23667933619608916,5,7,1,3,Paris,19.433512169091934,Low
4233,38.89142360194934,81.72265332802431,312.49615166185936,0.13765870091328944,5,2,1,0,Paris,20.044014089717695,Low
4234,50.04483256383017,76.68489804398759,545.8551786124666,0.1881478762265966,2,5,4,0,Barcelona,13.394928531415013,Low
4235,29.369656934287462,109.42501591975844,582.7154807263317,0.18950891663234137,7,5,1,2,Barcelona,17.20598624660965,Low
4236,33.2054033549222,47.18831741378625,608.8731722058196,0.4741477997618916,5,7,6,2,Amsterdam,14.203099004095574,Low
4237,59.350873992222354,93.4097304711894,552.3939158531311,0.27300518989861877,8,1,2,1,Paris,35.0353140966529,Low
4238,41.52697711042157,38.22132088011628,459.3327277457136,0.11682633888606803,5,8,1,0,Paris,11.626356521987148,Low
4239,59.53275476042545,59.04095299997981,649.1003059259417,0.15552667289732836,9,5,7,0,Paris,29.915093157100916,Low
4240,44.21769340941482,49.68357168441716,509.8772746348877,0.13161307029316482,5,3,6,0,Berlin,20.081438725756094,Low
4241,26.581022270421425,99.54856338629796,430.26154784529194,0.33554775608288456,3,9,1,2,Amsterdam,3.8297842419552723,Low
4242,53.920675997317204,78.36474416011515,472.90199269314184,0.1746485966267307,2,3,9,0,Berlin,17.422688765462468,Low
4243,39.10107682244392,79.66241888517558,238.10464512875274,0.29942305611271036,5,7,6,1,Paris,14.22455360786028,Low
4244,51.98688813517043,52.33167530676373,472.66372637321916,0.24802482514799024,5,7,2,4,Barcelona,17.57631469203103,Low
4245,45.25210867540082,72.50766260167777,603.2654779812003,0.4215505508576798,6,8,7,1,Amsterdam,17.791138111197043,Low
4246,29.568817720571296,60.91336741727221,550.9674533208845,0.2281958549061449,2,8,3,4,Berlin,3.1526038652328383,Low
4247,46.64294765370569,89.5863753713554,728.0996259471779,0.28330619295872334,5,4,7,2,Paris,20.82594622569894,Low
4248,66.96223142152799,55.22272161670966,460.5537628976444,0.38851421943913034,1,1,9,3,Berlin,24.4738116208497,Low
4249,49.92986458514459,113.2448591301269,573.0969744579974,0.27334048277225576,3,4,5,2,Barcelona,17.712364203265935,Low
4250,44.42482246994537,38.11048875939764,618.9110264458658,0.4172862144052757,3,6,1,3,Amsterdam,14.500308885036368,Low
4251,55.75343401956898,59.837004188585965,851.4285512431112,0.364673742494666,3,6,5,4,Barcelona,17.372767630817354,Low
4252,47.106684652031106,121.93001274915241,521.7148236676461,0.26421164557868637,3,6,8,3,Barcelona,13.774121851396197,Low
4253,47.09534230262794,69.12153130094914,343.3719231703965,0.3015927702745451,8,7,8,4,Amsterdam,22.644530393533834,Low
4254,34.083748278408976,47.1280333898897,627.1893130032922,0.4868813823368774,1,1,3,3,Paris,15.593938306891467,Low
4255,47.33848025789598,85.47678906344171,779.8591033952684,0.36464459860335696,6,1,4,4,Paris,28.347990063402364,Low
4256,55.35443416416945,68.11519394463645,451.61769346600676,0.4619980903889299,6,7,8,3,Berlin,22.726311153140134,Low
4257,36.63937847899975,59.10324360954235,626.1622307909623,0.17150340138842574,1,4,8,4,Paris,8.706847557584183,Low
4258,59.24495821246948,52.60322973003207,684.309208284338,0.2932944624980608,1,6,7,1,Paris,13.70643208872145,Low
4259,44.08293975854874,149.20934014064858,652.5598315955231,0.4634646679380202,3,6,6,0,Paris,14.859528606944826,Low
4260,36.12230488461459,73.71120249539659,518.8337783710367,0.22904482457656705,8,9,4,1,Berlin,15.627139711150047,Low
4261,54.976320769202445,31.860815991678074,395.22893626802806,0.48706567925856836,6,2,9,2,Amsterdam,30.363553023346416,Low
4262,42.132057642617305,117.34274397513835,487.8080677979621,0.13883099618946299,4,4,2,3,Paris,16.02792725467982,Low
4263,52.59514887486108,95.27677262776427,568.7900680816446,0.4610684681100148,5,4,2,4,Barcelona,24.38922934355847,Low
4264,42.08241367741463,60.838339224505305,636.2333786137593,0.2780848488263435,3,7,1,1,Paris,10.905572591487822,Low
4265,44.40173856470096,56.672022782846454,550.0917571998559,0.1294976660564643,6,1,3,1,Paris,25.115498229974932,Low
4266,49.93560204334292,96.83681990395577,443.01380501891344,0.45180863703443497,6,5,3,4,Amsterdam,23.998766983347224,Low
4267,47.90897057590006,73.82704181276364,583.3069484224653,0.2007760849636454,6,4,4,3,Barcelona,22.380452022406473,Low
4268,25.044682195482615,31.850554538872466,629.0127601614231,0.10890005019809008,9,2,3,2,Berlin,23.602405160625686,Low
4269,33.78756259905608,124.68099911511672,556.9415084621721,0.15432284222767692,8,5,6,2,Paris,20.17949720199359,Low
4270,54.29409984790816,69.15023844460107,374.5719328192513,0.36364589675990466,6,9,9,2,Paris,18.424688921971494,Low
4271,43.678634110984525,117.38929341206065,472.7890947924215,0.491124595655278,2,8,8,4,Paris,10.014836189848136,Low
4272,39.762686972285785,111.96087394914288,642.17311646187,0.14458485583340674,4,9,6,1,Paris,7.874654650019804,Low
4273,31.414259847425257,54.97476138792965,292.54732868832895,0.2847792192499048,6,7,8,2,Barcelona,13.772070146726625,Low
4274,34.20263678724152,105.8297466090787,200.0,0.172254620379013,9,7,8,1,Amsterdam,19.483337239962587,Low
4275,24.782013600380527,63.713936253407965,726.2124275216031,0.39801461364063684,2,2,6,2,Amsterdam,12.414750216520526,Low
4276,43.987192812984674,33.33248532990145,576.7122882532819,0.1472235599047257,6,3,2,2,Paris,22.168393442942655,Low
4277,39.01562419418953,69.38504584944644,591.009500378016,0.19593669939235583,7,8,5,3,Berlin,15.664054252180415,Low
4278,35.33412109014685,89.94093754440698,338.4774539559416,0.17856238705962857,8,2,4,4,Barcelona,25.38586019764034,Low
4279,44.318765748320466,68.43158380009154,610.6292095199807,0.32100791214679114,9,7,6,3,Barcelona,24.00570884596405,Low
4280,48.63970630852738,72.32379147687246,541.2873031352547,0.4492736368002529,5,6,2,1,Berlin,20.084648260560744,Low
4281,65.93197932209945,108.58915112321532,262.35086332274045,0.3044360804625674,9,4,4,1,Paris,34.823954601255515,Low
4282,29.881165804367864,82.6623495072523,713.6425121410787,0.12329738110858851,9,4,8,4,Paris,22.19732355239624,Low
4283,56.59381043300522,58.91754221787619,523.8024985428093,0.3253555722387325,7,3,1,2,Paris,29.73169885228889,Low
4284,54.73101561015072,97.55075809168316,440.5874050881097,0.4190083997272037,2,6,3,4,Berlin,15.609388680317252,Low
4285,37.20907260623299,84.94188917385613,443.30153810221736,0.1528624789217291,8,3,4,2,Barcelona,24.191346571087188,Low
4286,47.03235954586031,20.0,200.0,0.1290844857378367,5,9,2,0,Amsterdam,11.90055272113646,Low
4287,40.42366750662385,90.70882284428622,589.0004899447046,0.17512311102302763,8,4,2,0,Paris,23.87833136221743,Low
4288,46.85688580418739,89.79571769290254,539.2785810868588,0.39843452912865096,2,4,6,4,Berlin,16.041411032542726,Low
4289,60.09131013404551,80.5030282395215,470.8879801500358,0.3366721678128006,7,2,6,0,Berlin,32.39411471834166,Low
4290,51.05606232631313,102.29251452673938,691.7727811177508,0.3162378615846996,5,2,3,0,Paris,25.479197313740936,Low
4291,50.08608373233442,63.190160391837445,292.42114715062314,0.19979195785270734,4,7,8,1,Berlin,14.523744698227398,Low
4292,40.696906800453576,88.41249472052252,410.48412854485775,0.23289463809874378,6,5,3,2,Paris,19.03801842112351,Low
4293,30.15943335075665,40.82601572081618,372.4987617859421,0.48635400517733696,5,3,2,0,Paris,19.411370057000365,Low
4294,42.91531789459592,90.1772595849708,458.180753034267,0.19625009069175428,6,6,5,3,Paris,17.83709627529632,Low
4295,57.06608154863915,128.8264923884974,510.12050378858345,0.4606581693020354,9,6,7,1,Barcelona,30.726406157612097,Low
4296,29.728321434103524,55.128591188311475,564.5020285717032,0.33221260178309464,1,1,1,2,Berlin,12.740622448062004,Low
4297,34.44910631823305,61.004946700305624,447.9539820342324,0.14931858654849914,1,3,2,1,Amsterdam,9.327917760954906,Low
4298,46.26267736234068,62.249613927711195,368.3966397267659,0.2869249512620272,6,5,2,3,Barcelona,21.248052721322473,Low
4299,35.153452151527375,83.24995564503988,752.9010424655667,0.4794194869443503,2,7,8,2,Paris,8.840230514901716,Low
4300,37.07476552884788,53.424093178657046,861.7460287682853,0.26742623925494347,8,4,6,4,Berlin,23.796692051203795,Low
4301,40.76401418271823,90.5311844672745,521.4930007823039,0.44535462591574493,7,8,4,4,Amsterdam,18.682750513972916,Low
4302,31.343825958098506,101.17099863672914,386.4829449468699,0.20257147786068308,6,3,4,1,Paris,18.928862566036383,Low
4303,35.25878153783631,93.3586803363446,721.3181196563442,0.3283688607201492,4,6,5,4,Berlin,12.861323068552386,Low
4304,52.03427916787309,35.78961435904819,282.9864340507302,0.43754082328078947,9,6,3,2,Paris,28.985691983169826,Low
4305,31.92630217769036,104.87919162896515,449.78400129427587,0.4682753764678782,7,9,4,3,Amsterdam,14.76064441798589,Low
4306,29.021278655051624,103.434185356342,395.58244229805473,0.29432934686052026,7,4,4,3,Berlin,19.649677065120688,Low
4307,38.69975020466106,100.75403430865761,326.0696674324267,0.3558752408581717,5,7,7,4,Amsterdam,14.668677469980032,Low
4308,52.31955502509846,89.32105621639562,457.9963650617346,0.10119205231293238,1,1,7,0,Paris,17.20778703065886,Low
4309,43.0307819200311,85.50473285512832,370.37418812390524,0.20128932300535585,2,1,1,0,Paris,17.42212780606289,Low
4310,40.354189218843814,105.80973495315992,501.89816962229816,0.21148484149877833,8,2,3,0,Amsterdam,27.221105180640926,Low
4311,45.44358797515607,128.08783719008636,504.0765751508696,0.13739720466177233,5,4,9,4,Barcelona,19.007048439164542,Low
4312,27.54292567140348,56.17398841587875,406.8002414717031,0.21187800534279067,2,6,6,4,Barcelona,5.38165775484895,Low
4313,49.94705653775033,106.9531348948693,444.4229965109196,0.22844881322325566,5,4,6,4,Berlin,21.268605093557657,Low
4314,48.83435031403644,77.84457254981368,465.3726548144434,0.4875064158272774,8,6,4,2,Berlin,26.525369252483706,Low
4315,40.90691525904279,76.75817369928498,621.4769091679141,0.36744095222433504,4,2,9,0,Barcelona,20.946484099956187,Low
4316,55.05924511796417,41.586732740449044,477.73558984037214,0.2704020317665377,3,9,3,1,Amsterdam,11.721793853054626,Low
4317,33.725039010469615,72.88026476211512,623.7052611179146,0.49522178427820374,5,3,8,2,Paris,20.56972954592292,Low
4318,56.27908993253569,55.06837605078961,587.8719475331983,0.1612929280938445,7,7,6,2,Paris,21.99665626069915,Low
4319,46.54493665595251,68.40363926235136,585.7296045351113,0.2904204775721938,2,1,2,4,Berlin,19.36768577250769,Low
4320,41.63447410121827,52.545340405546256,708.176895551896,0.3588248828196198,1,8,3,4,Berlin,6.078591058561678,Low
4321,44.80126364631688,68.77729031717485,332.0913680381135,0.12223225379363081,5,4,1,2,Paris,18.66270163183137,Low
4322,43.92735234189058,69.84724107441492,429.022534053933,0.3867995432332475,7,5,3,4,Barcelona,23.54620113489965,Low
4323,57.20282896417717,82.41887296097,764.4948200449354,0.13994694116879597,8,7,4,0,Berlin,24.06031810094111,Low
4324,34.23320872528986,39.63125344271673,461.4025249116099,0.1561129234398708,8,3,6,2,Paris,23.33109185198567,Low
4325,37.37480760853402,43.86204630636691,200.0,0.16387580498483362,9,9,7,2,Berlin,17.35120033240854,Low
4326,55.3630289207248,89.04785676826316,469.5547485278172,0.47155593066220713,1,9,3,2,Barcelona,9.824467982839511,Low
4327,39.04465064816141,60.06404707324752,520.2409295244875,0.3732942180552671,7,8,7,4,Amsterdam,17.446337375001093,Low
4328,54.00533077331592,106.86324475574827,200.0,0.3621710004412416,8,1,4,2,Berlin,34.32330923640719,Low
4329,61.99435983008709,85.63174305037617,700.0903459831923,0.32219739858599683,6,2,1,1,Paris,30.820281934886093,Low
4330,40.98204973058366,95.16905375516018,392.9431304201597,0.21712239947804113,4,2,1,1,Barcelona,19.46583891395551,Low
4331,51.81362326575305,115.26730801052237,549.2844672781273,0.3483558818397406,7,3,8,0,Paris,28.52764579812332,Low
4332,33.46307718660142,72.25722970483568,466.10276819839066,0.26405988795545593,3,2,7,2,Barcelona,15.679522035534987,Low
4333,52.54733298067809,65.63783236459311,306.7472871193938,0.15816646003704596,2,1,4,2,Amsterdam,19.84586449457389,Low
4334,46.99423985986767,101.79256463997034,339.423779804687,0.3758389161310932,6,5,1,4,Amsterdam,22.35666111927123,Low
4335,49.73038282160215,92.73783909824215,359.73757453586796,0.1518328671719691,2,6,6,3,Paris,11.437443518200336,Low
4336,38.54427927964605,75.31674225446748,662.8507863775457,0.17626743240846932,6,7,7,3,Amsterdam,14.82595810797851,Low
4337,28.389165844328275,114.78644917389855,477.86927178497723,0.42707972473904243,3,7,6,2,Berlin,8.287547000688907,Low
4338,50.03252064749505,74.69389225400174,421.720172517238,0.3640468384500616,2,2,6,0,Barcelona,19.65022457874913,Low
4339,24.365968475205456,80.81934093889454,359.8086631114653,0.352396461685457,8,7,8,1,Barcelona,16.333755159416206,Low
4340,41.82649507757465,80.53056627085645,679.422533228919,0.2672811137370896,4,2,6,2,Barcelona,20.220759660643292,Low
4341,54.4118186641997,56.63515262753822,719.6301908785381,0.2585122072957485,4,2,2,2,Amsterdam,23.908667672217394,Low
4342,46.91897735873036,81.93963473715978,677.7115848060021,0.37610504367416053,7,6,7,0,Amsterdam,22.836743644360713,Low
4343,64.48342644789813,114.91900443496229,573.865600873125,0.39600221544361836,8,6,4,0,Berlin,30.305050088805622,Low
4344,55.251091525817735,91.1242078844044,543.4745062806068,0.30408528094572423,9,8,3,3,Amsterdam,25.61618026720256,Low
4345,38.46101611674423,80.77658565997329,317.6093273036148,0.4877076977394105,8,5,8,2,Barcelona,24.915381812417372,Low
4346,45.27313379851439,75.95581797085828,463.1271309933414,0.48227982356754884,4,5,5,2,Berlin,18.904738375229805,Low
4347,44.52629297455564,88.27167571015877,397.42096949803454,0.26497179600510345,2,1,4,4,Berlin,18.507605852417726,Low
4348,29.17823236653873,98.74416571222963,226.17318365229352,0.42824890171326147,5,4,4,1,Barcelona,17.035958727094236,Low
4349,35.59601083515647,95.23097077224382,658.5565128748049,0.31730713663936616,7,1,5,4,Paris,26.351874616940602,Low
4350,39.3923909302014,71.70337845445052,395.6255080411587,0.3047023550228698,2,5,4,4,Amsterdam,11.364740829289117,Low
4351,24.637794971440634,88.11953985275287,679.391286115296,0.12198562455146074,4,8,3,1,Amsterdam,4.611194736946798,Low
4352,45.47493468251643,91.99849352870697,632.2619601140018,0.32958988418732404,6,1,4,2,Barcelona,27.438379246628166,Low
4353,42.50928155346959,54.82012531182554,583.5076964950129,0.4602311722252659,8,3,5,3,Paris,28.855096188293537,Low
4354,28.271060986884258,84.20576352959236,591.9326107644775,0.4120535396780368,6,1,2,1,Amsterdam,23.101853692845644,Low
4355,49.04212865277332,25.967402842440954,407.70291768894384,0.4145268578797049,6,6,7,0,Paris,21.857907174629048,Low
4356,52.158727446909595,92.06334274552962,778.6775226935997,0.16397161543053568,6,1,5,2,Barcelona,27.787334388378238,Low
4357,47.27034478864889,96.50857636406704,506.4688146429574,0.24337977885342546,4,3,9,1,Barcelona,20.11490122512892,Low
4358,41.7593182479103,98.68865314466149,545.2897527678056,0.19328196666009434,3,5,6,1,Paris,12.960615140974033,Low
4359,50.91442151751855,70.1238286957608,402.63854996500413,0.2263661129822544,1,5,1,1,Barcelona,12.037987585078106,Low
4360,51.80220360476691,87.72617087560087,360.325210883456,0.33181573739749015,2,2,9,3,Barcelona,19.858818455404975,Low
4361,48.074035697196884,115.59884613852917,571.5944013214134,0.24591352534809918,2,3,5,4,Berlin,16.381345962640054,Low
4362,36.75387749565239,115.34424120728147,532.6270243908178,0.32427912698570643,7,9,9,4,Paris,14.768954518552782,Low
4363,47.76600765511181,79.27068251933598,381.5971451146134,0.2754004993098308,6,1,1,1,Amsterdam,27.58380728963185,Low
4364,56.95480650825479,83.48299076823899,284.2359921836894,0.21464622337989106,8,1,2,1,Amsterdam,33.73290418627535,Low
4365,39.0337094138827,107.77277861836083,309.5115369008679,0.13816137368206347,9,2,3,4,Berlin,28.091726560985446,Low
4366,65.97939339132431,42.47994961844563,679.4200575636661,0.45673538293791305,5,8,5,3,Barcelona,22.361171846776422,Low
4367,39.74369066014616,71.92310643307438,408.01192780248925,0.10454934640185948,3,6,6,2,Barcelona,9.968600662062439,Low
4368,45.324070133401364,113.3892613884189,449.1637181486249,0.10066099525678847,4,4,5,4,Berlin,16.603830992588293,Low
4369,38.275144039936634,104.38001354211914,717.5510388138593,0.43071909590541846,8,7,1,1,Berlin,21.289734171035175,Low
4370,47.23270835920261,89.23159444124761,331.6774157770378,0.49872437613031606,3,6,4,3,Barcelona,16.157056269063943,Low
4371,27.577783073647247,42.35418986673449,390.9507761424415,0.3908411310854625,2,9,6,3,Paris,2.6817462329487984,Low
4372,39.53958201183279,78.75224417397095,384.68497571589603,0.1061095352251539,7,6,4,1,Berlin,17.922969955801374,Low
4373,34.07878799651433,65.25211509375167,742.7102721749059,0.19067609066740535,4,2,4,0,Paris,17.13039730562835,Low
4374,46.35338347892291,88.27597257043034,799.0075250873621,0.48872908010478455,8,3,5,3,Amsterdam,30.29330584472472,Low
4375,54.94447375508908,59.76633288012799,612.7344838103256,0.4234417008695339,1,9,8,4,Barcelona,9.21775913522206,Low
4376,51.46006187114551,54.35691512563481,617.507708623136,0.32671993752188444,8,7,5,0,Paris,24.205217936562498,Low
4377,21.283406391411077,28.378368057908958,412.9467495720903,0.1947442837761436,5,6,7,2,Paris,9.332464755184759,Low
4378,65.4206965292788,110.54511712441754,792.0992730356425,0.1057480823706996,2,5,8,4,Barcelona,17.183689782490635,Low
4379,47.95279940620868,70.00573721392357,540.1544381537993,0.10834458905496361,1,3,6,1,Barcelona,12.96928571241224,Low
4380,37.23500859507,83.92864459256336,627.966539667461,0.3447923454120907,6,4,6,0,Amsterdam,20.618426032641906,Low
4381,46.57127918990941,79.94404708814547,484.17125918435687,0.10873275054096926,9,1,2,4,Barcelona,31.558711262382516,Low
4382,46.761898225026926,53.31415167598752,459.7951119008584,0.49745205677014914,9,5,5,3,Paris,29.503090035209567,Low
4383,38.331512830484364,48.52337721379517,749.4563389394176,0.17335353339749526,9,7,1,1,Berlin,20.732989183120264,Low
4384,46.97916667342076,54.86712185006911,580.958551960746,0.38428294474771096,4,2,9,0,Barcelona,22.936579449503334,Low
4385,38.92527712379693,61.92078902926518,717.7063191605573,0.16202388856496538,6,8,7,3,Barcelona,13.297822022788734,Low
4386,40.95638007309977,89.16515617534512,538.2992257617567,0.3160373684390858,6,6,2,1,Berlin,18.44728770632079,Low
4387,38.13720864244915,60.10705841198471,372.7450195365364,0.13224451538648704,5,3,6,1,Barcelona,18.263607746599615,Low
4388,30.673287102603474,123.66226578986554,412.4985600682268,0.40671136981329725,2,2,9,0,Barcelona,14.269099828914015,Low
4389,46.45836470215384,105.67877589732878,515.4447863696915,0.3339684378899319,7,8,5,0,Berlin,19.27719378954547,Low
4390,50.85299436516338,100.20898874164271,406.024967593501,0.13446667736056603,1,4,3,0,Paris,12.600565083154674,Low
4391,50.14883596076372,77.00852743817124,333.8807887058464,0.43943447568000227,6,7,4,4,Amsterdam,20.938995545029137,Low
4392,53.19925252635234,117.85701839301208,680.2125547680537,0.3188074459106808,5,7,3,1,Amsterdam,18.64785021701251,Low
4393,48.243402100148685,74.5498592219719,418.2694893764732,0.4686369240053272,5,9,1,2,Amsterdam,15.659389870097877,Low
4394,39.67274501783096,79.21846464614384,520.7289121686981,0.46664934947124503,8,8,7,3,Paris,20.56831700006174,Low
4395,53.39663864431189,84.24936349373174,544.4200384828407,0.46820311579463303,9,8,8,0,Amsterdam,26.701022751239893,Low
4396,31.42482460158065,97.5455760135836,411.7770312019147,0.1311140800801872,7,7,2,1,Paris,14.238588181276068,Low
4397,35.993286174875195,95.92270197507463,717.6199199463109,0.14838310470180938,8,5,8,3,Barcelona,20.781816899480653,Low
4398,35.357999285767555,68.12186803888491,332.4287358193081,0.4950823238864792,2,9,9,2,Amsterdam,6.058223024595058,Low
4399,55.8005605913931,66.67515701435116,539.2437895371156,0.29504032855948237,2,7,7,3,Berlin,13.190571463012752,Low
4400,54.42788514140076,95.99757392880211,536.9176559564876,0.19528562113165907,8,3,1,2,Paris,29.78122175373682,Low
4401,49.87305237044995,97.88091459728082,491.86180957037783,0.4078657953994632,6,6,4,0,Amsterdam,22.040573665129617,Low
4402,55.71929865211797,70.16622187942818,305.46310800920264,0.2057140884849928,8,3,7,4,Berlin,30.272930480485314,Low
4403,36.20717217588012,40.320298258038655,630.6226327795196,0.390886275207457,9,6,6,2,Amsterdam,23.771014404838603,Low
4404,48.485951198609804,74.81709759979388,611.5266005501895,0.4349143111399044,9,8,8,0,Paris,24.89492847098198,Low
4405,43.74825571616836,95.58814497064647,398.66472071131756,0.4137053509181122,6,9,6,3,Paris,15.761530224031631,Low
4406,53.46882103884914,125.13542116049452,606.1230810808042,0.20961912327917417,8,2,6,3,Barcelona,31.136837544446482,Low
4407,43.847757674478025,50.05105094148345,556.2361529451164,0.26064742963169485,2,6,6,3,Paris,10.760801598660356,Low
4408,41.15057111589919,69.33571867923567,307.9081781958338,0.26530040129331056,8,3,7,4,Amsterdam,26.498175347702865,Low
4409,50.4090851856099,70.26491096186558,371.9106628142964,0.2965091672417888,3,7,5,1,Paris,13.587817228100857,Low
4410,53.76169167191233,113.89513348578754,670.7422167334369,0.16694914061605443,1,4,9,2,Berlin,13.797998907734241,Low
4411,38.31654805153198,79.12646248853419,546.4124277713075,0.280988020165737,7,5,7,1,Barcelona,20.804844617116963,Low
4412,44.38924328647624,57.31683601569336,415.3545581284061,0.3043131962061919,1,6,1,3,Barcelona,9.35990494800479,Low
4413,34.41559366358347,93.96738207304548,371.2286163241037,0.312683598632421,1,8,9,4,Paris,3.451514085399252,Low
4414,20.019389825070604,69.88403699897634,422.69093028268685,0.42796017199378333,1,2,6,0,Amsterdam,9.285418667459014,Low
4415,47.00459631413729,49.390318166051145,433.3280705183443,0.3069337993917981,4,4,8,4,Barcelona,19.170716888159166,Low
4416,51.08905356254632,57.68066731809623,373.10554510561224,0.1923135690054701,4,4,9,1,Amsterdam,19.249851758818593,Low
4417,47.620668090867255,123.35104886056547,238.73538314250465,0.36525149529767487,6,6,2,3,Amsterdam,20.938715380236925,Low
4418,25.50438282245633,89.60523054123655,671.0019929601178,0.41892565763465006,3,4,2,2,Berlin,11.8405714230834,Low
4419,41.491505699235255,82.69400138631357,645.5950508917165,0.2277486665753047,6,5,5,4,Barcelona,19.22493837552362,Low
4420,22.816522399489187,73.75265660469884,309.01168222897104,0.3581223716070421,7,5,5,1,Paris,16.92618043591718,Low
4421,58.69701107654185,87.30372105296998,520.4466943345501,0.15877519837840506,1,8,2,1,Amsterdam,9.196855306746604,Low
4422,34.139454178819136,87.00589865006236,364.664269592785,0.23677052183122563,6,4,4,0,Barcelona,18.609541471957996,Low
4423,57.55403609459896,87.30422070518316,460.7649165160197,0.4636895718198537,1,6,9,2,Barcelona,14.903106546578226,Low
4424,54.45869643684146,82.87112725694382,448.28501301895153,0.4645232652650283,7,7,4,1,Amsterdam,24.48284158370272,Low
4425,35.994096474639385,101.71995845763874,435.82486764231913,0.33012983149722547,5,8,1,2,Paris,12.09952725736407,Low
4426,33.672150487322554,80.57760865001828,800.4420626114429,0.3809405843460427,4,9,5,3,Barcelona,8.411050989657193,Low
4427,48.50370216386338,55.55152911118403,433.9511472985714,0.44160616608237657,1,8,2,4,Barcelona,8.967172309982779,Low
4428,36.55675962816929,64.68942772747829,378.7604262399613,0.48342127412505065,9,4,6,1,Paris,27.801240629701294,Low
4429,46.024846421582076,30.524532662757196,385.6127855754428,0.2959545761159078,7,4,1,3,Amsterdam,24.7669996876337,Low
4430,40.17172409193082,130.6704279010598,656.5665434602632,0.3246302946504137,2,5,7,0,Amsterdam,11.797820174083384,Low
4431,27.188415855343667,101.56886479881717,252.18465024605976,0.2662566266591321,4,3,7,2,Amsterdam,14.319091023194417,Low
4432,22.69531980875541,59.24823762176908,385.606562534672,0.1287927748225715,4,2,4,3,Amsterdam,13.09652369085234,Low
4433,47.26684248494597,72.9538787650725,717.0234260167301,0.2691213889795274,8,2,9,2,Paris,29.871266635279067,Low
4434,39.38442253669375,64.07808814483917,536.5979281996471,0.4162509357532309,2,9,3,2,Berlin,6.477836118540434,Low
4435,39.469101830858676,118.56368028435293,528.788300755417,0.4219541991966115,5,8,5,1,Paris,14.060272541223714,Low
4436,51.95863839093785,44.50307089322678,819.8219690215552,0.45695084583731993,8,6,5,2,Paris,27.157099975654553,Low
4437,56.73442276632445,82.86190147046948,536.9521929422748,0.12058668207038764,6,9,8,3,Amsterdam,16.72619365060121,Low
4438,42.27455278638191,77.28680393587881,393.7720757960626,0.3108618358322536,4,5,4,0,Barcelona,16.29098419423711,Low
4439,41.594012930901386,100.67096576772786,457.6884414685477,0.14296979517483052,5,1,1,1,Paris,22.407901831018723,Low
4440,50.001430331138835,77.39976930688263,329.6851536454147,0.18029687326629734,2,8,5,4,Amsterdam,8.803397832004626,Low
4441,31.430644303004247,36.04477808361412,688.3905560023545,0.46008660095224263,5,3,1,0,Barcelona,19.5300593004237,Low
4442,47.23153054747697,73.72205413393898,586.1842576305073,0.2987165033718784,3,9,3,3,Paris,9.656624197961877,Low
4443,50.51885971822154,55.69594455141687,668.6621224956334,0.4034179683586455,3,1,6,1,Berlin,23.689837599052918,Low
4444,51.80230208417629,81.98948866391402,681.9475892824056,0.12575364237147235,7,3,1,2,Berlin,26.298227048967608,Low
4445,25.63247297497535,115.85442591300816,437.8683828608701,0.2667306015699408,3,1,3,0,Amsterdam,14.857047908192014,Low
4446,37.38644730191059,36.51436889419305,358.2870721986665,0.36969611226573507,4,1,7,1,Barcelona,21.41289531323053,Low
4447,36.217367471765336,59.994431615002405,492.24303330379314,0.15336259251128534,7,6,2,4,Barcelona,17.398836166642457,Low
4448,45.99886954409213,66.18267615541258,369.08583938171927,0.23032715164227327,3,4,6,4,Amsterdam,16.10293237965037,Low
4449,49.80744579767984,70.45922261466971,524.7435313113536,0.1258191220095533,2,4,7,4,Amsterdam,14.200424959399484,Low
4450,59.96710407445981,98.5031416026311,669.8145321252034,0.3605359763478042,7,5,2,1,Barcelona,28.095490985815985,Low
4451,40.05034519631927,75.66138956096532,474.7790530926249,0.48835650362324745,5,3,5,0,Berlin,22.398668595128257,Low
4452,40.024275016907865,90.39506814301113,522.4992634861609,0.43081819645713193,1,2,1,2,Berlin,15.315464469643679,Low
4453,56.49672018878747,64.35567390670559,485.92315756649504,0.4898492467230263,8,8,3,0,Paris,25.8475085238665,Low
4454,47.96576938530305,85.74810863544843,620.4091358656547,0.43824191803935864,3,7,1,2,Paris,14.272149995984503,Low
4455,57.67651511187974,99.44494077194287,399.8326408567565,0.44207832247879153,7,4,3,0,Barcelona,29.723737758351835,Low
4456,47.88728003009836,61.692511256572786,200.0,0.33087087814853705,6,2,4,0,Berlin,26.674892790514882,Low
4457,33.42883381286729,99.53395299516286,570.6303289063071,0.307300924565284,6,9,5,1,Paris,11.601659389513028,Low
4458,31.668716452221936,81.30931921818922,648.175163196199,0.26250170657113103,8,8,4,4,Berlin,16.125632001377895,Low
4459,29.48487750941071,106.13650601205632,566.9561367137803,0.42723795801835196,4,4,4,4,Berlin,15.117842833006732,Low
4460,51.620518347584735,74.96450249807566,403.96542567979793,0.17282704491120984,4,5,9,4,Barcelona,17.71442595338752,Low
4461,56.88596823087008,89.53111637905246,329.74818527208964,0.12248996632967729,3,6,9,4,Berlin,15.290690132557794,Low
4462,63.493621413863806,78.98484420803675,574.1746297670483,0.47915752907387,1,4,9,0,Barcelona,19.83966171489784,Low
4463,53.431053323232405,77.59469344898552,521.2218429402011,0.10151127408139082,3,2,5,4,Paris,20.04442873778363,Low
4464,56.628385775349855,86.47326070564225,481.13110585125054,0.49073172875034077,1,5,5,0,Amsterdam,16.395833020108363,Low
4465,39.19983667346315,93.42018673062259,773.3695014490686,0.39154134794950635,6,1,2,2,Berlin,26.17536448153401,Low
4466,33.43584183256144,48.76087720189987,357.9799858728003,0.23139956787913107,8,7,6,3,Amsterdam,17.84474822855974,Low
4467,53.50079332417553,115.84084022044695,766.2555531691198,0.3791279372345241,3,9,2,3,Amsterdam,12.341517369597899,Low
4468,49.17680752239401,33.50842398625504,504.767585730596,0.427150062874051,4,3,5,2,Barcelona,22.524542885458715,Low
4469,46.07444374340893,62.879697256527606,224.66442846936877,0.19814482239457437,5,6,5,0,Berlin,16.803781346968425,Low
4470,48.8737148063299,77.64327323087748,473.1196018521289,0.40835827331183283,7,9,4,4,Berlin,19.2456971750173,Low
4471,48.23185482458206,90.3088992271487,643.9244114899161,0.42174785000329607,6,4,5,1,Paris,24.687034947407575,Low
4472,57.83816859853562,119.40431319353446,445.2417450792544,0.19974185205013817,2,6,7,0,Amsterdam,14.348869100062066,Low
4473,57.94985584816956,33.542712794372314,278.78321881424074,0.11677054175119342,7,3,2,0,Amsterdam,28.0526621719628,Low
4474,50.44220352340347,67.30764679025724,475.3228202305745,0.18164891382323908,8,9,1,2,Barcelona,19.44915019525343,Low
4475,53.45802872562928,26.829162805018363,371.42414391624413,0.18025856355575778,1,7,4,2,Berlin,9.33999425324636,Low
4476,50.14062552424776,80.7905493477562,573.7721601631944,0.1260961816701933,6,7,7,1,Berlin,17.80314947397626,Low
4477,40.38830267965381,86.79208961250076,616.0099724101417,0.39040295386207835,9,4,1,4,Amsterdam,28.020520342516924,Low
4478,52.5656467491314,119.76989355428131,341.55943883778406,0.2519899697833633,7,6,4,3,Paris,23.289593722573056,Low
4479,31.055049311407384,83.01586902233635,394.12939173265255,0.4537544669815433,5,8,6,4,Amsterdam,11.854059463237647,Low
4480,55.53891552295883,106.10062823605949,613.4963697660406,0.2008684422660744,9,6,6,4,Berlin,27.67035907954839,Low
4481,33.05477060233965,94.59592703847647,371.17335825515613,0.28129286603997095,2,6,1,0,Barcelona,7.729359841101605,Low
4482,47.85803286794733,69.11879507487079,337.67627962580076,0.3556069715707052,7,4,7,1,Barcelona,25.913479576091248,Low
4483,36.54846041573841,44.775981330199016,323.1963302305618,0.45098597986871125,9,8,5,0,Barcelona,21.474397923408635,Low
4484,50.533889830744265,86.87505745729527,552.8057919437181,0.30984844064774997,2,8,6,2,Berlin,10.258651355700778,Low
4485,44.660747740720915,42.6974495713659,546.3736579276197,0.24940985112495315,6,9,1,3,Berlin,14.392322833465803,Low
4486,29.052440418366675,112.3801768167411,397.39309544314375,0.4468060313888036,9,6,7,1,Barcelona,22.183792439398037,Low
4487,49.20699631018479,75.9484474490794,500.7628094192351,0.22409856987504423,3,2,4,1,Berlin,20.00308459180588,Low
4488,39.220792231672895,109.87943528778541,729.0698576232696,0.13176947985303059,8,4,3,4,Paris,23.083932468032174,Low
4489,53.81146720813369,67.99463914669002,353.89097646226674,0.278016843004096,5,4,4,0,Barcelona,22.923608592481067,Low
4490,45.01325688734407,86.7212696600248,207.2386086484326,0.4140373225991968,7,8,9,4,Paris,19.64435029219519,Low
4491,48.95420985388038,85.23372143336722,568.2613363580556,0.11231233270140924,3,5,5,4,Paris,14.309386283178206,Low
4492,35.42431044984788,78.8738970497269,483.43982541476174,0.33435289799583684,8,4,5,1,Berlin,23.970822114912732,Low
4493,39.10667768572638,69.1835121650852,393.4962369777348,0.33778561941089447,2,8,8,3,Berlin,7.109859499826858,Low
4494,40.413613638989155,89.811400461763,597.8120356032362,0.4714167053709527,8,3,7,2,Barcelona,28.33825114540627,Low
4495,53.56702480242556,56.845918412919794,625.8837717003184,0.21458592685800873,2,2,3,4,Berlin,19.215966709307754,Low
4496,61.77377087805489,49.76411677602353,200.0,0.21153464528427848,7,4,1,3,Paris,28.647477716259253,Low
4497,36.94828248257124,111.07067233317069,402.11031360027675,0.27619346053587124,2,1,2,4,Berlin,16.346419350130084,Low
4498,55.7684814465768,98.17919972230251,847.6274346795283,0.24276596058860608,7,1,3,3,Barcelona,31.6582040398591,Low
4499,23.30322582274298,81.647290215056,587.5107373697286,0.3945383450757307,1,5,1,0,Amsterdam,5.4363511975801995,Low
4500,33.058105989077106,121.62855956359454,601.4155457445725,0.35670083085261983,6,1,1,2,Amsterdam,23.984440105249327,Low
4501,35.41221543813225,73.30586203187887,675.9341417947218,0.4035684151625065,7,4,8,1,Berlin,22.65934878306474,Low
4502,31.474913105592776,113.06758049972449,502.56032377995894,0.4280167164794757,4,8,8,0,Amsterdam,9.72264109647259,Low
4503,29.1641161021242,84.38935212314554,619.502624013743,0.4691924530936591,1,8,2,4,Paris,3.4411593615738507,Low
4504,49.129989121377974,54.381231248090245,607.7093065755804,0.27237469271385906,6,2,8,4,Amsterdam,26.462743663551983,Low
4505,42.859323022721384,126.20100479427124,580.8562245129139,0.49387895578861984,4,3,2,2,Amsterdam,21.296586464702614,Low
4506,48.794053976051096,104.76777116560213,451.6982044073893,0.1862643253614611,3,3,5,2,Paris,18.00085944642994,Low
4507,51.90472686121513,76.9744742247609,525.8088383549389,0.3857460647789315,4,1,1,2,Barcelona,25.928878706153853,Low
4508,47.65616993172534,98.17928148834872,411.7457653539833,0.31360372692287575,6,3,9,4,Amsterdam,24.93288824874636,Low
4509,51.57763176150374,69.90741415005233,501.9221456849742,0.42676023787395334,5,8,4,4,Amsterdam,17.74089190719065,Low
4510,44.30467713757731,100.72872587648855,324.72636618510995,0.2907082082425704,2,6,2,1,Amsterdam,11.198485223698896,Low
4511,33.13006611694256,20.22303586790101,381.4064013090571,0.41357545414497254,2,5,1,2,Barcelona,10.574774376532492,Low
4512,55.57814180820796,54.50496665763516,457.65319371126054,0.4720674858590712,3,9,6,3,Berlin,13.894117401053098,Low
4513,39.10887867218873,104.48149360717407,358.4441852854886,0.39291770645603497,6,7,8,1,Berlin,17.161840666216968,Low
4514,35.64403701237574,73.75861154452701,424.24740938822356,0.4104377144873298,1,6,4,3,Barcelona,7.7975882485860195,Low
4515,43.22082124195602,85.18855737221855,475.41110348667263,0.12687017250634247,7,5,1,0,Paris,20.73494809765023,Low
4516,35.87189080703487,46.330358447114136,560.3393516996566,0.18198306489291227,8,5,1,2,Berlin,21.081397891039583,Low
4517,40.82569618010568,126.19667489255258,642.3885952779364,0.48972149620143746,7,9,6,1,Barcelona,17.644923816046077,Low
4518,48.440539215634665,109.76324109294191,430.4323442932838,0.37727480151495774,3,6,2,1,Barcelona,15.304909779839978,Low
4519,48.48341739246127,74.98286954061676,700.2656925902936,0.32457960692440185,6,4,5,0,Paris,23.7908212869824,Low
4520,36.021699335743705,69.88260357841685,640.791661793824,0.24679054935858002,4,4,2,0,Barcelona,15.274415294308913,Low
4521,40.12294627051256,105.74010903549232,575.6140747915913,0.11775560048276718,5,4,9,0,Berlin,17.214439885981438,Low
4522,55.743330047702436,129.5617612542232,523.0473693944929,0.247654363185654,3,6,2,1,Berlin,16.19954264616727,Low
4523,49.96400117733941,103.84400639528384,547.8681262802812,0.29956514931583034,5,1,5,4,Barcelona,26.484851846360126,Low
4524,65.75065039348542,134.29506668491504,678.0576725999573,0.1845838037547547,6,9,4,3,Barcelona,20.07103315559317,Low
4525,56.80128173741528,56.941216773452055,683.5369489638911,0.169254716509533,8,2,1,3,Paris,31.732931686319912,Low
4526,56.44293068559939,59.51532923753023,700.2420092575464,0.3033666205430068,6,2,9,0,Paris,28.966545411109884,Low
4527,31.12131449544198,50.27647204866628,506.19902478155046,0.3343616942510176,9,5,3,4,Amsterdam,23.18001129114277,Low
4528,52.63860351633423,91.04401624123699,583.2450747497919,0.19596716754180996,4,4,8,4,Barcelona,19.75125273031837,Low
4529,44.46893198303089,84.39008874510925,701.5319759933077,0.3349557897824852,2,3,4,0,Amsterdam,16.19023749273412,Low
4530,39.490181964617506,76.20122191320036,406.4425947625411,0.460135985549718,9,5,9,2,Amsterdam,26.94841444488243,Low
4531,46.680153405325285,100.23146570308246,452.23747194225444,0.2892693032085415,3,7,5,1,Amsterdam,12.396739053683,Low
4532,54.45211534611484,110.8082151303666,502.40549945202173,0.4429560678348726,7,2,2,2,Amsterdam,31.765195282183175,Low
4533,50.008315910042114,41.85843976782895,634.939810696911,0.4709085778133274,4,6,8,4,Berlin,18.71158055114591,Low
4534,36.2152619865794,65.07569930247212,637.2758226077934,0.1369576115748343,1,4,4,0,Paris,8.234154711722162,Low
4535,52.424589135926205,100.5035898530765,465.3703833203097,0.13832463186271882,8,2,2,1,Barcelona,30.110623059405047,Low
4536,38.62412457924036,68.30653290353546,273.7085818430435,0.2904176731550406,4,1,6,3,Paris,20.991414105322512,Low
4537,47.16683118964286,60.04484809104615,536.9275916443951,0.33524097772708106,6,8,1,4,Paris,17.50245913416367,Low
4538,41.96649932522866,105.46343569125986,362.2525794007398,0.2703533857860117,7,5,8,1,Paris,21.793483655428716,Low
4539,42.811337482643744,47.7624982569005,276.5095693039666,0.23058030816700123,8,2,9,1,Paris,28.149204326463135,Low
4540,52.662429750405096,72.46050480522237,310.4192658899425,0.35639764645046235,2,8,7,2,Paris,11.362705389626154,Low
4541,34.598062801841024,88.2161006451202,548.957151176834,0.10083260493996811,9,3,9,3,Paris,24.887744889951986,Low
4542,64.45195074276933,65.65450215224703,704.155604139921,0.48722931234549705,3,7,2,2,Berlin,19.707878346285767,Low
4543,26.789139307055038,99.57889140032937,505.8341774354366,0.19283163527520886,1,2,1,2,Paris,8.9650581448686,Low
4544,39.02332316745143,65.77807562006578,531.7070981968947,0.4668395074332029,2,7,7,2,Barcelona,9.875392024567457,Low
4545,48.70211889941741,115.21548733614799,677.4342408316888,0.1436058978138024,8,4,4,2,Barcelona,26.046694647963246,Low
4546,50.8431416643531,76.85634256260569,268.3317636374669,0.19523487281782903,6,1,8,4,Amsterdam,27.70529122748422,Low
4547,43.99524279428295,96.78175341763384,578.0264632400407,0.19394948043500015,1,5,3,3,Amsterdam,9.638067642634887,Low
4548,44.42609296998457,98.65059882457041,498.2615323521768,0.49846116168025845,9,4,7,2,Paris,30.312439507797958,Low
4549,49.10550085327617,64.31149993139817,584.9086188248101,0.10184021829035378,7,8,7,4,Amsterdam,17.750052438886385,Low
4550,42.6893052254232,28.662836283602786,427.47741373942756,0.3558552837213983,3,1,9,4,Amsterdam,20.865344404840943,Low
4551,58.93181257934906,89.01889386659587,377.30940643602764,0.4478746324243411,7,2,4,1,Paris,33.15829009804813,Low
4552,53.39349114231602,81.80720867812174,521.0763356428408,0.3689094616098947,6,5,1,1,Amsterdam,24.207141958793756,Low
4553,53.728243510056345,93.89565068937819,747.3786985001693,0.2450935272867777,3,2,7,0,Barcelona,21.56940832588468,Low
4554,35.33843276629583,74.33681319042905,629.1365156812194,0.4833237450811739,8,1,6,4,Paris,29.934767280700488,Low
4555,44.206115755942974,69.2393075299821,423.84608447298626,0.4574083018356164,1,6,1,0,Barcelona,10.835917745139056,Low
4556,41.995340512792964,130.2118252745425,298.85419460280804,0.2735819680998071,5,4,9,4,Barcelona,19.334421834835958,Low
4557,34.94398624310534,43.19114846223056,247.68990744533218,0.3293313970444654,8,5,8,2,Berlin,22.276509843376257,Low
4558,48.60164183945767,98.34876195910596,697.4149177775722,0.4870076751220963,3,3,4,2,Berlin,20.950569303058266,Low
4559,39.62354242220184,65.63495354541523,356.73765677962587,0.4930241447705881,6,6,5,0,Amsterdam,19.817304174366434,Low
4560,51.55403829850237,71.60553455648945,451.1729880507595,0.27992931028718093,2,4,8,2,Barcelona,16.265504592422516,Low
4561,34.29808437105668,72.07242918565086,698.1816689116365,0.4389400112572355,9,6,2,2,Amsterdam,23.678825423889357,Low
4562,62.19040612841821,59.91414314571857,257.91478167815126,0.22079209078157455,2,5,6,1,Paris,17.365042746341206,Low
4563,36.03667341407938,94.28060525590598,723.8396764212588,0.24872514917226587,5,2,2,2,Barcelona,20.298253515946474,Low
4564,47.19302337200436,114.76608989874893,461.9539319161247,0.16592875319609052,3,4,8,1,Amsterdam,15.817194543562215,Low
4565,52.918593103880674,91.75034153116654,327.7125027141892,0.18367383711069213,9,2,5,3,Barcelona,32.71231630227112,Low
4566,39.293595697998875,82.58454990530238,462.89736092766304,0.36274932090374357,9,5,3,4,Amsterdam,25.9155719184371,Low
4567,53.52468643432951,55.338987522518835,391.61048278977836,0.30431264720283235,7,3,2,1,Paris,28.600532402327175,Low
4568,32.70816402199584,92.92063164561127,566.1229698358574,0.19245274425024117,5,6,4,1,Berlin,12.73697664910116,Low
4569,59.521176991825605,133.90874079323248,402.78013491683333,0.26116384654466107,9,5,8,1,Barcelona,30.967991562994293,Low
4570,45.141492649657586,70.4826344051227,213.25366836214357,0.24927338394547272,7,2,1,4,Amsterdam,27.035181634352007,Low
4571,39.0358859203112,70.60041051620334,466.9156198386516,0.49494408181413374,2,8,3,4,Berlin,8.660206594234698,Low
4572,42.00818227572566,65.97277172547507,296.51824215701913,0.44142633488455174,1,6,1,4,Paris,10.016718031563215,Low
4573,53.089192693927195,67.7646441376395,530.647982598248,0.2551865333535297,4,9,2,2,Berlin,12.978623141713456,Low
4574,39.155447081495616,20.0,321.93045015750135,0.46556663155841327,8,3,7,1,Paris,27.902300440032818,Low
4575,37.50642310577223,90.12588464639282,426.79807952418713,0.23705415665126847,6,4,1,4,Amsterdam,19.622468498244352,Low
4576,42.78463402416262,58.86119559113466,527.3881706321504,0.36716060509394377,2,8,9,3,Paris,8.506996258188224,Low
4577,33.23037887230032,39.743422030205,468.13119124485956,0.48665999867284504,5,7,8,4,Berlin,14.335713648418546,Low
4578,63.205439079418156,98.82974874331373,537.5645424501568,0.25611154559542093,9,8,1,0,Amsterdam,27.522747179779657,Low
4579,39.336054087852766,52.9495553739516,602.0430748576636,0.3719539860419735,6,9,1,0,Amsterdam,14.020356086775562,Low
4580,53.31616786180403,71.53327365290606,326.3099450403041,0.2183695244250533,6,8,2,1,Barcelona,18.17854560279174,Low
4581,47.09470083647773,116.66105977971449,490.3403689062938,0.20652492623918986,7,8,2,1,Amsterdam,18.193659513335216,Low
4582,35.15465949518032,44.76960504938717,200.0,0.3296626665726208,5,6,6,1,Amsterdam,14.843024514280302,Low
4583,44.940452907872704,41.685044135055946,537.0999952523786,0.49170583921328725,3,2,1,2,Amsterdam,21.39919426449468,Low
4584,52.84002779310748,86.73265473905846,454.8778804437737,0.28125353948806797,3,7,4,0,Barcelona,14.164543732812923,Low
4585,43.11738664913693,108.73718410025921,352.48253547830427,0.47505478812663227,5,4,7,0,Paris,21.6857638760074,Low
4586,56.93112945851028,40.64145705670093,547.3579133444786,0.46574540809790466,4,3,9,1,Berlin,25.236792918532128,Low
4587,55.21515392781864,90.19224342092943,675.9046365777601,0.20150504493799792,5,4,3,0,Amsterdam,22.57959662772557,Low
4588,54.1891485465833,94.52498849904231,428.5973378601585,0.260727762833731,9,4,4,0,Berlin,30.8640221923123,Low
4589,40.40343227727003,28.52098790769199,358.277826463742,0.35732099139767326,5,3,5,2,Berlin,21.19423959715774,Low
4590,34.20157552218513,99.9625334476805,524.7537893658067,0.30721835376455664,4,9,5,3,Amsterdam,7.832656194301103,Low
4591,38.864123946372054,101.91514699605449,299.6590000030459,0.13838341194526974,4,3,2,1,Berlin,16.54307130336431,Low
4592,46.962409406667206,72.20536066859938,400.9427944196691,0.4974792120508633,1,2,5,3,Paris,18.063514942508796,Low
4593,50.45786713532355,111.3086590574502,683.3603242475754,0.401061600484512,4,1,1,3,Berlin,25.647976145442186,Low
4594,23.284285952395525,108.41138935812113,509.32688447184313,0.2750776152898847,4,1,7,2,Berlin,16.236061938617503,Low
4595,44.9188679838825,82.57794814293013,218.07995540807508,0.34726741986651655,9,5,5,0,Barcelona,27.44833459382992,Low
4596,46.580892253231845,68.71386524187666,230.45125290808983,0.13502912690649205,4,5,6,1,Paris,15.824558945034473,Low
4597,42.224557436844485,55.67930268542607,524.3128538970163,0.29812066147584404,7,9,9,4,Berlin,16.14857384581179,Low
4598,57.91273839015879,79.06091226584522,629.3585863876531,0.4723329663269952,1,4,3,3,Amsterdam,18.09715118031759,Low
4599,49.21780074250871,94.24397299260448,257.35678120607747,0.4586403832219913,7,5,1,3,Berlin,25.851744054972528,Low
4600,58.10191908080897,71.89557847398397,567.4568911244762,0.23495233819325825,2,6,8,2,Amsterdam,14.780099106175273,Low
4601,42.84039479649768,25.062474868449257,699.5515261234578,0.3125471455285356,8,7,2,3,Paris,21.47758989423466,Low
4602,54.37477492506925,111.71784736441425,783.1788481937958,0.37895340963505875,1,9,2,3,Paris,8.60196657387136,Low
4603,61.350663945275194,84.75558054612235,549.6834139789814,0.23600370676316215,3,6,4,3,Barcelona,17.765236251214176,Low
4604,58.116934492726614,70.50938758307916,576.0203891828711,0.1259516872375754,8,1,5,2,Amsterdam,33.19459722019374,Low
4605,34.07858406571267,101.4289597105822,200.0,0.3021766626871219,8,8,1,0,Amsterdam,17.24534184658502,Low
4606,42.46323922457619,118.1159649120689,814.9628821993983,0.3406542943293346,5,2,3,3,Paris,23.145514710666205,Low
4607,41.54835294550204,20.0,413.6764680355818,0.1023366400486041,5,9,8,1,Amsterdam,9.98787228413665,Low
4608,49.89254535076328,90.85659124805179,359.97932623624376,0.13823014941541226,8,7,6,3,Amsterdam,21.850065099383105,Low
4609,51.86353555014533,44.33376972974132,461.7190798340563,0.18291625743766093,5,7,3,3,Berlin,16.888223239420206,Low
4610,36.61107325974264,92.47776266997353,726.7510121278146,0.23922091479637367,9,5,7,1,Barcelona,23.87553112588653,Low
4611,45.67838513916938,83.19818005936447,831.2069071315323,0.3164204891322322,1,8,6,2,Berlin,6.867720433073135,Low
4612,24.800726678438636,95.89316316101375,518.8113019213766,0.21753716750386612,5,1,5,4,Paris,18.115589678570252,Low
4613,59.419450058018896,67.51880963763362,649.7126258905482,0.2104735257626015,3,3,8,1,Amsterdam,21.430570275031684,Low
4614,39.87625759323306,33.168997204521204,506.4806073028256,0.4477397375252328,3,9,8,4,Amsterdam,8.940274653222243,Low
4615,45.55863939844497,68.7407952185833,344.3306790472724,0.1580202563205705,2,1,3,0,Paris,17.747794382739198,Low
4616,41.90350286011939,90.17119087849457,721.5115506182436,0.29818405326894415,3,8,8,0,Amsterdam,9.552891390725259,Low
4617,56.46027575013415,105.38480821688059,406.68087794654167,0.48112988677445445,7,6,9,3,Paris,26.74938159278479,Low
4618,20.0,50.70421748818687,730.3296160057823,0.35000529964641836,8,5,3,3,Barcelona,18.000052996464184,Low
4619,44.83389657674091,105.67651067182544,694.7811994653625,0.3868821919577754,8,6,8,2,Amsterdam,24.318990892600027,Low
4620,43.94181242502302,63.80319275883697,592.1054395935812,0.27249479655624287,8,5,8,4,Berlin,24.407491693069336,Low
4621,40.46363612408317,89.06124703986316,774.346213438153,0.10797286684788783,1,9,7,0,Berlin,1.7188195057038302,Low
4622,62.262265456356324,67.25265117835917,834.8519049778607,0.35845214734688213,7,2,8,0,Barcelona,33.26320111037571,Low
4623,36.12670541144229,84.55426569280255,473.7134955553533,0.35276971257124967,2,6,1,3,Paris,9.365708749145183,Low
4624,52.71796177235661,102.29694086425687,378.68088223753534,0.14417105458533325,4,4,3,3,Amsterdam,19.257099077560316,Low
4625,48.56252788706084,49.324648067786605,220.35952441152915,0.28486388544985264,5,3,6,2,Amsterdam,22.917397220616778,Low
4626,57.615192525355155,63.00235258132921,836.7023383145383,0.46613157786626014,1,5,7,3,Berlin,16.445873536269147,Low
4627,38.32810915222495,84.62406468355216,434.04769866223256,0.18203393278879007,4,2,7,3,Paris,18.318772073555387,Low
4628,37.67031100876241,140.0395915257588,670.2555285652609,0.28443950185364414,4,3,6,2,Paris,17.645488321165164,Low
4629,55.960699074773984,58.42025719582929,388.8116948735775,0.28444127408020814,9,7,4,3,Amsterdam,27.13262246323428,Low
4630,49.253213083301105,131.00334714992297,730.7398461368052,0.4243045872590554,9,1,5,3,Amsterdam,35.519009797580885,Low
4631,29.550626533232414,130.11058259187928,394.982361227688,0.4298303481317779,1,2,9,3,Berlin,12.163491441287503,Low
4632,39.6069498553673,77.56722123246023,321.24212995739856,0.4037077678653568,8,3,1,4,Paris,27.419162635263756,Low
4633,48.86382653848061,72.5461868450025,468.72403535693746,0.2461816636753095,4,7,2,0,Amsterdam,14.620964598297277,Low
4634,53.37764221546589,62.6983700333827,420.2336448557544,0.12881477000740804,4,4,5,1,Amsterdam,19.301440364713848,Low
4635,38.207693468070445,78.29493674168327,589.4449678191819,0.23979319088960566,5,8,5,0,Berlin,11.860239949317192,Low
4636,20.0,44.83201418601105,492.29076092112143,0.3719164805085359,2,8,7,4,Berlin,1.7191648050853585,Low
4637,50.23223185737033,78.09402456698506,594.1553591827882,0.3810986297956306,1,1,8,1,Amsterdam,19.380655855167404,Low
4638,32.796793100560244,117.42200684627142,456.3467790372059,0.4860000837906876,5,5,6,0,Barcelona,17.19903876807495,Low
4639,24.826612018775887,64.72287343808206,400.2338943471792,0.2814564925774834,7,1,6,2,Berlin,22.7625485314076,Low
4640,20.0,73.98189240027374,412.46591781558897,0.3529742331761162,9,7,5,4,Amsterdam,17.029742331761163,Low
4641,53.139808601977414,37.47148814331896,806.740819704654,0.3156763482890127,2,4,5,2,Barcelona,17.098706063483352,Low
4642,46.28617450404967,89.35155220327609,533.7756398340404,0.16024742404529496,8,8,8,2,Amsterdam,19.48832659166785,Low
4643,42.74343619287748,86.61204212378435,202.43566858204332,0.28448098885285444,7,8,5,0,Paris,17.66784074639179,Low
4644,58.89024362962762,81.59255899414427,421.96864798188784,0.3179340618755977,2,9,6,1,Barcelona,11.34641370764426,Low
4645,51.37324683023073,74.57932374444641,514.5299048713813,0.4802998424169035,5,6,3,3,Paris,21.214972473238248,Low
4646,61.16300042721917,72.68105203068863,776.8099521875567,0.24661562176358243,7,7,5,3,Amsterdam,24.315056345801576,Low
4647,31.072645278330036,92.5475058425168,654.3048073834849,0.4920396412431911,3,7,9,4,Barcelona,9.742189995930921,Low
4648,44.65449376046036,79.27958496028442,361.74232452771275,0.3169200296096338,2,5,3,2,Paris,13.065548424234446,Low
4649,28.832866250519857,87.8742967888833,862.7533630358677,0.196987697321223,6,7,8,4,Berlin,12.119736848368184,Low
4650,42.70617668144533,85.3745704363637,495.32594527977835,0.17666575480632313,6,9,7,0,Barcelona,13.078510552496828,Low
4651,42.513841462333225,108.08568217739405,686.9494716612417,0.15667796690409272,4,4,4,2,Berlin,16.320932107740894,Low
4652,51.26613637263071,96.92485243437636,326.7487253900146,0.2811731482293812,1,2,5,3,Berlin,17.191572394083025,Low
4653,45.455638811418986,84.82154607875476,200.0,0.1087705719155693,5,8,8,0,Paris,12.724397362581389,Low
4654,51.23407138279916,117.9605507663045,288.73527644474586,0.27801811332594617,1,7,7,0,Amsterdam,9.650402548099208,Low
4655,52.03440133138894,90.50671322641404,200.0,0.49536187686237854,8,6,2,4,Paris,27.56393916804047,Low
4656,66.54928677383143,112.62406721976046,816.8133990879362,0.36804271828890667,2,7,8,4,Amsterdam,17.145213215038492,Low
4657,41.847033447138756,95.17356520966595,532.1799378329624,0.4039144484801619,9,3,8,1,Paris,30.093254518943244,Low
4658,35.58977299333621,33.95202302671143,361.3033972327953,0.14760215628730503,9,6,9,3,Paris,21.152953460873913,Low
4659,47.46083615316409,112.62086908298323,567.8936044970181,0.2892403445960363,3,7,2,3,Barcelona,12.630654291909588,Low
4660,36.97719972860457,83.37940603356672,528.4001054270249,0.21448924041028558,6,7,4,4,Amsterdam,14.738052322684226,Low
4661,59.81960768436536,78.70113072748055,593.1400093420987,0.4576390111956118,9,5,2,3,Berlin,33.022272417265725,Low
4662,42.167819610547674,87.03370868723943,681.4297101704403,0.172516988805565,7,3,4,3,Amsterdam,23.875515771219952,Low
4663,39.3442363212601,71.37542095107331,456.51182704624773,0.2834933308546968,4,2,3,0,Amsterdam,19.638204204925,Low
4664,40.28684278848882,85.67572150972363,368.02410408485196,0.3352190873382551,3,7,7,2,Paris,10.938243709929196,Low
4665,52.18417423471641,65.20309834142269,624.1662821557877,0.305616436631413,2,4,5,2,Berlin,16.711416636729048,Low
4666,43.422530167685146,111.85680646835925,620.3499166826699,0.4320974111881629,1,2,7,1,Barcelona,16.347733162187172,Low
4667,38.58333179869618,77.16029715947374,515.1103712182017,0.19258126852785618,1,8,2,2,Paris,3.500812224887415,Low
4668,61.65351917623531,70.43540393193916,826.6331283021159,0.2509564441694765,4,2,4,3,Barcelona,26.005620194565356,Low
4669,36.4383015933825,56.87685460701815,434.32668157075216,0.4168337186295811,4,6,6,0,Barcelona,14.099827664310563,Low
4670,45.35566074032994,86.71939472871604,365.0213042547098,0.31122856469472193,9,4,5,2,Amsterdam,28.7189838690462,Low
4671,51.5230615161023,84.6776775031273,562.7137141259902,0.2608469542591829,1,9,2,3,Berlin,6.565387997422521,Low
4672,28.68664889582927,89.71061534193765,398.75932146297527,0.1117770058979326,4,5,7,3,Amsterdam,10.223764727728105,Low
4673,49.80260501405925,54.31870281237178,574.3274786217344,0.4013541696062438,3,4,2,4,Berlin,18.954323200280214,Low
4674,34.4489232451955,39.970470029710675,375.048761624084,0.4888728311867041,9,8,9,4,Barcelona,21.22340528542569,Low
4675,53.227827808340024,95.639782562664,439.96365756021714,0.34811480379540405,5,3,7,2,Amsterdam,24.949496380456043,Low
4676,35.37348988081024,117.11604654691268,783.6260630058748,0.4426164882755178,9,9,3,4,Barcelona,19.538211846998248,Low
4677,51.92769031848861,54.341159440252596,439.16189648784814,0.30675029727797043,6,8,6,3,Paris,18.645810068326284,Low
4678,56.05833066294713,119.73603208904245,380.17226839740556,0.19267238616934584,9,8,5,3,Berlin,24.744223060577593,Low
4679,53.61436525632805,87.09777646840952,675.601818305975,0.1057768416940582,1,5,9,4,Barcelona,11.642077993838996,Low
4680,47.513166482381024,79.82342738622926,342.34370745699596,0.3613593070359957,4,1,3,0,Barcelona,24.367543015074265,Low
4681,42.686990570703,70.06128258635555,396.0585154779398,0.29724353929929787,4,9,2,4,Berlin,10.278532564203879,Low
4682,39.23580423665156,45.387049514375086,586.4841680763492,0.4128392588350406,6,2,2,0,Barcelona,24.89913385934587,Low
4683,59.71034690817104,104.693212898115,640.7617135809937,0.37787296697412187,1,1,4,4,Paris,22.19183374219253,Low
4684,38.00504779832357,60.60984096405993,683.0714586621611,0.49518094728262596,5,6,1,3,Barcelona,17.353323812323328,Low
4685,34.62933926430004,60.50483310655999,387.9167251669273,0.3041250333648159,3,1,9,3,Barcelona,17.93005211293817,Low
4686,51.6536893503283,104.79815774717386,589.401300947918,0.2708699158692037,1,7,3,4,Berlin,9.704805963790527,Low
4687,37.03863196813505,32.92541383320683,430.08377006837304,0.214695875775718,6,7,5,1,Berlin,14.758548348197696,Low
4688,35.499365025338726,41.91005473329583,409.15165497340513,0.2907445167165098,3,1,2,0,Paris,18.057254674766714,Low
4689,30.56395737830235,79.54664391229795,680.4819173438428,0.44914859124916884,4,5,8,1,Barcelona,14.160673125982393,Low
4690,40.170901605394825,87.3321107251213,417.56684062106206,0.11697589031669652,9,3,3,3,Amsterdam,26.72102938478541,Low
4691,44.17284976103507,92.11836619922309,541.7306894031469,0.49116001891447547,2,2,5,0,Paris,19.16345511745528,Low
4692,47.43091727660699,72.45503766509368,523.3369203845958,0.4973228777231192,1,5,7,4,Amsterdam,13.702503960213289,Low
4693,54.51306244299484,143.25924171604223,339.38684354922464,0.33912855143516074,6,5,2,0,Barcelona,24.245204247250058,Low
4694,50.268979236657934,74.30268603085415,644.9139283034481,0.23261768147816056,1,2,3,0,Barcelona,16.406870585778982,Low
4695,43.091277804468206,74.23034619743194,584.042134051843,0.18921958732880953,1,6,8,2,Berlin,7.819579214628556,Low
4696,43.0180432362028,60.075333279653066,202.0564082194369,0.2105961582739515,7,7,8,0,Paris,18.51137455360035,Low
4697,50.10157468915183,83.09767041302678,541.6131666856015,0.12004217060198874,2,1,3,3,Amsterdam,18.730894112765437,Low
4698,57.725701629285695,95.37403080116937,384.05398487500685,0.29004438339334354,4,3,7,1,Barcelona,23.718154322719144,Low
4699,46.263141994832004,110.08945136333651,664.5612959618942,0.12292970834576233,4,4,2,1,Barcelona,17.108239681907225,Low
4700,40.30869145789591,42.76789338899455,283.1900244828863,0.38738968591037015,2,2,9,4,Berlin,16.966504296472475,Low
4701,35.07133998914455,73.85011654110748,446.5284547055684,0.24877178221314164,6,5,8,2,Berlin,17.50911981887478,Low
4702,30.547947355877746,91.1675902702286,554.3036826482698,0.1797458926988653,2,4,9,1,Berlin,8.961843133751977,Low
4703,51.662696720435235,94.67643836486339,508.1510441212813,0.31794142313441537,8,2,9,1,Paris,31.678223247474726,Low
4704,50.77978523639557,80.16371644511348,614.4437385070958,0.48950372289720556,4,1,7,0,Paris,26.628972799890725,Low
4705,50.773635251066615,93.56059923830254,272.23670209860666,0.37805241960736735,1,8,4,3,Barcelona,9.012614771393658,Low
4706,43.71340553647944,59.77590267685499,747.7871505301067,0.2966987400416641,7,2,5,3,Amsterdam,27.081009061360476,Low
4707,59.069347458917505,118.94763580795892,578.7716988182407,0.41076571970180253,6,4,7,4,Paris,27.828461434693274,Low
4708,40.15881505415182,104.81570257448574,703.9577319501344,0.3949905887595955,6,5,5,3,Berlin,20.4975504038415,Low
4709,54.55269237207206,46.37680532337069,631.1360253849863,0.4566941844231175,3,2,8,1,Berlin,23.93274955585279,Low
4710,44.61257105010457,53.12242379708111,498.2584828317435,0.181867579037579,7,9,5,0,Paris,15.702447105407161,Low
4711,38.91649235320662,53.826956247327345,307.37026836332586,0.44355103050349276,6,2,5,3,Barcelona,25.11045801099691,Low
4712,50.925303073177616,96.94924927241321,415.46702281269484,0.22041043481667955,9,6,5,2,Barcelona,26.481695270120078,Low
4713,49.096361186839935,47.88180583956332,738.4344999293866,0.47639957113003883,3,7,4,2,Barcelona,14.99290406735237,Low
4714,48.56972759266926,71.72439164479799,707.8156672484573,0.2124260595786941,3,6,7,2,Barcelona,13.69517887358772,Low
4715,45.81278422056199,91.36760991041936,407.0600029844465,0.4707394172650705,4,4,2,3,Berlin,20.4512294388193,Low
4716,44.62106918283169,78.34585163633913,200.0,0.485516285785632,3,1,4,0,Paris,22.741483612705828,Low
4717,68.88371992870438,86.47218789281764,468.09653985423216,0.15819654298280572,4,2,3,3,Berlin,27.24708140843937,Low
4718,56.84256645196173,53.35493221628104,456.84456678063253,0.4897999533051133,6,6,8,1,Amsterdam,24.95076946863965,Low
4719,52.22826894985512,94.87135933493111,462.5341081939425,0.13428918737171291,1,8,7,3,Barcelona,7.0113725586736635,Low
4720,46.11799158203388,64.66970268810009,579.2808802747102,0.1874271146450088,2,3,3,2,Barcelona,15.20966862106025,Low
4721,55.07157200596669,71.88450814005147,631.4318868982494,0.2776675123491218,6,7,4,2,Amsterdam,20.798146725281228,Low
4722,50.17994776391452,85.94329319764965,648.5449320649286,0.4974389462846841,6,9,4,0,Amsterdam,18.528373792021195,Low
4723,45.26204752774036,82.5769555382712,566.856371020305,0.2954252204661517,1,4,7,4,Berlin,12.532866462983623,Low
4724,41.96435674734085,80.59950047538982,229.8843947116046,0.32016377727139433,6,7,8,2,Amsterdam,17.2909447969162,Low
4725,44.19082662337312,61.23432945058111,448.82004009600564,0.3777699798094595,9,7,4,2,Barcelona,24.53494778510653,Low
4726,20.0,72.5112647200202,845.6134675323785,0.4873174233091806,8,9,8,4,Amsterdam,13.373174233091806,Low
4727,47.10600839297642,80.0545897709259,556.1325102203717,0.41334056004969777,5,3,1,3,Berlin,23.765208118389904,Low
4728,40.115239198896404,45.62286917082288,555.1729352665798,0.18966160176947944,4,1,9,2,Amsterdam,20.431187777363714,Low
4729,60.926699982828836,68.43667584216553,553.9228909660787,0.22119637226574188,6,8,7,0,Amsterdam,20.489973717506068,Low
4730,45.19344070811754,89.69199697582116,562.3069433758985,0.13905129584340978,5,4,4,3,Berlin,18.948545170869362,Low
4731,33.110365804650385,48.06408490386643,200.0,0.3577809456658959,6,2,8,3,Berlin,22.510919198054072,Low
4732,44.501198458718825,108.91454128985599,464.07135246333974,0.17229612261568863,3,5,2,2,Berlin,13.573320763772532,Low
4733,34.538789149374956,111.74033156499607,494.31607523079657,0.2029619553917463,7,4,8,3,Barcelona,20.39125629872995,Low
4734,49.73407415712467,48.87123560099786,692.2243098880118,0.4552454620721509,8,1,6,3,Barcelona,33.97267686785891,Low
4735,47.909473643394854,113.94049082625348,507.15093419334437,0.2307022701328061,5,7,7,0,Amsterdam,16.179864794346518,Low
4736,54.57839631108268,76.41046028219664,253.02329200970883,0.3266586873416668,5,4,7,3,Barcelona,23.64010576674147,Low
4737,37.09118208305435,90.46286397892636,564.5133734257629,0.25902640351567086,4,8,2,2,Paris,9.717618660073013,Low
4738,45.34008096228147,67.58372369679384,379.4263027635882,0.12961251496236545,5,9,2,2,Berlin,11.398149438308094,Low
4739,31.349782045733647,103.07612068066905,317.48215383778734,0.24514553195868205,8,8,4,4,Paris,15.856389933306914,Low
4740,52.01494781924715,90.15235047121668,374.8761429925129,0.26322728121437233,5,1,6,1,Berlin,26.736757157917864,Low
4741,50.18871180440122,59.64616858505991,581.3756344496774,0.4582804407646073,9,8,4,4,Amsterdam,25.63941794896644,Low
4742,49.95805021027571,50.86995000086779,688.8141859640102,0.2297802614585358,1,5,6,0,Berlin,11.785217677668069,Low
4743,45.01619031356941,43.492439119769436,572.439491776638,0.25169644790482715,7,1,5,0,Barcelona,28.521821573119094,Low
4744,49.14772890788791,84.69854441081891,594.8034835425532,0.4131587074689338,5,9,6,2,Amsterdam,15.375905747055711,Low
4745,61.043391083085965,94.31178529449339,570.9567909257001,0.4035826604846392,4,9,9,1,Berlin,16.84884392977218,Low
4746,42.14905742957986,96.27414196948604,515.1990765290702,0.4193141106593964,3,7,6,4,Amsterdam,12.33785833546792,Low
4747,46.38645183710084,77.05047263481555,604.5395952444137,0.4815082960304017,7,7,6,1,Amsterdam,22.23101851143427,Low
4748,34.1387370081859,51.0750886083909,200.0,0.41822299935791374,2,1,8,2,Amsterdam,16.923851096034905,Low
4749,36.317390384016676,62.94813004940542,516.663252695725,0.26304328128715637,5,9,5,3,Paris,10.025649928076565,Low
4750,45.97813293093307,108.80871597404814,343.26124480666226,0.4286034067592368,2,1,5,2,Barcelona,20.57947394687229,Low
4751,56.03933546701907,67.88428588499796,674.435385881621,0.3034698528359754,7,7,1,2,Amsterdam,23.346499168465474,Low
4752,42.43719175748428,83.5854407670369,477.92670421747096,0.21108561300742612,6,9,6,1,Barcelona,13.342013657319544,Low
4753,42.64083470687876,53.10873791062781,504.64221324017456,0.22116682725240497,7,9,1,0,Berlin,15.50391868458768,Low
4754,40.931147554956254,88.41457613647587,274.2392188619295,0.18953695542535934,9,5,8,3,Amsterdam,24.674713820740468,Low
4755,39.65243329155677,68.55788595802305,652.5246333519277,0.15799718312790137,2,6,9,3,Barcelona,8.475701818746044,Low
4756,47.949714557088214,106.1678178443941,594.0992180410714,0.17379616474146015,9,2,6,0,Amsterdam,31.122876014541063,Low
4757,30.027423548213555,99.33894265517034,583.5421823510754,0.12527121998152776,7,2,9,1,Paris,21.260939264279344,Low
4758,57.80939576666728,67.60735133562751,378.04657217467667,0.4553803459729545,2,9,2,1,Berlin,12.396622189729728,Low
4759,38.34577701870539,76.83339931630842,383.95402325928046,0.47240312385964933,2,1,9,0,Paris,18.72776434420811,Low
4760,52.21903485438141,66.22209399898428,533.5399181668857,0.3347081569975582,4,5,4,4,Amsterdam,19.512792026290004,Low
4761,32.30001402606124,44.514170086374754,395.8252384627923,0.436195822643474,2,7,3,1,Barcelona,7.551962434253112,Low
4762,51.68840130546218,58.56393926131959,565.2339444016008,0.17342844106125888,1,6,1,0,Amsterdam,10.24080480225124,Low
4763,51.719446078144976,84.9554331930205,200.0,0.46066953009079403,6,6,1,4,Amsterdam,23.122529124351434,Low
4764,48.84202072005897,88.13148745573955,426.8683165390111,0.3025446238522034,5,6,8,2,Amsterdam,18.67805245453972,Low
4765,35.05571478200208,83.71369758981598,769.5130198139736,0.12686599704222204,3,8,2,3,Paris,5.785374405022843,Low
4766,47.495481895980774,72.45667365103411,565.9228741993647,0.1565250977976641,1,7,1,0,Paris,7.313895546770874,Low
4767,33.16943815265611,103.32666514302463,525.0190496796489,0.2235905843147269,9,5,2,1,Barcelona,22.6867372889441,Low
4768,42.472367449038146,81.58854761402344,797.7839803507036,0.11742303214190059,8,2,3,3,Berlin,26.915940556130447,Low
4769,55.29413100955326,97.58134570239868,200.0,0.22371735120697744,6,6,4,4,Berlin,21.825412814935753,Low
4770,52.96701927070742,35.65562169493703,377.7033327817839,0.12397217324755672,6,5,9,3,Barcelona,21.62982751368779,Low
4771,45.15182942540433,20.0,439.82402423789165,0.1944110420771301,4,4,7,0,Amsterdam,17.4896592483926,Low
4772,35.25193424077158,87.094700695952,628.7526849508085,0.20626790234257664,2,5,5,2,Berlin,9.138259295657242,Low
4773,51.455877121741935,44.380858656962765,631.3484544842354,0.4977475905467176,4,9,5,4,Paris,14.914239041989756,Low
4774,45.193812376980254,74.6887074321736,370.09899365260605,0.1942186695054658,2,2,6,4,Barcelona,16.500330408148734,Low
4775,21.79684401769577,72.44757397438485,649.6931483213824,0.19567457957543213,7,6,1,4,Barcelona,13.49579900106305,Low
4776,52.826298263165185,119.68501506038842,439.5027849017439,0.374715587343354,9,9,6,3,Amsterdam,24.095045352383096,Low
4777,44.75767166130308,89.99991382359016,681.745943847375,0.4437429914065808,2,5,6,2,Berlin,14.364731412456733,Low
4778,57.02451247983072,84.14647566996682,345.10359528169136,0.25482216504083466,9,6,5,0,Berlin,28.655575394357566,Low
4779,34.04729481157195,100.92477886584184,481.5032601400759,0.45024720797627704,9,4,9,0,Amsterdam,26.716660523234356,Low
4780,20.0,89.21243967097597,426.47490269351596,0.23605680829910286,8,5,5,3,Barcelona,16.86056808299103,Low
4781,47.79083858345185,68.55807517528918,658.404555734857,0.17880635184600774,1,8,9,0,Barcelona,6.125315093495633,Low
4782,47.91563676681973,106.786898256364,421.58281751507434,0.23185552973108942,5,1,7,0,Barcelona,25.19324632735681,Low
4783,28.093283723935482,52.25624680279314,493.6327206482366,0.343742549571197,4,1,3,2,Barcelona,18.365410612892614,Low
4784,35.21500454133394,88.08117968833906,576.0217096494574,0.24685726372482952,7,4,9,3,Paris,21.033073999648472,Low
4785,70.0,41.31075514659222,581.7887724539179,0.3691575215957156,8,3,7,3,Paris,36.19157521595716,Low
4786,41.94389385846197,85.09859643789987,633.0428911209758,0.19477435176899296,8,5,4,4,Barcelona,23.03091167522852,Low
4787,52.30958976376216,84.82474104432323,531.6687165267,0.3803971575956595,2,8,9,0,Barcelona,11.496848505085243,Low
4788,38.493401726316165,121.91137404786656,437.26266270802535,0.2389753452993867,3,1,6,1,Barcelona,18.437773970888713,Low
4789,24.096971011468433,40.87565266395551,447.54518819618744,0.2823473486407738,7,5,9,2,Paris,16.55256478984827,Low
4790,43.297417532040946,64.97782060365469,503.8508472811418,0.32309805617715837,4,5,4,2,Amsterdam,16.720205821383868,Low
4791,42.34395439713895,100.56706066435359,537.4388714111575,0.37449000127439747,6,2,2,1,Berlin,25.448086331885662,Low
4792,41.001217613316285,88.3829314099327,477.92425282273456,0.19548547673949349,8,5,9,4,Paris,22.75522005138982,Low
4793,43.853591644936074,84.50762628343757,502.8805131448321,0.43437821496432416,8,8,4,1,Barcelona,21.499859643124065,Low
4794,47.64268271645636,56.09660742603652,272.4119209141842,0.38873709990209593,7,7,2,1,Barcelona,21.680175813957867,Low
4795,43.49883048746194,65.22954129771426,600.1032926682017,0.1936391676095998,2,2,7,4,Barcelona,15.986040822334576,Low
4796,32.35993832052636,111.12602520558141,527.1668433334145,0.4899898250411642,2,6,7,1,Barcelona,9.60787974656955,Low
4797,49.86184791561939,78.7122701561518,650.2805620311633,0.3659187964121834,3,1,5,4,Amsterdam,23.117742338807652,Low
4798,25.506282446775767,89.38399240361183,500.02407611106275,0.28097075458668225,4,3,5,0,Paris,13.961592279899552,Low
4799,24.496425427157998,77.12029178058802,239.24036322173208,0.16301093022140656,1,6,8,4,Berlin,1.9790369303614643,Low
4800,52.39180494701568,50.42286211875587,446.2330716039988,0.3132884009232526,5,9,6,3,Barcelona,15.35042549333723,Low
4801,50.07020272135357,103.34526065187492,470.0105115322375,0.16591035473084728,7,1,1,3,Amsterdam,29.180164363714542,Low
4802,44.42604634925964,92.58080961331241,611.4354958150399,0.27179667147913755,5,6,4,1,Amsterdam,17.045780619569268,Low
4803,31.04551495244928,137.64092093417975,200.0,0.2634850090958075,7,2,1,3,Barcelona,22.94850457669286,Low
4804,37.920890593259244,54.61046550873637,506.17692754234025,0.38797585773898413,5,9,5,4,Barcelona,11.756025755367615,Low
4805,42.37253252313496,100.56432303001202,577.0512823689959,0.17695327248969994,8,2,5,0,Berlin,27.48129248183749,Low
4806,29.041060314258864,47.21140084907497,400.77681720777207,0.42874854194833834,7,3,4,4,Paris,22.499803513761044,Low
4807,37.60971341976767,83.93366419182694,511.1942014725271,0.23045293080646634,1,2,9,2,Berlin,12.587443333994965,Low
4808,51.523303381766794,104.41266472657911,405.9445236275233,0.27759545078751,1,4,8,1,Paris,14.23294552240514,Low
4809,59.273053642892165,28.196622097587827,390.5640600169414,0.40893639022153705,5,4,3,0,Amsterdam,25.87127999508302,Low
4810,40.8056524734145,74.8766881439598,438.73702248030247,0.35015695988540596,2,1,5,1,Amsterdam,18.24326534087841,Low
4811,52.56488354316098,65.9197566489345,393.3962011299484,0.22321014072077494,9,8,6,2,Barcelona,24.001566470156042,Low
4812,25.85939929412533,62.451067542621956,602.5427467904499,0.25448116981835245,2,5,5,3,Berlin,6.802631486421122,Low
4813,51.594512411136115,89.63031630648385,389.75721847469333,0.2223147255958441,9,8,8,2,Berlin,23.701500979299272,Low
4814,36.96051585272519,108.01714266056489,364.5634989428109,0.33790806691086284,2,6,5,3,Barcelona,9.467235424926184,Low
4815,48.0734561670797,76.66803211927112,765.18930002593,0.23304981328273588,4,2,8,1,Berlin,21.752534982951268,Low
4816,42.52247581760291,85.13716068900051,644.1110017736053,0.39027907791325633,3,7,3,1,Amsterdam,12.159533524413437,Low
4817,58.20414009783834,82.85771882648119,220.77299590111994,0.3319148634334904,6,9,5,1,Amsterdam,19.280390663686408,Low
4818,36.25564351660082,80.04508765891036,385.28475652211995,0.1582826446990036,4,7,4,4,Barcelona,9.95951950197028,Low
4819,51.27606297561831,52.766434057197344,536.3694457584066,0.224107447471953,9,5,6,0,Barcelona,28.12389336740502,Low
4820,42.20492536703466,107.71111504307233,548.563260084724,0.18857897676406232,9,4,3,4,Paris,26.54726737775102,Low
4821,43.41694521990336,87.3798842039709,276.426070139466,0.2561252850205942,9,8,4,2,Amsterdam,21.58633641617695,Low
4822,43.1614610684079,89.87203725006444,673.7848239233483,0.30639363448374524,3,6,4,0,Amsterdam,13.012374665359824,Low
4823,36.54326895505887,59.83725927436045,623.7836628772438,0.3027051429136439,3,5,5,1,Amsterdam,12.490032115654099,Low
4824,44.85901034093328,68.51949005026898,572.2852448060507,0.4018094706253156,4,7,6,1,Amsterdam,14.975797808533141,Low
4825,44.37351777878178,75.59664505723055,703.5092736068182,0.17566874544068375,9,3,2,1,Amsterdam,28.56874278804137,Low
4826,47.41240248406729,41.64688266377871,567.8434988856377,0.47858913171897877,6,9,8,3,Paris,17.509612062409975,Low
4827,45.84505145692862,37.799141870058044,567.2871318877772,0.23713804275286746,9,4,4,2,Barcelona,28.12489586460726,Low
4828,52.97994549612236,64.98130173403581,733.6518907733364,0.2200995387664554,8,4,7,4,Barcelona,28.094979036501265,Low
4829,54.235086160473685,93.06301916105974,665.1829371091563,0.374071431272088,7,8,7,2,Berlin,22.011240160862982,Low
4830,34.49376678172199,63.671565251751474,373.7738811632703,0.422206651473225,5,6,2,3,Amsterdam,15.570196549248843,Low
4831,53.68772500590771,54.52987006023216,594.9792768007873,0.25138870592546136,9,1,7,3,Amsterdam,35.120204561026924,Low
4832,33.13663572890145,59.632858669058244,400.3598202562127,0.3987387899575908,4,2,1,2,Barcelona,18.92837861824634,Low
4833,50.87855888137735,68.61643942136719,575.6231826425417,0.45349438245442186,4,9,2,3,Amsterdam,14.298511488957423,Low
4834,51.197387847028686,71.1535259294974,571.4920260529722,0.40672146608278303,8,6,5,0,Amsterdam,26.426431014936433,Low
4835,25.886831083374958,134.13803630516392,292.4799031316021,0.11367859422833321,4,7,8,1,Amsterdam,6.402835267295819,Low
4836,45.9297924652941,106.36551571218295,481.7231583033447,0.4309475645464753,7,9,7,4,Barcelona,18.58841338505298,Low
4837,40.31503886639684,105.6193528070432,539.7885535370604,0.40979238338174695,4,3,3,3,Berlin,19.692435493736518,Low
4838,37.41234742064625,109.21450910683453,434.55647135087645,0.36771609526127447,1,5,9,4,Barcelona,9.400865178806619,Low
4839,58.50852330699006,55.029478266648766,547.2064913586139,0.40400896763516136,9,5,5,1,Amsterdam,32.09264666844863,Low
4840,38.46320859362581,49.44088462531902,620.8846665501603,0.4917701583327756,4,7,3,2,Barcelona,13.956664161415496,Low
4841,36.9362307088195,52.328242711648585,495.41104036538667,0.2724451551273399,3,2,7,1,Paris,16.80532076391925,Low
4842,45.756949400050935,113.36265333344595,533.6899215062389,0.12688929398183912,3,4,4,4,Amsterdam,14.99597775983367,Low
4843,51.85589746298416,66.32020527793773,707.5136117833963,0.2843559878510867,9,4,1,0,Barcelona,30.400329117406116,Low
4844,43.58351413989873,48.716095444017824,570.9794874837839,0.11857346215641917,8,8,5,2,Barcelona,18.260788863533808,Low
4845,56.663705456692526,69.22509499450467,530.123643451171,0.21770016323538446,7,3,8,3,Berlin,28.6761132693616,Low
4846,50.30975661964091,74.03486170713431,356.28809305379593,0.33475191671870363,7,2,4,0,Amsterdam,29.440446153079307,Low
4847,23.217886802685697,86.71033184236406,600.6539017083273,0.22384915717046253,4,9,7,1,Paris,3.7038576125103337,Low
4848,39.70533036492992,86.27377551780107,549.5224924087908,0.3741580983638154,3,4,8,4,Paris,15.653180093117133,Low
4849,39.38157900648301,59.2954859031623,692.5609150552112,0.42879453107428844,4,9,9,4,Amsterdam,10.602419012687786,Low
4850,49.79360953429422,97.14140981284277,507.0317814954967,0.2681756717118148,6,6,9,4,Barcelona,20.619839577406413,Low
4851,20.0,64.02016165624605,227.56002497990062,0.4600551805172014,4,1,5,1,Paris,17.100551805172014,Low
4852,70.0,76.09309158237393,244.98186967576072,0.13193557254016008,4,3,6,2,Amsterdam,25.8193557254016,Low
4853,50.3102609489421,97.16935176258387,610.35211456396,0.43604526568018,2,7,7,3,Paris,12.95353094148443,Low
4854,46.48876803917691,63.95446490139146,414.47096034527704,0.43142925817571964,7,9,2,0,Amsterdam,18.76092299351027,Low
4855,56.81567716419146,65.76621441047156,565.5151626665746,0.22879755853070596,6,8,9,1,Paris,19.332678734564496,Low
4856,68.43654052812624,94.79170124232827,517.1348966753534,0.219486074849846,2,5,1,4,Berlin,19.225822906936333,Low
4857,53.70746644588403,58.55667058487451,474.9740498459119,0.22203799246140507,5,8,6,3,Amsterdam,16.33261985837926,Low
4858,54.4881309647162,70.38019940989824,485.5458071617665,0.42455748493776435,6,2,6,4,Berlin,29.592014138792504,Low
4859,46.30690024464382,93.8935544510723,370.191574243216,0.4326613950440781,5,3,7,1,Amsterdam,23.718684023833926,Low
4860,43.58474246633052,131.3523110358994,497.6333466650494,0.23188898353106704,4,8,2,4,Paris,11.394312575209824,Low
4861,40.24204555995099,95.13511261906866,412.3259850808402,0.3370361389777847,9,9,6,1,Paris,19.942975057763142,Low
4862,36.73888008285458,91.8159940747503,444.1615219811443,0.15557329177618182,3,8,6,4,Barcelona,6.577396942618189,Low
4863,38.12985900300502,93.27003959181823,451.45264329362584,0.2875114953124088,2,4,9,1,Paris,12.314072654025594,Low
4864,31.494440356570166,53.17024314832376,465.9960095151921,0.4995171403422153,9,6,8,4,Berlin,23.443503510393203,Low
4865,44.24128549314977,82.8899184669977,638.3260184760629,0.16353565908249873,8,5,5,3,Barcelona,23.407742238769917,Low
4866,28.15332422773613,79.25583779158995,480.531375619296,0.47902505598402356,9,4,7,3,Berlin,25.236247828161073,Low
4867,46.90916524143711,88.0396135093189,653.5553504885148,0.42970188878600313,3,9,7,4,Berlin,10.869768460291162,Low
4868,44.63669391957658,82.91270131189677,730.6782426989722,0.488885860378508,1,3,5,4,Berlin,15.779866779658054,Low
4869,46.46935298386688,89.49249193542781,628.2416976584225,0.17183150424421323,1,1,7,1,Berlin,16.159120937602196,Low
4870,39.77868429980008,72.21332012751996,580.1702802602766,0.1854073961773457,3,7,3,1,Berlin,9.28767925171348,Low
4871,70.0,81.46522293429481,549.024831422528,0.10674687269394348,4,8,7,1,Amsterdam,18.067468726939435,Low
4872,58.601159001803126,49.3042858485752,629.8038063575104,0.3898807251662423,2,3,6,2,Amsterdam,20.97915495220336,Low
4873,32.55457499915277,72.00231804992715,513.4041107894359,0.3576378773744743,8,3,6,4,Barcelona,24.842751273490574,Low
4874,47.32868087426898,114.7708387044161,647.6854768935798,0.17122617532989284,3,6,2,4,Berlin,12.910866015579625,Low
4875,38.91993857062676,87.9702084907064,592.1158707934526,0.41645798621682883,4,2,2,4,Amsterdam,20.840561433356317,Low
4876,34.85520273292586,79.47697406542308,446.02393088294184,0.21967820245269018,6,6,7,4,Paris,15.65334284440466,Low
4877,31.599279288760652,127.40308190635866,634.3776320154209,0.15399822773225408,6,5,1,1,Barcelona,15.519766063950737,Low
4878,49.32216690759254,45.97912554247302,513.7220008966353,0.26902506600773923,2,7,9,1,Amsterdam,10.986900732355153,Low
4879,38.18619764930426,52.263611113844505,484.0801988581526,0.13638793937074245,6,9,3,2,Paris,11.319738688498703,Low
4880,54.678260240252044,122.81778528190682,428.5701259401519,0.20529746250929867,4,9,6,1,Barcelona,12.956452697168597,Low
4881,54.93782214530439,81.14902340122335,524.9028271811858,0.24853334337093846,5,1,3,4,Paris,27.4666800773007,Low
4882,58.739143852114495,73.93542409275516,649.4693923119476,0.44074566980566,7,7,9,4,Berlin,25.529199853690947,Low
4883,36.47613233925897,50.01989187260892,633.3410008389556,0.41701949651728853,7,3,7,0,Paris,24.613034666950576,Low
4884,49.753656106920104,91.1924066598753,553.0090696188436,0.2771017143002473,6,4,1,1,Berlin,23.697113975078505,Low
4885,51.32454216642301,93.61149673818656,589.9465461087553,0.38983002310095505,6,2,4,0,Barcelona,28.29566288093645,Low
4886,40.258218248960354,52.637640979127596,690.7545187283837,0.327459854471602,6,1,5,4,Berlin,25.852064019404125,Low
4887,37.28228042607125,76.49311036123929,477.50505632437086,0.23633674203122723,4,3,7,1,Paris,17.04805154813365,Low
4888,61.09520665775973,71.61210419917334,332.68699947046906,0.39034973739811396,3,9,7,4,Berlin,14.73205937130906,Low
4889,47.27495875732054,86.39942866046928,695.1694778267859,0.37339966178655126,1,1,5,0,Berlin,18.416484245061675,Low
4890,51.35967750711738,52.0187439444839,420.53326219539224,0.3476377768774408,3,3,1,0,Barcelona,20.384281020909622,Low
4891,36.77923988172073,111.29868636282893,396.4492814984143,0.34718220841730024,3,5,5,3,Berlin,13.005594048689222,Low
4892,32.80715533477806,102.8955945399401,230.5703366998173,0.37319279693079077,9,3,5,3,Amsterdam,27.074074569741324,Low
4893,39.30550225507889,70.9206110316796,585.6924579746444,0.2538182050570153,3,4,4,1,Barcelona,14.32983272709382,Low
4894,43.75978612610003,74.58953220904073,256.7821063171668,0.44763032602708097,8,4,6,1,Paris,27.60423909810082,Low
4895,34.35779993182651,76.5894462430596,387.4611788462395,0.16492313819858434,8,1,8,1,Barcelona,26.456571361533797,Low
4896,44.90155191349617,60.542286174837415,588.2355191772588,0.4535541852956616,3,6,5,1,Paris,15.006007427005468,Low
4897,28.114948119315,68.91426454412411,608.2881878612558,0.23691273721279776,6,7,8,1,Paris,12.303611807922476,Low
4898,33.79952577530128,73.24324080813477,402.24437776726495,0.150012646243449,8,7,5,1,Berlin,17.139984195024873,Low
4899,51.70911248276875,120.3217092676782,479.8770009511392,0.34001096107165196,8,6,3,1,Barcelona,25.912843355547146,Low
4900,51.037905202778944,103.66545770826092,369.110821039077,0.2503946676281621,9,7,8,0,Paris,25.315318237115306,Low
4901,41.08123234613134,103.36636768341559,417.7404818283226,0.42619989084140775,9,3,4,0,Amsterdam,30.08636861225348,Low
4902,34.82235690923047,89.24814032510976,539.9322890229361,0.2723141874115069,8,5,3,0,Berlin,21.669848946884212,Low
4903,34.72596448473989,52.06682477671913,424.75299818053134,0.367425010224844,7,7,3,4,Berlin,17.592039447670405,Low
4904,41.26731754058686,78.96272238556551,463.3677439736496,0.22330319580193023,3,5,6,2,Paris,13.11322722019536,Low
4905,51.44518491645292,104.2622114903345,280.293997757365,0.18378095001013606,7,2,8,4,Amsterdam,28.271364975037233,Low
4906,54.28245691344325,48.54338426581781,669.9434247209206,0.2552196123795295,4,6,5,1,Berlin,17.83693319782827,Low
4907,40.03468264518031,95.9138301718316,576.5099889756599,0.3427231338409734,2,7,1,2,Barcelona,8.937636131963828,Low
4908,33.46507574015216,138.06523063156914,618.9358057755803,0.3627786956845408,8,2,1,0,Paris,26.667309678891055,Low
4909,47.678436378663335,106.54541614974329,693.5637986925293,0.3312826661192073,2,8,3,0,Amsterdam,9.61635757479107,Low
4910,36.764650293741504,115.35072838904969,376.21806866814256,0.4952222874496436,1,5,6,3,Paris,10.481617962618888,Low
4911,39.817473611387975,85.45846876105402,446.24082754579644,0.37643607459806616,5,8,2,1,Berlin,13.709602829397054,Low
4912,58.252760904370376,104.19829871912475,215.77484486266837,0.4726078510387671,9,3,1,1,Amsterdam,35.70190678169879,Low
4913,53.27115428565768,62.05366964114911,971.0634365153355,0.1471732779580698,5,2,7,3,Paris,24.453079065278,Low
4914,46.579743122514515,99.89659530853066,477.56220270239356,0.12454917192539156,2,7,2,4,Paris,8.719414656008272,Low
4915,32.280809988872775,96.35970335151907,655.8091849872368,0.22439788080478149,4,5,8,3,Paris,12.428221804709644,Low
4916,47.11396567470659,87.24777935094157,314.2758283496812,0.1546355753505696,8,5,2,1,Barcelona,24.180545455917674,Low
4917,55.626572907875264,112.90018549296246,649.4582638464515,0.31034741129130705,7,8,1,0,Barcelona,21.791445985275647,Low
4918,41.24366334234465,66.53037905381528,778.6386314974499,0.3075925014093115,5,9,2,3,Barcelona,11.949024016796507,Low
4919,58.51114089986715,75.32356208815844,490.95788764580277,0.33001886657758006,4,8,2,2,Barcelona,16.853530935735943,Low
4920,57.92745289518207,82.38655103395742,348.3677755115598,0.3980911523324291,5,2,7,0,Berlin,28.359147391878913,Low
4921,61.63732832143474,54.25972572276498,479.1805398581696,0.488531880084928,7,7,1,4,Paris,26.8765172972797,Low
4922,48.05243126531353,85.6732985950062,200.0,0.4513034765756586,5,5,3,0,Barcelona,21.428764145350645,Low
4923,50.873916998060125,37.026739676153824,494.31699484672373,0.14734689583023264,8,7,5,4,Berlin,22.235644057720364,Low
4924,59.141872883310896,106.17386336070523,623.1450708969494,0.2354054755082629,7,3,7,0,Barcelona,29.596616620075896,Low
4925,49.473939370689756,81.16593416414915,494.63635334397287,0.20232921001921678,7,4,6,1,Berlin,24.865473911399096,Low
4926,39.98765892209787,66.97767740240592,457.3790667966549,0.1707269431119171,9,7,8,4,Amsterdam,21.203567107748533,Low
4927,40.514571634721385,59.140659692621966,579.135217416805,0.31788995066231385,8,2,1,4,Barcelona,28.333270997039556,Low
4928,47.38554953773739,74.13552425952031,590.6037270424329,0.32130576081309226,8,2,7,3,Barcelona,30.42872246945214,Low
4929,32.09438578053781,97.20649276931033,251.0141656242226,0.19089793115522455,6,1,9,0,Paris,22.037295045713588,Low
4930,43.56741084635807,93.69347446843902,513.3234443418182,0.3847589001226742,7,1,7,4,Barcelona,29.417812255134166,Low
4931,55.96547118230254,62.36155131803848,865.3977686343865,0.3931657196678021,8,1,6,4,Barcelona,35.221298551368776,Low
4932,23.087461488347188,58.84900818430914,299.7475631527964,0.10839199793357333,5,6,9,0,Berlin,9.01015842583989,Low
4933,60.34482101794515,96.42246765799118,487.18717507504005,0.25830308148892667,2,5,4,0,Paris,17.186477120272812,Low
4934,56.2237421870316,61.94131488462426,791.2619183077554,0.4560562564806484,7,8,6,2,Paris,23.427685220915965,Low
4935,40.40235384169524,81.49774435198759,665.6262734815514,0.3081274432975353,3,5,6,3,Amsterdam,13.701980585483923,Low
4936,50.43390827871809,83.09386606310693,422.99049788359076,0.23905112057559774,8,1,3,4,Berlin,32.0206836893714,Low
4937,45.03147726906327,87.80155329316847,530.9203069433905,0.20147046063805207,6,8,7,0,Barcelona,15.524147787099503,Low
4938,57.299903684386834,101.45676075454679,499.6832480022765,0.19734180796731293,4,6,1,4,Berlin,18.16338918498918,Low
4939,54.82683142769941,48.42592657831693,387.7892293517499,0.13990721354032254,2,8,8,2,Barcelona,9.847121563713047,Low
4940,30.99929276816991,32.22101686848781,488.86218387603765,0.4268905676372369,7,2,8,2,Amsterdam,24.568693506823344,Low
4941,50.87262413464177,65.81381796929121,458.0050800790206,0.1346629621576685,1,8,8,4,Barcelona,6.608416861969214,Low
4942,42.94372146356752,125.03821019580465,516.9123407115125,0.21691790634472632,7,6,9,3,Paris,20.05229550251752,Low
4943,45.828325705181,130.55435250218446,387.742522896345,0.11827029542654129,7,1,4,1,Amsterdam,27.431200665819713,Low
4944,37.71828099030184,125.77942838914718,308.5072699633008,0.41255462788948016,3,1,6,4,Barcelona,19.941030575985355,Low
4945,62.481370691208355,75.17546580598275,493.80788399114437,0.11571347289071619,4,5,7,2,Amsterdam,20.40154593626967,Low
4946,55.40061819902576,35.44712295037928,757.267732726817,0.22332044154728337,4,7,2,3,Paris,16.35338987518056,Low
4947,37.60228836027033,21.42402245870398,512.3304389394194,0.32931894803466566,4,4,6,0,Paris,16.57387598842775,Low
4948,31.653893930897674,64.64904596126472,450.2609331602682,0.26382454411737755,9,5,8,3,Berlin,22.63441362044308,Low
4949,41.14327369022152,75.048159246266,613.1128707557748,0.21290842689964018,6,3,4,3,Barcelona,21.972066376062855,Low
4950,49.34502646091306,112.51563502639897,476.2520581106932,0.21007562897101667,9,2,5,4,Amsterdam,31.904264227984083,Low
4951,47.40205843946223,101.69513648856115,780.2049387438665,0.41911612240249974,4,2,8,3,Berlin,23.411778755863665,Low
4952,57.53132824768244,85.68512697479052,499.41312360573824,0.489591238034898,7,5,3,0,Amsterdam,28.655310854653713,Low
4953,52.89919722180852,57.75388072647146,605.0745594737245,0.23921642817951738,9,4,6,4,Berlin,30.261923448337733,Low
4954,54.695690257529066,55.98051104387774,386.80934264100904,0.11565820544360661,3,2,1,2,Berlin,20.565289131694783,Low
4955,48.268554006104374,86.35319217678588,575.4633880004993,0.11462631116364337,3,5,4,0,Berlin,14.126829313467745,Low
4956,31.1070126978901,97.42627447099316,541.2640215415631,0.4036853660842873,6,9,6,4,Paris,11.8689574702099,Low
4957,43.04301468853099,89.79703155613961,491.52408130111877,0.3209479286436508,8,8,3,4,Paris,20.122383692995804,Low
4958,55.600897399086655,54.13505100983363,424.736335824542,0.41343706296693217,1,9,1,1,Paris,9.314639849395318,Low
4959,44.48477071475354,96.26669071980216,404.2954751521438,0.37899880411542997,4,9,6,0,Paris,11.63541925558036,Low
4960,50.030903686237465,90.64777417753528,542.3528995969479,0.4630025397061587,8,8,3,3,Amsterdam,23.639296502932826,Low
4961,41.81251684753867,53.23333984524554,594.3408664544711,0.4543297164186494,6,9,8,0,Barcelona,15.587052218448097,Low
4962,34.70188151458155,60.39197574249361,480.9255805558803,0.415330958248471,2,4,7,0,Paris,12.563874036859174,Low
4963,43.766559359538896,97.21239936403916,543.0901893681189,0.29007566401685747,8,8,7,1,Barcelona,20.03072444803024,Low
4964,48.09047443032654,74.13731162135272,494.31279828008456,0.223250563041541,1,2,8,3,Berlin,15.659647959513372,Low
4965,38.44312280538556,119.72868254091142,514.7789037358082,0.30281071497785594,1,9,7,1,Barcelona,3.0610439913942287,Low
4966,42.64288755143332,92.5282319016144,469.93325259841623,0.30082864292792943,7,9,5,1,Paris,16.301152694709288,Low
4967,35.605367580140175,67.83422029526827,502.69588690524625,0.34411021955573506,3,3,8,1,Amsterdam,15.622712469599401,Low
4968,56.19244917564096,79.74485999022669,904.706068522614,0.17443902711316164,8,6,8,0,Paris,25.602125023823906,Low
4969,42.05544242411966,81.58458481594296,546.7451448211137,0.36224795217799555,9,7,8,1,Amsterdam,23.73911224901585,Low
4970,59.52755545126183,61.79024216895725,596.7945437646564,0.2826403696823263,8,3,6,2,Paris,32.18467033220181,Low
4971,60.287478505409084,57.185295045559336,565.7035407992146,0.3480819327763437,1,5,2,3,Berlin,16.067062879386164,Low
4972,44.189540352782565,97.53474734523749,460.5774765054411,0.19584192916781828,1,1,8,3,Amsterdam,15.715281397512952,Low
4973,34.915512674526504,101.1318324260524,694.0983819937502,0.273757957550942,6,3,1,1,Berlin,20.71223337786737,Low
4974,24.141021222666627,95.09453673882396,456.3254344360488,0.1840804857810081,1,8,9,0,Paris,-0.916888775389932,Low
4975,30.279629269732084,117.88295235809505,658.2581823413827,0.4501220627027207,8,3,9,4,Berlin,25.08510940794683,Low
4976,31.2616517510134,66.45566909970995,449.86895029003267,0.29518441801661505,6,8,6,4,Barcelona,12.330339705470168,Low
4977,58.784696274615044,121.85676915177825,356.0041221283939,0.18999256622952487,5,9,6,0,Barcelona,16.035334544679763,Low
4978,46.15824587226946,57.47697203614618,554.809431235429,0.11648347829661852,6,6,6,1,Amsterdam,18.012308544647023,Low
4979,48.896045240919875,54.68286091578768,334.299746584684,0.3702954658614167,4,7,4,1,Barcelona,15.87176823089013,Low
4980,22.79578991064874,36.00102794626874,580.3460337524914,0.1858578855959023,1,6,1,2,Barcelona,1.6973158291536439,Low
4981,33.020335707827385,68.85511715432958,320.8762015863025,0.4958328769275113,7,8,1,4,Paris,16.864429481623326,Low
4982,53.87079776446287,67.40694157926366,452.148795429072,0.31348014936606866,9,7,1,4,Paris,26.796040822999547,Low
4983,47.867741123825866,93.14843200636626,285.24054552128877,0.21559079849921284,4,1,5,3,Barcelona,23.016230322139887,Low
4984,43.527947213144024,86.09727354051127,923.6250514104095,0.3630709735170522,4,3,7,1,Amsterdam,20.189093899113733,Low
4985,50.64842358600123,50.17566572452158,251.90606605755283,0.21008796937523422,9,3,1,0,Barcelona,30.79540676955271,Low
4986,61.35797806135815,70.18184403935456,501.47206105946066,0.4281097175638986,4,3,1,1,Paris,26.18849059404643,Low
4987,42.78957536462949,70.71344947280787,671.495641149502,0.22329442037197678,4,4,6,1,Berlin,17.069816813108616,Low
4988,45.69369802658069,35.60044382595268,655.4578862880538,0.4952990929583637,8,1,2,2,Amsterdam,33.16110033755784,Low
4989,46.92596918731305,55.47633182466576,627.7013183259705,0.3420579141781175,4,2,2,0,Amsterdam,22.49836989797509,Low
4990,68.92109635273992,60.72965923464777,452.4157417667787,0.43776445957706533,9,5,7,2,Barcelona,35.55397350159263,Low
4991,24.006437355809744,115.84062549552365,702.6633419505503,0.1291261878313689,8,6,9,2,Berlin,15.493193085056612,Low
4992,51.83223014788808,84.78626789893381,637.0086636203274,0.2393197669544753,5,9,8,2,Amsterdam,14.442866713911178,Low
4993,43.85197751240936,96.5542188486875,531.8449426490715,0.3949948344664599,9,2,2,2,Amsterdam,32.105541598387404,Low
4994,50.667717261841794,42.5341125712697,536.0871136589888,0.36202360693623314,8,9,7,1,Paris,21.320551247914867,Low
4995,38.42627446005275,109.8553620753498,454.4116028576941,0.1776972485735031,4,7,5,3,Barcelona,10.804854823750857,Low
4996,44.5103496914155,112.52755157560232,363.55219612504425,0.24248117220388396,4,9,4,1,Barcelona,10.27791662946349,Low
4997,52.114105794654954,30.04137582138435,685.5726463218075,0.20537736299501638,1,4,4,2,Amsterdam,13.688005368346651,Low
4998,70.0,62.36708190210379,696.8311990402298,0.3453480679047372,4,7,4,2,Berlin,21.953480679047374,Low
4999,53.08036189402071,92.39413932538775,367.3836288455118,0.23782729178351,8,1,9,3,Berlin,32.80238148604131,Low
5000,36.51934401969491,96.10971133845456,476.9322252280712,0.22362169680013994,5,8,7,4,Berlin,11.192020173909873,Low
