region,month,hours_per_week,deliveries_per_day,income_mean,income_variability,stress_level,work_life_balance,burnout_risk
Frankfurt,5,50.0,14.6,1318.0,0.9,4.9,5.9,0
Munich,7,43.6,12.4,800.0,0.59,3.6,6.4,0
Frankfurt,10,51.5,21.4,1580.0,0.87,4.9,4.2,1
Munich,7,60.2,25.7,1780.0,0.59,7.1,2.4,1
Frankfurt,11,42.7,11.4,952.0,0.79,6.2,4.2,0
Berlin,3,42.7,12.2,800.0,0.9,5.1,6.7,0
Berlin,5,60.8,23.7,1499.0,0.68,6.2,3.3,1
Berlin,8,52.7,19.2,1485.0,0.61,7.5,3.3,1
Munich,9,40.3,15.5,800.0,0.73,3.6,6.1,0
Cologne,9,50.4,19.5,1612.0,0.74,6.6,3.5,1
Frankfurt,10,40.4,12.7,800.0,0.61,3.6,7.9,0
Cologne,5,40.3,14.4,987.0,0.78,4.7,6.1,0
Cologne,2,47.4,16.6,869.0,0.8,4.6,4.2,0
Cologne,8,25.9,6.0,814.0,0.59,2.5,6.9,0
Hamburg,7,27.8,10.2,800.0,0.61,2.2,9.0,0
Frankfurt,4,39.4,16.8,1274.0,0.9,6.0,4.2,0
Hamburg,5,34.9,10.6,800.0,0.89,2.4,6.5,0
Frankfurt,12,48.1,16.5,1153.0,0.81,3.7,5.5,0
Hamburg,10,35.9,12.6,1358.0,0.64,6.8,3.9,1
Frankfurt,12,30.9,9.4,815.0,0.64,4.6,6.4,0
Berlin,12,59.7,21.9,1609.0,0.85,2.4,7.6,1
Cologne,11,42.7,12.2,970.0,0.63,3.4,9.0,0
Munich,11,45.7,19.2,1426.0,0.87,1.8,9.0,0
Cologne,10,30.8,12.1,952.0,0.58,1.6,8.1,0
Frankfurt,2,39.6,10.4,979.0,0.77,1.0,8.2,0
Munich,9,46.1,20.5,1571.0,0.44,4.4,4.6,0
Cologne,12,33.5,11.7,977.0,0.54,1.6,8.7,0
Frankfurt,6,48.8,14.1,1174.0,0.87,5.0,4.5,0
Cologne,9,39.0,16.3,1240.0,0.79,1.5,10.0,0
Frankfurt,8,42.1,15.5,1094.0,0.78,4.3,7.1,0
Hamburg,1,39.0,7.7,800.0,0.47,3.3,7.4,0
Hamburg,9,63.5,19.6,1708.0,0.9,8.6,1.0,1
Berlin,9,44.9,15.8,1420.0,0.88,6.6,2.7,1
Munich,4,34.4,5.0,800.0,0.5,4.6,6.6,0
Hamburg,1,53.2,18.0,1388.0,0.72,4.8,4.6,1
Frankfurt,4,32.8,11.4,800.0,0.9,6.3,4.9,0
Cologne,6,47.1,12.1,1132.0,0.59,2.4,8.1,0
Berlin,4,25.4,9.3,800.0,0.77,1.0,9.1,0
Cologne,9,31.7,10.6,1288.0,0.61,3.0,6.3,0
Cologne,4,47.0,12.1,1010.0,0.9,8.1,1.8,1
Munich,10,52.4,20.2,1854.0,0.57,4.9,5.3,0
Cologne,8,46.7,18.1,1244.0,0.73,4.4,6.6,0
Munich,2,43.8,13.7,1102.0,0.44,2.2,6.9,0
Frankfurt,12,42.0,13.4,1195.0,0.62,5.6,4.1,0
Cologne,7,30.2,12.3,800.0,0.59,4.5,5.6,0
Cologne,8,37.8,12.0,964.0,0.47,5.0,5.7,0
Cologne,6,40.4,7.7,824.0,0.45,3.1,6.0,0
Frankfurt,10,55.6,20.0,1533.0,0.68,4.5,4.2,1
Hamburg,6,48.4,13.7,926.0,0.42,2.9,7.8,0
Hamburg,8,27.4,8.0,997.0,0.42,2.9,5.6,0
Frankfurt,3,48.2,20.5,1402.0,0.9,3.2,8.1,0
Berlin,2,41.1,13.3,1096.0,0.57,2.3,7.5,0
Berlin,9,38.2,12.7,878.0,0.6,3.2,5.3,0
Munich,8,51.1,18.6,1298.0,0.58,4.4,5.1,0
Frankfurt,10,55.3,20.0,1745.0,0.74,4.7,5.7,1
Berlin,5,54.3,15.3,1187.0,0.86,6.1,3.3,1
Munich,5,36.6,12.0,1043.0,0.64,3.8,6.2,0
Cologne,6,41.9,14.1,800.0,0.62,3.8,7.0,0
Cologne,6,48.3,16.9,1454.0,0.88,5.1,4.7,0
Berlin,2,54.8,19.1,1385.0,0.9,4.0,5.1,1
Munich,7,40.2,21.2,1317.0,0.9,4.2,5.5,0
Munich,3,43.1,10.9,1245.0,0.5,4.5,6.9,0
Hamburg,8,33.9,14.3,1260.0,0.65,1.1,10.0,0
Berlin,9,33.0,14.6,1210.0,0.44,4.8,3.2,0
Hamburg,3,53.1,19.2,1785.0,0.78,4.0,7.1,1
Frankfurt,6,58.6,17.6,1455.0,0.78,6.0,4.3,1
Munich,8,44.3,19.8,1421.0,0.8,6.2,4.7,0
Hamburg,6,55.0,11.8,907.0,0.9,6.9,2.6,1
Munich,10,48.6,14.2,997.0,0.89,4.9,3.3,1
Frankfurt,3,38.5,16.4,1209.0,0.8,3.3,7.3,0
Hamburg,4,48.6,15.1,956.0,0.54,6.3,2.8,0
Frankfurt,9,60.4,24.9,1799.0,0.9,7.1,1.6,1
Munich,12,44.6,10.3,1007.0,0.87,3.5,5.1,0
Munich,12,60.6,16.9,1417.0,0.48,4.9,5.7,0
Cologne,11,20.0,5.1,800.0,0.44,1.0,9.1,0
Munich,12,53.2,19.0,1314.0,0.9,5.6,5.2,1
Cologne,1,45.9,14.6,1089.0,0.72,4.5,6.2,0
Frankfurt,4,42.0,12.5,800.0,0.9,5.9,3.7,1
Berlin,10,45.9,19.6,1591.0,0.76,5.1,4.8,0
Frankfurt,1,25.1,12.9,1222.0,0.9,4.5,5.0,0
Cologne,8,42.8,13.0,1515.0,0.9,3.2,6.6,0
Berlin,7,48.6,11.1,800.0,0.7,6.6,2.5,1
Cologne,7,59.8,13.5,1257.0,0.69,5.2,5.2,1
Munich,2,39.8,14.0,978.0,0.72,5.1,5.9,0
Cologne,10,36.9,14.3,916.0,0.34,1.5,7.7,0
Berlin,6,40.0,13.5,856.0,0.66,4.4,6.9,0
Cologne,8,54.2,17.8,1455.0,0.79,2.4,7.7,1
Hamburg,8,48.3,13.7,908.0,0.9,4.4,5.8,0
Hamburg,5,39.7,15.2,1095.0,0.9,4.6,3.7,1
Frankfurt,8,50.1,21.7,1652.0,0.42,4.2,4.0,1
Frankfurt,2,46.0,8.7,800.0,0.82,3.0,7.1,0
Berlin,4,54.7,18.0,1277.0,0.84,6.7,4.1,1
Cologne,10,38.0,9.7,800.0,0.51,3.6,5.7,0
Munich,2,41.7,9.4,800.0,0.67,3.4,8.2,0
Berlin,5,41.1,10.3,838.0,0.9,4.2,6.6,0
Berlin,11,30.4,11.3,800.0,0.81,7.0,2.1,1
Berlin,3,48.0,17.2,1448.0,0.9,6.5,3.5,1
Frankfurt,6,47.6,20.3,1899.0,0.9,6.5,6.0,0
Berlin,7,45.1,15.0,1208.0,0.75,5.2,3.6,1
Cologne,6,42.7,8.9,982.0,0.6,4.5,6.0,0
Berlin,11,30.8,9.6,1213.0,0.26,1.0,8.7,0
Munich,2,40.8,9.4,1261.0,0.72,3.1,7.6,0
Berlin,2,41.6,10.2,800.0,0.72,3.4,7.8,0
Frankfurt,4,37.0,14.1,889.0,0.56,1.0,8.6,0
Frankfurt,7,43.4,15.0,1115.0,0.65,2.6,8.5,0
Munich,8,49.0,18.1,1475.0,0.8,1.9,10.0,0
Berlin,5,63.9,20.2,1935.0,0.71,6.3,3.7,1
Berlin,10,46.7,18.0,1562.0,0.83,5.9,4.9,0
Berlin,1,47.6,14.6,929.0,0.9,6.4,3.0,1
Frankfurt,9,44.3,18.1,1326.0,0.58,5.0,5.0,0
Berlin,8,25.8,9.6,800.0,0.81,1.1,8.7,0
Frankfurt,1,44.7,14.3,845.0,0.72,1.6,9.2,0
Frankfurt,9,45.6,15.8,1270.0,0.33,1.9,9.3,0
Cologne,5,69.6,23.2,1615.0,0.9,5.1,4.8,1
Hamburg,8,43.1,19.1,1202.0,0.9,3.0,8.6,0
Frankfurt,10,48.0,16.7,1150.0,0.9,4.6,7.0,0
Hamburg,10,44.7,14.9,1273.0,0.6,2.9,7.9,0
Cologne,12,33.3,10.4,912.0,0.9,3.8,5.6,0
Hamburg,2,56.4,21.3,1726.0,0.54,5.3,4.1,0
Hamburg,7,52.5,19.6,1769.0,0.79,5.3,3.9,1
Munich,9,52.9,16.8,1522.0,0.65,7.0,3.9,1
Munich,7,35.9,8.5,800.0,0.55,1.8,7.0,0
Hamburg,9,59.0,17.0,1371.0,0.9,6.5,4.1,1
Frankfurt,4,31.0,9.8,808.0,0.83,3.1,5.8,0
Berlin,5,50.9,21.0,1651.0,0.9,4.6,6.2,1
Berlin,7,66.9,21.6,1289.0,0.81,8.0,2.0,1
Cologne,1,35.1,9.9,1020.0,0.9,4.8,6.5,0
Frankfurt,2,39.3,7.8,800.0,0.55,2.5,8.6,0
Hamburg,2,46.0,19.9,1347.0,0.44,4.3,7.1,0
Munich,10,40.0,15.0,1488.0,0.8,4.4,7.0,0
Berlin,9,29.5,12.2,860.0,0.54,2.5,7.6,0
Hamburg,3,45.7,18.1,1428.0,0.56,5.4,3.4,0
Berlin,9,34.4,11.0,1082.0,0.9,3.9,5.1,0
Munich,1,49.7,16.8,1391.0,0.9,7.7,1.0,1
Munich,11,35.8,16.4,1579.0,0.83,1.3,7.6,0
Frankfurt,3,60.5,20.7,1586.0,0.84,5.9,4.2,1
Hamburg,10,37.2,14.2,1470.0,0.36,2.4,7.1,0
Hamburg,2,41.8,16.5,1167.0,0.47,5.1,4.7,0
Cologne,2,53.1,19.6,1835.0,0.88,2.9,7.6,1
Cologne,1,32.7,10.5,800.0,0.41,3.8,5.9,0
Munich,6,47.3,15.7,1032.0,0.76,3.8,5.1,0
Frankfurt,5,58.1,21.7,1795.0,0.61,4.7,5.2,1
Hamburg,12,28.9,12.0,877.0,0.66,1.0,8.1,0
Frankfurt,5,46.8,19.1,1515.0,0.57,4.0,5.7,0
Munich,11,47.6,17.5,1410.0,0.54,6.4,5.0,0
Munich,9,52.8,19.4,1313.0,0.9,5.2,4.5,1
Cologne,6,32.6,9.5,800.0,0.6,4.2,7.6,0
Cologne,9,31.8,8.9,800.0,0.81,5.7,5.8,0
Hamburg,4,50.2,19.1,1393.0,0.9,5.4,4.0,1
Frankfurt,7,48.0,14.3,1410.0,0.82,4.0,4.9,0
Munich,11,47.5,15.8,1223.0,0.68,5.5,4.5,0
Cologne,4,48.5,20.3,1767.0,0.85,4.0,7.1,0
Frankfurt,1,38.2,16.4,1400.0,0.9,3.1,6.4,0
Munich,4,47.3,16.7,1214.0,0.69,2.5,8.5,0
Frankfurt,2,47.9,15.1,811.0,0.9,6.2,5.0,0
Berlin,5,37.9,12.2,1217.0,0.88,3.2,6.0,0
Berlin,11,63.7,23.8,1710.0,0.9,6.6,2.7,1
Cologne,2,49.7,16.5,1237.0,0.58,3.4,7.3,0
Berlin,2,33.1,9.4,800.0,0.9,4.0,6.2,0
Munich,12,51.6,20.8,1657.0,0.42,4.0,5.3,0
Cologne,11,35.3,12.3,1176.0,0.9,3.3,6.3,0
Frankfurt,12,52.9,15.9,1273.0,0.68,6.6,3.3,1
Hamburg,4,56.6,20.3,1598.0,0.81,6.8,1.6,1
Berlin,7,36.8,15.2,1418.0,0.9,3.6,7.1,0
Berlin,3,54.6,15.2,1335.0,0.49,2.8,6.7,0
Cologne,11,49.1,15.8,1115.0,0.8,9.4,1.0,1
Munich,12,53.2,17.0,1131.0,0.9,7.9,2.0,1
Berlin,7,64.0,22.7,1650.0,0.9,7.5,1.8,1
Frankfurt,11,42.5,16.1,1276.0,0.36,3.1,8.6,0
Munich,9,37.5,10.8,800.0,0.65,3.6,5.8,0
Berlin,3,36.1,7.6,800.0,0.63,2.8,6.1,0
Berlin,4,36.8,15.4,1204.0,0.64,5.6,4.9,0
Frankfurt,1,44.2,11.4,800.0,0.77,4.8,4.5,0
Berlin,7,48.4,17.0,1075.0,0.48,3.7,5.6,0
Munich,1,47.8,15.5,800.0,0.6,4.1,6.4,0
Hamburg,12,53.3,18.2,1391.0,0.9,7.0,2.0,1
Hamburg,3,45.1,20.0,1815.0,0.9,6.9,1.6,1
Berlin,9,59.5,29.0,1939.0,0.9,8.2,3.5,1
Cologne,12,42.4,9.2,800.0,0.51,5.4,5.2,0
Munich,5,70.0,26.3,2070.0,0.9,6.6,3.1,1
Hamburg,10,51.3,16.6,1117.0,0.79,1.0,9.0,1
Cologne,10,36.4,15.3,1009.0,0.71,4.1,6.4,0
Hamburg,11,34.3,14.3,1252.0,0.67,3.4,7.5,0
Cologne,2,49.8,20.8,1568.0,0.9,5.2,4.1,0
Berlin,9,42.8,15.1,911.0,0.8,4.4,6.0,0
Cologne,6,52.1,14.7,800.0,0.84,3.2,6.3,1
Berlin,9,49.7,19.4,1991.0,0.88,5.8,4.0,0
Cologne,12,44.3,15.1,1435.0,0.6,5.4,4.8,0
Cologne,11,36.5,11.5,828.0,0.6,4.7,5.3,0
Cologne,4,29.9,8.5,800.0,0.82,4.4,6.3,0
Munich,6,40.5,16.5,1225.0,0.72,5.0,5.5,0
Hamburg,12,53.6,22.7,1915.0,0.68,4.7,3.8,1
Cologne,7,47.1,12.1,800.0,0.44,4.6,4.0,0
Berlin,11,32.5,12.7,908.0,0.9,3.4,6.2,0
Cologne,6,46.7,14.5,1248.0,0.9,4.8,7.0,0
Munich,4,48.9,11.9,1241.0,0.8,6.4,2.8,1
Munich,8,36.2,12.5,1148.0,0.85,4.6,5.2,0
Munich,6,46.5,13.0,1288.0,0.7,7.8,1.7,1
Cologne,2,45.6,10.5,800.0,0.9,7.9,1.6,1
Cologne,12,33.6,8.8,800.0,0.64,3.5,6.7,0
Cologne,6,48.6,13.1,800.0,0.64,1.0,10.0,0
Hamburg,1,50.6,14.9,1209.0,0.83,6.9,3.5,1
Cologne,9,55.8,14.6,1246.0,0.74,4.8,4.4,1
Frankfurt,10,55.5,17.3,1326.0,0.6,4.4,8.4,0
Munich,12,31.2,8.3,800.0,0.36,2.5,7.6,0
Cologne,7,35.6,13.0,1289.0,0.89,2.9,6.5,0
Hamburg,8,50.2,18.5,1606.0,0.5,5.9,5.5,0
Berlin,12,50.1,17.5,1662.0,0.5,2.7,6.9,0
Munich,11,50.2,16.0,1090.0,0.64,3.4,8.3,1
Cologne,4,70.0,22.5,1662.0,0.77,7.5,1.6,1
Cologne,8,50.7,14.4,1392.0,0.83,6.0,5.4,1
Berlin,12,56.4,16.3,1298.0,0.81,6.6,3.6,1
Hamburg,1,54.5,20.3,1509.0,0.57,4.3,7.0,0
Frankfurt,11,51.5,11.9,851.0,0.44,3.7,8.2,0
Berlin,4,41.8,13.7,1094.0,0.45,3.4,5.4,0
Hamburg,6,52.6,16.6,1525.0,0.77,5.6,5.7,1
Hamburg,10,37.3,14.2,1106.0,0.9,6.0,2.6,1
Cologne,7,42.6,9.9,953.0,0.32,1.2,7.8,0
Cologne,12,40.1,13.4,1167.0,0.79,3.7,5.5,0
Munich,3,45.8,16.3,1128.0,0.8,2.6,7.9,0
Cologne,10,68.1,17.0,1184.0,0.58,4.3,5.7,0
Cologne,10,26.3,5.6,800.0,0.81,4.1,5.7,0
Hamburg,2,51.9,17.0,1094.0,0.9,6.0,4.1,1
Cologne,9,28.9,11.2,800.0,0.8,3.6,7.0,0
Cologne,1,40.3,14.0,1421.0,0.9,5.4,5.3,0
Cologne,10,55.9,20.3,1619.0,0.68,4.9,6.2,1
Frankfurt,1,45.6,12.0,805.0,0.54,3.9,7.9,0
Frankfurt,10,34.2,6.6,914.0,0.86,6.7,3.3,1
Munich,2,37.8,12.9,843.0,0.41,3.4,6.1,0
Berlin,5,51.8,13.6,894.0,0.71,6.3,4.3,1
Hamburg,1,37.7,10.0,1043.0,0.9,3.8,5.1,0
Munich,6,47.2,18.5,1614.0,0.62,1.9,7.4,0
Hamburg,8,45.5,15.7,1232.0,0.54,1.5,9.5,0
Berlin,10,38.5,11.1,1056.0,0.51,3.0,6.9,0
Berlin,2,66.4,20.1,1664.0,0.76,8.2,1.0,1
Munich,5,51.3,19.0,1281.0,0.66,6.3,2.2,1
Frankfurt,3,24.7,8.9,800.0,0.89,3.8,6.2,0
Frankfurt,2,46.9,12.0,845.0,0.9,3.2,7.9,0
Frankfurt,6,38.4,7.0,800.0,0.83,6.3,4.9,0
Cologne,1,53.5,23.5,1793.0,0.44,3.9,6.2,0
Cologne,12,37.1,8.7,800.0,0.85,4.0,8.0,0
Munich,8,43.9,16.2,1333.0,0.9,4.4,5.5,0
Cologne,6,50.0,21.2,1359.0,0.9,4.7,5.1,1
Hamburg,4,53.7,18.3,1385.0,0.9,7.4,1.0,1
Munich,12,33.0,9.2,808.0,0.62,2.2,7.3,0
Munich,5,41.7,9.6,800.0,0.68,2.1,8.7,0
Berlin,2,40.3,9.1,800.0,0.41,4.1,7.5,0
Berlin,8,38.5,14.0,1195.0,0.76,3.2,5.9,0
Munich,6,62.7,25.2,2034.0,0.9,10.0,1.0,1
Frankfurt,6,49.0,15.2,1422.0,0.9,5.9,5.1,0
Berlin,3,32.4,9.1,807.0,0.67,2.6,7.4,0
Cologne,1,54.2,20.2,1421.0,0.81,3.8,3.9,1
Munich,8,66.2,20.0,1506.0,0.77,3.8,6.4,1
Hamburg,12,55.3,19.3,1545.0,0.47,4.0,6.8,0
Munich,7,29.8,10.1,1073.0,0.9,3.2,5.9,0
Hamburg,12,40.2,12.2,878.0,0.88,6.2,3.6,1
Berlin,1,57.7,19.2,1188.0,0.9,7.4,1.4,1
Frankfurt,12,37.9,17.9,1523.0,0.61,4.1,3.3,1
Hamburg,8,49.4,18.3,1312.0,0.9,4.5,6.6,0
Frankfurt,10,52.7,20.9,1412.0,0.79,5.7,4.3,1
Hamburg,2,35.7,9.2,800.0,0.75,2.8,8.8,0
Frankfurt,11,44.4,18.1,1642.0,0.9,7.0,3.8,1
Hamburg,8,20.0,8.6,800.0,0.84,1.7,7.9,0
Munich,5,34.8,7.1,800.0,0.75,3.3,6.6,0
Munich,8,42.5,15.8,1399.0,0.35,1.0,9.6,0
Berlin,11,32.5,9.3,902.0,0.9,3.0,8.0,0
Munich,12,61.3,15.8,1118.0,0.9,7.4,2.9,1
Cologne,6,30.7,10.6,800.0,0.34,1.5,9.6,0
Berlin,2,40.6,15.2,1015.0,0.62,2.9,6.8,0
Munich,7,46.3,15.9,1429.0,0.82,5.8,3.2,1
Munich,11,59.4,19.5,1692.0,0.44,3.7,6.2,0
Cologne,11,30.6,9.2,800.0,0.55,4.7,5.6,0
Frankfurt,6,56.6,26.3,2529.0,0.77,4.9,3.9,1
Munich,4,45.1,11.5,800.0,0.9,3.9,4.7,0
Hamburg,9,35.2,14.3,1348.0,0.31,1.8,8.6,0
Frankfurt,4,49.6,16.6,1631.0,0.9,5.5,4.1,0
Hamburg,1,47.0,13.1,1070.0,0.9,8.4,1.4,1
Frankfurt,3,39.0,12.9,874.0,0.9,5.1,4.6,0
Hamburg,11,45.7,11.1,800.0,0.59,3.3,8.2,0
Munich,8,41.1,11.9,902.0,0.79,5.8,5.4,0
Hamburg,3,46.1,15.2,1435.0,0.65,4.1,4.6,0
Munich,7,51.6,12.6,800.0,0.9,7.2,2.2,1
Cologne,11,60.9,21.8,1377.0,0.88,7.3,3.6,1
Hamburg,1,32.6,8.0,800.0,0.3,1.0,9.6,0
Berlin,4,66.3,17.8,1537.0,0.62,5.1,4.8,1
Berlin,4,25.5,5.3,814.0,0.68,4.0,4.9,0
Hamburg,9,43.5,21.0,1405.0,0.9,4.6,4.7,0
Munich,12,50.9,11.0,855.0,0.72,3.6,5.9,1
Frankfurt,11,47.8,17.2,1612.0,0.81,3.8,6.4,0
Cologne,1,38.8,10.7,878.0,0.3,1.0,10.0,0
Hamburg,11,42.9,13.3,1021.0,0.9,4.2,5.2,0
Cologne,12,40.1,15.2,1371.0,0.89,7.3,1.7,1
Munich,9,39.1,14.7,1056.0,0.9,5.1,4.8,0
Berlin,10,53.5,15.8,1433.0,0.9,8.6,2.4,1
Munich,8,48.6,12.1,800.0,0.9,6.2,2.4,1
Munich,10,38.1,14.6,861.0,0.75,5.3,6.1,0
Hamburg,6,54.0,19.7,1518.0,0.7,8.4,1.5,1
Cologne,11,48.1,15.2,800.0,0.63,5.4,3.9,1
Frankfurt,4,53.1,19.0,1540.0,0.49,5.0,3.4,1
Cologne,11,51.3,15.8,914.0,0.8,6.7,4.0,1
Frankfurt,6,36.7,9.8,837.0,0.88,5.9,4.0,1
Berlin,6,39.4,13.1,1089.0,0.51,3.2,7.0,0
Cologne,2,52.5,19.0,1510.0,0.7,4.2,4.9,1
Frankfurt,7,51.1,18.0,1524.0,0.74,5.3,4.4,1
Cologne,9,44.8,16.5,1357.0,0.81,5.7,3.8,1
Munich,8,46.2,13.1,990.0,0.6,5.8,4.1,0
Berlin,3,57.8,24.0,2287.0,0.7,3.6,5.7,1
Cologne,8,39.1,12.0,1039.0,0.76,6.8,1.7,1
Munich,4,50.5,16.5,1472.0,0.58,4.1,8.6,0
Munich,10,43.0,10.4,1044.0,0.75,3.9,4.7,0
Berlin,1,42.8,13.7,1229.0,0.44,2.9,7.3,0
Cologne,3,56.0,20.3,2033.0,0.9,9.6,1.0,1
Hamburg,1,53.3,20.0,1636.0,0.9,5.7,2.3,1
Hamburg,5,53.1,22.4,1790.0,0.8,4.0,6.1,1
Hamburg,10,58.1,20.9,1543.0,0.74,7.1,3.1,1
Munich,11,45.2,15.9,1221.0,0.86,5.7,5.6,0
Cologne,9,51.8,15.9,1128.0,0.81,4.9,5.5,1
Frankfurt,7,41.9,12.0,1094.0,0.71,5.5,4.4,0
Cologne,3,48.2,19.0,1337.0,0.55,3.6,5.5,0
Berlin,7,43.7,17.4,1408.0,0.48,3.6,7.9,0
Frankfurt,12,46.0,12.1,1079.0,0.41,1.6,9.3,0
Berlin,8,51.0,19.2,1562.0,0.75,3.1,5.6,1
Cologne,4,36.8,14.2,959.0,0.9,6.4,3.6,1
Berlin,3,65.9,18.6,1630.0,0.88,9.1,1.1,1
Munich,2,34.9,13.3,1044.0,0.45,3.6,6.1,0
Hamburg,8,32.9,7.8,800.0,0.5,5.8,5.0,0
Cologne,3,56.6,11.6,800.0,0.71,5.4,5.4,1
Frankfurt,7,52.9,17.2,1653.0,0.59,4.9,4.9,0
Frankfurt,11,51.2,17.9,1725.0,0.65,5.2,4.5,1
Berlin,11,51.3,16.7,1445.0,0.59,4.9,6.6,0
Hamburg,11,44.9,23.6,2042.0,0.81,4.2,6.8,0
Cologne,2,36.0,13.1,896.0,0.85,5.3,4.8,0
Munich,5,45.8,15.7,1203.0,0.9,4.8,3.6,1
Berlin,5,38.2,14.0,1370.0,0.86,4.9,5.5,0
Cologne,9,54.8,16.9,1439.0,0.65,7.0,3.7,1
Cologne,8,43.5,17.3,1397.0,0.9,4.9,2.3,1
Hamburg,8,36.7,13.3,1029.0,0.42,2.2,8.0,0
Frankfurt,10,41.8,14.9,1425.0,0.64,2.1,7.4,0
Hamburg,2,49.1,14.5,1385.0,0.5,5.1,4.6,0
Berlin,2,39.4,8.4,804.0,0.41,3.7,5.4,0
Berlin,12,36.8,10.8,874.0,0.67,3.8,6.0,0
Hamburg,10,47.4,16.7,1261.0,0.5,4.7,6.7,0
Cologne,7,47.4,14.5,1297.0,0.82,8.6,1.0,1
Frankfurt,12,39.9,14.2,914.0,0.5,2.0,9.0,0
Berlin,4,40.3,12.7,840.0,0.71,1.0,8.1,0
Hamburg,3,47.3,17.1,1075.0,0.66,5.2,5.5,0
Berlin,3,30.5,7.2,826.0,0.62,2.5,7.5,0
Frankfurt,7,30.9,10.9,800.0,0.84,3.6,6.8,0
Munich,1,37.8,10.7,935.0,0.56,4.7,5.3,0
Munich,4,42.9,9.7,800.0,0.9,6.2,4.4,0
Cologne,6,48.1,15.5,1823.0,0.83,2.6,4.9,0
Cologne,9,59.8,24.5,2051.0,0.9,5.1,3.4,1
Munich,12,53.6,13.5,800.0,0.77,6.0,4.4,1
Frankfurt,1,43.4,14.8,1421.0,0.7,5.5,2.5,1
Hamburg,1,44.8,17.3,1309.0,0.9,7.8,1.7,1
Hamburg,2,35.0,18.6,1444.0,0.48,4.9,5.0,0
Frankfurt,7,44.8,13.5,942.0,0.44,4.4,4.8,0
Hamburg,7,42.1,12.1,1010.0,0.54,2.9,6.4,0
Cologne,5,48.2,12.6,1043.0,0.84,4.0,6.3,0
Hamburg,4,36.7,15.7,1124.0,0.41,2.8,8.2,0
Hamburg,10,50.2,14.1,1029.0,0.88,6.0,3.0,1
Cologne,6,60.3,19.0,1540.0,0.68,6.4,3.0,1
Berlin,8,43.9,9.1,800.0,0.71,2.4,6.9,0
Munich,12,49.0,19.0,1231.0,0.69,4.2,3.3,1
Hamburg,7,51.9,20.8,1996.0,0.59,6.5,3.6,1
Munich,2,41.0,16.2,1362.0,0.58,4.6,6.3,0
Munich,11,47.2,10.9,800.0,0.61,5.6,5.4,0
Frankfurt,2,45.1,16.9,1010.0,0.55,5.1,4.0,0
Frankfurt,6,46.0,10.3,813.0,0.83,7.0,1.7,1
Frankfurt,12,37.3,12.6,1205.0,0.9,4.1,5.9,0
Berlin,1,45.2,15.7,1784.0,0.79,3.9,6.9,0
Berlin,5,50.0,17.6,1786.0,0.88,3.6,6.5,0
Munich,1,59.5,21.4,1538.0,0.9,6.3,4.0,1
Munich,7,54.6,18.2,1355.0,0.61,1.8,9.3,1
Munich,3,66.5,16.3,1009.0,0.66,6.4,2.9,1
Munich,9,37.3,14.0,955.0,0.9,3.4,6.4,0
Cologne,5,53.7,18.2,1413.0,0.79,3.3,8.3,1
Munich,1,46.8,12.9,959.0,0.9,3.3,6.5,0
Frankfurt,10,66.9,17.6,1818.0,0.9,7.9,1.0,1
Munich,4,36.9,16.9,1091.0,0.87,4.0,5.3,0
Frankfurt,8,36.6,15.9,1263.0,0.9,3.8,5.2,0
Frankfurt,7,39.0,15.1,800.0,0.87,4.4,6.0,0
Munich,6,23.8,5.9,800.0,0.66,2.5,6.6,0
Munich,9,39.7,5.7,800.0,0.78,5.8,4.4,0
Hamburg,12,37.4,14.8,1402.0,0.89,3.9,5.3,0
Frankfurt,12,46.5,16.6,1270.0,0.79,2.5,5.4,0
Munich,4,48.4,15.0,921.0,0.78,7.3,3.0,1
Munich,10,63.8,24.6,1550.0,0.85,6.9,3.2,1
Hamburg,12,54.5,20.7,1461.0,0.81,4.6,6.0,1
Cologne,1,39.2,13.6,1136.0,0.32,2.0,7.3,0
Frankfurt,12,36.0,12.1,1053.0,0.56,4.2,5.0,0
Frankfurt,10,49.9,16.8,1244.0,0.59,4.8,5.6,0
Hamburg,6,31.8,12.6,1196.0,0.9,5.5,6.0,0
Cologne,4,63.3,18.5,1255.0,0.69,5.8,4.2,1
Berlin,1,56.8,20.2,1031.0,0.75,4.4,6.0,1
Hamburg,10,40.3,10.7,910.0,0.9,5.4,4.3,0
Munich,3,27.9,13.3,1322.0,0.56,4.2,4.3,0
Munich,11,58.5,21.1,1949.0,0.58,6.1,4.9,0
Munich,1,43.9,12.6,800.0,0.9,5.4,5.5,0
Berlin,5,57.4,19.4,1440.0,0.9,5.7,5.0,1
Munich,8,29.1,7.1,800.0,0.47,3.3,6.6,0
Berlin,12,39.0,17.5,1276.0,0.9,5.6,4.9,0
Hamburg,2,45.1,19.9,1612.0,0.9,5.4,5.5,0
Berlin,12,45.5,17.2,1236.0,0.9,4.3,7.3,0
Munich,6,40.5,18.2,1236.0,0.67,6.1,4.9,0
Frankfurt,6,51.2,17.5,1223.0,0.55,1.6,8.5,0
Munich,5,34.3,13.7,1290.0,0.9,6.5,2.2,1
Berlin,7,43.6,18.2,1459.0,0.52,1.8,8.4,0
Berlin,1,46.2,15.4,1485.0,0.43,3.7,6.6,0
Cologne,10,50.1,16.9,1458.0,0.53,5.0,5.8,0
Cologne,4,52.1,20.2,1935.0,0.81,5.0,6.4,1
Cologne,11,33.8,13.2,1219.0,0.67,4.9,5.0,0
Munich,6,29.7,7.6,800.0,0.27,1.4,10.0,0
Berlin,4,57.8,12.7,992.0,0.9,6.2,2.1,1
Cologne,6,48.3,15.6,1848.0,0.65,4.0,6.5,0
Frankfurt,2,37.5,6.2,800.0,0.6,4.2,5.0,0
Hamburg,11,60.5,17.2,981.0,0.9,6.0,2.1,1
Hamburg,9,46.2,12.8,1075.0,0.71,4.8,5.0,0
Cologne,4,56.8,17.2,1182.0,0.86,4.9,3.7,1
Cologne,5,45.7,17.7,1618.0,0.4,3.8,6.0,0
Cologne,7,65.6,25.0,2144.0,0.56,7.0,3.0,1
Hamburg,8,62.6,22.4,1752.0,0.9,7.7,3.4,1
Cologne,1,42.5,16.1,1108.0,0.9,3.4,5.1,0
Frankfurt,7,54.7,20.2,1646.0,0.57,4.2,6.7,0
Frankfurt,10,51.5,9.7,800.0,0.9,6.1,4.0,1
Frankfurt,9,58.7,19.6,1725.0,0.59,5.8,5.2,0
Frankfurt,2,35.4,6.4,800.0,0.63,4.8,4.8,0
Berlin,11,51.9,18.8,2092.0,0.44,3.8,4.8,0
Cologne,2,55.6,12.2,891.0,0.87,2.9,5.9,1
Munich,11,27.4,8.6,800.0,0.48,1.9,6.8,0
Berlin,4,33.2,12.7,985.0,0.45,2.2,8.3,0
Munich,12,24.6,5.0,800.0,0.76,2.3,9.1,0
Munich,1,42.3,17.0,1564.0,0.48,3.3,6.2,0
Berlin,9,52.2,18.9,1458.0,0.66,6.3,4.3,1
Cologne,12,60.0,21.2,2087.0,0.54,5.6,2.9,1
Berlin,5,45.7,17.3,1504.0,0.9,4.8,5.4,0
Hamburg,3,61.3,19.4,1451.0,0.67,6.4,4.3,1
Frankfurt,6,31.2,10.9,800.0,0.9,3.4,5.1,0
Berlin,7,28.0,9.4,956.0,0.44,2.8,7.0,0
Berlin,4,44.4,14.8,1188.0,0.47,5.2,5.5,0
Hamburg,2,48.8,14.3,1143.0,0.9,3.7,3.4,1
Frankfurt,12,44.7,11.2,800.0,0.88,6.6,4.8,0
Munich,5,24.3,7.1,800.0,0.51,2.1,8.3,0
Hamburg,12,44.1,13.5,954.0,0.63,2.4,8.3,0
Cologne,7,32.0,8.4,948.0,0.53,3.5,6.1,0
Berlin,10,51.7,19.8,1726.0,0.78,3.9,4.4,1
Berlin,10,48.7,12.7,981.0,0.86,5.9,4.7,0
Hamburg,3,35.6,11.4,870.0,0.59,6.9,3.0,0
Berlin,2,39.9,16.8,1361.0,0.89,2.8,7.2,0
Frankfurt,2,34.4,14.2,1135.0,0.67,3.9,7.1,0
Frankfurt,11,44.4,18.4,1284.0,0.41,1.8,9.0,0
Hamburg,12,54.6,16.4,933.0,0.69,6.1,5.8,1
Hamburg,12,35.1,14.1,966.0,0.83,2.2,8.0,0
Hamburg,11,50.0,13.5,1054.0,0.63,4.1,5.2,1
Cologne,4,39.7,12.4,845.0,0.65,2.3,7.5,0
Berlin,4,37.1,11.8,1109.0,0.9,4.8,5.6,0
Munich,5,43.9,12.9,987.0,0.89,5.9,5.1,0
Munich,3,34.6,10.5,1212.0,0.78,3.5,5.0,0
Munich,11,39.5,11.7,822.0,0.48,2.6,7.4,0
Hamburg,1,33.0,8.1,800.0,0.89,5.7,5.9,0
Cologne,4,64.6,24.1,1872.0,0.7,5.3,4.4,1
Cologne,1,45.4,14.6,1254.0,0.81,1.3,9.6,0
Munich,12,38.0,13.3,1275.0,0.5,4.5,6.0,0
Munich,8,47.1,16.2,1418.0,0.52,3.1,7.9,0
Cologne,5,43.9,14.8,800.0,0.53,5.9,3.3,0
Hamburg,2,42.8,14.5,1263.0,0.61,3.7,5.5,0
Hamburg,12,51.1,16.1,1088.0,0.59,6.0,4.0,0
Munich,5,52.6,21.8,1680.0,0.9,7.4,1.1,1
Frankfurt,5,39.7,15.5,1379.0,0.86,2.2,7.6,0
Hamburg,1,39.2,13.1,827.0,0.76,3.1,7.2,0
Frankfurt,5,42.2,12.7,1251.0,0.47,4.1,7.7,0
Berlin,8,22.0,7.0,800.0,0.63,4.5,5.9,0
Hamburg,10,29.8,11.2,1330.0,0.88,2.0,8.6,0
Frankfurt,2,58.7,24.1,1938.0,0.53,5.0,6.2,0
Berlin,8,61.4,16.4,1650.0,0.88,6.9,2.2,1
Berlin,8,42.5,16.1,1531.0,0.58,3.4,6.4,0
Munich,12,50.8,20.3,1502.0,0.9,5.3,7.1,1
Frankfurt,1,48.1,11.6,800.0,0.5,2.5,7.4,0
Munich,4,70.0,22.8,1846.0,0.73,10.0,1.1,1
Berlin,5,56.2,15.5,1127.0,0.8,3.6,7.4,1
Hamburg,10,43.7,15.9,1585.0,0.59,3.9,4.6,0
Hamburg,8,35.4,10.7,810.0,0.77,3.5,6.8,0
Hamburg,3,28.9,9.3,800.0,0.55,5.8,4.4,0
Frankfurt,1,47.0,14.4,876.0,0.65,2.7,7.6,0
Cologne,7,37.4,14.6,1255.0,0.76,6.7,2.5,1
Munich,4,30.8,10.9,800.0,0.73,4.2,4.7,0
Cologne,10,38.5,13.5,1171.0,0.9,4.5,5.0,0
Cologne,12,34.2,11.9,1066.0,0.88,1.9,8.0,0
Berlin,5,61.9,22.3,1637.0,0.9,7.0,4.1,1
Munich,6,53.8,17.2,1564.0,0.87,4.3,7.5,1
Berlin,4,44.9,20.1,1551.0,0.84,6.4,5.0,0
Cologne,1,59.8,16.2,1004.0,0.48,4.5,6.3,0
Berlin,11,45.8,10.1,1115.0,0.82,4.4,4.6,0
Berlin,8,36.4,6.7,800.0,0.43,2.8,6.8,0
Frankfurt,11,60.2,13.8,1208.0,0.57,4.5,5.7,0
Munich,9,50.4,18.8,1590.0,0.9,6.2,3.2,1
Munich,3,34.6,13.2,1134.0,0.81,4.3,6.3,0
Cologne,10,43.1,18.0,1513.0,0.69,6.1,4.6,0
Hamburg,4,36.2,8.9,800.0,0.71,1.0,9.5,0
Berlin,5,31.2,12.6,1348.0,0.9,4.7,6.3,0
Munich,10,54.3,18.3,1652.0,0.9,9.2,1.0,1
Hamburg,9,64.1,21.9,1844.0,0.89,5.7,5.2,1
Munich,5,31.0,12.2,800.0,0.66,5.9,3.4,1
Cologne,7,50.6,14.6,973.0,0.9,4.7,4.4,1
Berlin,3,38.5,20.6,1779.0,0.45,1.8,8.7,0
Frankfurt,1,40.1,17.4,989.0,0.9,3.6,7.7,0
Cologne,6,39.1,11.4,982.0,0.9,5.5,5.0,0
Cologne,10,36.4,8.8,800.0,0.75,2.4,7.6,0
Cologne,1,45.5,14.9,1018.0,0.87,3.6,6.7,0
Hamburg,6,36.7,12.8,800.0,0.7,4.6,5.6,0
Cologne,8,47.7,19.1,1577.0,0.9,4.8,4.1,0
Frankfurt,9,44.5,11.3,1129.0,0.9,5.3,3.4,1
Berlin,8,42.6,15.1,1274.0,0.63,4.6,5.3,0
Munich,5,35.9,7.4,800.0,0.44,4.3,5.8,0
Hamburg,7,39.2,14.4,1185.0,0.69,3.3,6.7,0
Cologne,6,52.6,17.2,1512.0,0.9,5.6,5.1,1
Munich,9,50.0,22.5,1892.0,0.9,3.6,6.2,1
Cologne,4,35.2,7.1,800.0,0.9,5.5,5.1,0
Berlin,8,46.0,19.4,1737.0,0.51,3.6,6.2,0
Frankfurt,12,52.5,12.4,1152.0,0.8,6.9,4.9,1
Frankfurt,11,28.3,5.5,800.0,0.69,2.5,7.6,0
Hamburg,9,50.4,11.8,800.0,0.87,5.3,7.0,1
Munich,7,38.4,13.5,1132.0,0.56,3.1,7.3,0
Munich,12,50.7,13.4,1136.0,0.79,3.5,6.2,1
Frankfurt,7,37.4,8.4,800.0,0.61,1.1,8.0,0
Berlin,2,27.0,9.6,805.0,0.6,1.1,7.4,0
Hamburg,9,28.7,10.9,1089.0,0.72,2.4,6.6,0
Cologne,12,45.5,15.3,1702.0,0.81,4.9,4.3,0
Hamburg,5,47.6,15.4,1260.0,0.61,6.3,4.1,0
Frankfurt,10,36.0,17.5,1465.0,0.87,2.9,6.5,0
Cologne,3,51.4,17.6,1241.0,0.54,3.8,6.4,0
Hamburg,4,28.4,11.9,850.0,0.7,1.0,10.0,0
Berlin,10,44.3,15.2,1189.0,0.56,5.2,4.8,0
Munich,2,32.9,7.7,849.0,0.86,5.4,6.7,0
Cologne,3,38.5,14.5,1322.0,0.9,5.7,3.1,1
Hamburg,6,45.5,13.2,1441.0,0.49,5.6,4.2,0
Berlin,12,36.4,11.9,800.0,0.9,4.6,4.9,0
Hamburg,1,41.2,14.6,906.0,0.55,6.7,4.3,0
Cologne,2,55.1,12.5,1223.0,0.51,6.0,1.8,1
Berlin,4,39.2,8.2,950.0,0.9,4.9,3.7,1
Munich,1,53.4,20.5,1648.0,0.87,4.9,5.0,1
Berlin,6,33.7,9.2,800.0,0.33,1.3,10.0,0
Hamburg,12,50.3,14.9,1045.0,0.9,4.0,6.2,1
Hamburg,4,59.4,20.3,1691.0,0.9,5.9,2.7,1
Hamburg,2,20.3,5.6,800.0,0.37,2.1,6.7,0
Hamburg,10,37.0,13.6,1125.0,0.9,6.6,5.1,0
Hamburg,4,50.8,16.8,1721.0,0.75,5.2,4.2,1
Frankfurt,12,43.0,14.9,1479.0,0.67,6.1,3.0,1
Berlin,8,48.7,14.1,1292.0,0.9,4.2,7.3,0
Berlin,6,39.0,13.6,1073.0,0.81,3.4,7.6,0
Berlin,11,45.9,18.6,1389.0,0.7,2.6,8.7,0
Berlin,1,43.4,12.8,1174.0,0.9,3.2,5.8,0
Cologne,5,56.7,21.6,1736.0,0.9,6.5,2.0,1
Hamburg,11,47.5,15.7,1267.0,0.57,4.8,5.4,0
Frankfurt,6,48.4,18.3,1156.0,0.9,6.3,4.1,0
Cologne,4,40.9,14.0,978.0,0.64,4.4,6.0,0
Berlin,4,40.1,13.3,1212.0,0.63,3.5,8.0,0
Berlin,3,40.7,14.6,948.0,0.9,7.3,1.0,1
Frankfurt,10,48.9,20.0,1650.0,0.89,4.8,6.1,0
Berlin,10,40.8,14.3,1227.0,0.68,5.8,3.1,1
Berlin,6,47.9,17.4,1486.0,0.8,4.2,6.7,0
Berlin,12,65.8,20.8,1777.0,0.9,7.6,1.9,1
Berlin,9,53.7,22.6,1935.0,0.61,6.8,2.4,1
Cologne,7,41.7,15.8,1142.0,0.9,4.5,4.9,0
Cologne,9,57.0,19.2,1245.0,0.8,2.2,6.4,1
Cologne,12,40.9,13.3,887.0,0.87,4.1,5.9,0
Berlin,6,24.6,11.1,1037.0,0.75,4.3,4.9,0
Munich,2,34.9,9.8,800.0,0.55,4.3,6.5,0
Cologne,6,26.3,5.0,800.0,0.9,3.3,7.3,0
Hamburg,7,41.5,14.0,914.0,0.49,1.6,10.0,0
Hamburg,2,45.2,18.6,1121.0,0.38,3.4,6.9,0
Munich,1,61.8,25.4,1800.0,0.9,6.8,3.7,1
Frankfurt,6,48.3,15.8,1462.0,0.9,5.4,6.0,0
Hamburg,12,42.8,14.4,1009.0,0.88,6.1,3.3,1
Frankfurt,8,53.3,19.3,1196.0,0.46,5.1,3.4,1
Hamburg,11,22.9,6.8,800.0,0.48,2.9,7.3,0
Munich,6,47.4,17.3,1489.0,0.71,4.8,3.8,1
Cologne,8,52.7,17.3,1019.0,0.77,3.8,8.7,1
Frankfurt,6,30.2,13.1,1239.0,0.67,1.0,10.0,0
Frankfurt,6,56.4,21.0,1390.0,0.9,6.3,5.9,1
Munich,8,48.4,18.6,1406.0,0.79,5.1,5.0,0
Frankfurt,3,40.8,13.0,958.0,0.75,3.2,7.4,0
Hamburg,3,51.3,22.9,1719.0,0.82,2.7,6.8,1
Cologne,6,67.7,24.0,1909.0,0.9,7.7,3.2,1
Berlin,4,46.8,16.3,1464.0,0.9,4.3,4.5,0
Munich,7,47.5,13.5,1075.0,0.9,5.6,1.9,1
Frankfurt,11,40.4,13.2,933.0,0.64,6.8,2.4,1
Frankfurt,7,36.5,12.5,1092.0,0.82,1.0,7.5,0
Frankfurt,9,53.3,15.4,1274.0,0.54,4.3,7.2,0
Frankfurt,2,36.4,11.3,800.0,0.9,3.3,8.5,0
Munich,11,45.7,14.7,1188.0,0.9,6.8,1.8,1
Hamburg,2,40.2,13.6,936.0,0.65,1.6,9.7,0
Hamburg,6,49.8,11.3,800.0,0.79,7.9,3.1,1
Cologne,9,48.3,15.7,1418.0,0.53,5.0,3.4,0
Cologne,7,55.4,17.3,1476.0,0.55,5.4,4.2,0
Berlin,6,39.9,13.2,1213.0,0.9,3.7,5.7,0
Hamburg,5,42.3,17.2,1504.0,0.64,3.6,7.2,0
Munich,8,35.2,17.9,1254.0,0.79,5.1,3.7,1
Hamburg,12,40.6,15.6,1445.0,0.88,2.5,7.4,0
Hamburg,2,48.8,12.6,945.0,0.62,5.4,3.9,1
Cologne,12,52.6,16.5,1505.0,0.89,4.7,5.8,1
Frankfurt,3,35.8,13.7,1072.0,0.6,2.4,7.3,0
Frankfurt,12,53.7,19.3,1611.0,0.79,9.2,1.0,1
Hamburg,6,58.6,22.5,1867.0,0.9,6.5,3.3,1
Hamburg,1,49.1,16.1,1450.0,0.9,5.8,6.2,0
Hamburg,12,63.8,20.2,1286.0,0.66,8.1,1.5,1
Hamburg,8,37.3,17.7,1099.0,0.6,1.6,7.4,0
Cologne,11,32.6,11.0,1017.0,0.9,5.9,4.7,0
Hamburg,11,27.2,6.0,800.0,0.29,1.0,8.9,0
Hamburg,9,60.0,24.4,1798.0,0.69,4.8,3.7,1
Berlin,2,51.5,12.7,1088.0,0.9,4.5,7.8,1
Berlin,9,44.4,5.0,800.0,0.9,5.3,4.3,0
Hamburg,5,47.8,18.2,2112.0,0.9,5.1,4.5,0
Frankfurt,8,33.7,14.0,1381.0,0.54,3.1,7.0,0
Munich,1,69.5,24.4,2076.0,0.85,6.9,4.8,1
Berlin,1,46.3,11.5,937.0,0.8,3.2,5.2,0
Hamburg,12,46.1,15.2,1091.0,0.41,2.4,7.9,0
Berlin,12,52.3,16.6,1065.0,0.87,6.3,5.8,1
Hamburg,4,49.8,15.0,1177.0,0.9,6.0,4.1,0
Frankfurt,1,47.2,20.0,1427.0,0.9,7.1,1.7,1
Frankfurt,12,37.1,9.2,800.0,0.39,2.5,6.9,0
Berlin,1,49.7,17.5,1118.0,0.7,6.0,4.2,0
Munich,12,63.8,24.9,2038.0,0.82,6.0,5.4,1
Munich,5,58.5,20.6,1575.0,0.9,7.6,2.0,1
Munich,2,60.9,24.0,2030.0,0.9,7.6,3.2,1
Munich,4,39.9,15.0,1290.0,0.57,4.3,4.3,0
Cologne,8,35.1,13.0,1085.0,0.36,3.0,5.6,0
Hamburg,11,43.7,15.7,1786.0,0.9,5.8,3.7,1
Frankfurt,6,45.6,17.0,1527.0,0.9,5.5,5.9,0
Munich,2,55.9,17.5,1147.0,0.9,4.6,5.5,1
Cologne,3,28.1,5.5,800.0,0.62,1.0,9.3,0
Hamburg,2,60.3,23.0,1826.0,0.9,5.6,4.7,1
Cologne,4,43.4,18.0,1168.0,0.79,6.6,4.5,0
Berlin,5,40.7,14.3,862.0,0.8,5.8,3.6,1
Berlin,12,34.9,10.0,889.0,0.3,1.8,8.9,0
Munich,9,28.5,5.0,800.0,0.82,1.1,8.1,0
Berlin,7,53.2,18.0,1231.0,0.9,7.2,4.7,1
Hamburg,8,45.7,11.2,1090.0,0.58,2.9,6.3,0
Munich,7,32.1,6.2,800.0,0.43,4.0,5.1,0
Cologne,11,32.0,10.6,1089.0,0.53,2.3,8.3,0
Frankfurt,10,41.6,11.6,1145.0,0.53,6.6,3.5,0
Frankfurt,8,61.7,21.6,1696.0,0.65,5.0,5.3,1
Frankfurt,11,42.4,13.7,1420.0,0.9,6.0,4.3,0
Hamburg,5,30.0,8.2,800.0,0.46,3.3,5.6,0
Munich,3,42.5,9.1,1203.0,0.76,4.6,7.0,0
Berlin,12,42.3,11.5,800.0,0.38,1.3,9.6,0
Munich,7,20.0,5.0,800.0,0.72,1.0,10.0,0
Cologne,1,44.5,11.1,800.0,0.74,4.1,5.4,0
Frankfurt,3,42.7,13.2,984.0,0.55,4.6,5.8,0
Munich,7,52.0,13.9,1695.0,0.9,3.5,6.7,1
Munich,4,63.5,20.7,1561.0,0.9,4.7,6.4,1
Berlin,7,56.3,19.5,1728.0,0.9,6.5,4.7,1
Cologne,10,42.3,11.6,883.0,0.45,5.1,5.1,0
Frankfurt,10,33.9,12.6,1194.0,0.63,3.2,5.3,0
Berlin,6,70.0,19.2,1431.0,0.9,8.2,3.6,1
Frankfurt,4,45.6,11.9,1000.0,0.83,2.8,7.8,0
Berlin,7,45.1,14.7,1302.0,0.9,4.0,5.4,0
Berlin,8,44.8,17.0,1214.0,0.9,6.9,3.5,1
Frankfurt,8,47.0,18.3,2013.0,0.87,4.8,3.7,1
Cologne,7,43.6,19.4,1685.0,0.9,4.5,6.5,0
Hamburg,2,39.3,12.0,911.0,0.62,7.4,1.1,1
Hamburg,8,39.5,12.8,884.0,0.71,1.9,7.9,0
Munich,5,44.7,11.8,962.0,0.9,5.7,4.6,0
Munich,9,39.6,9.4,800.0,0.55,6.5,4.6,0
Cologne,6,37.9,13.3,1421.0,0.54,3.3,6.8,0
Hamburg,4,46.1,13.0,1128.0,0.69,5.9,4.7,0
Munich,9,42.5,17.8,1410.0,0.85,2.8,7.2,0
Hamburg,1,60.0,15.6,1459.0,0.9,5.0,5.0,1
Hamburg,4,20.0,8.1,800.0,0.72,2.6,7.5,0
Hamburg,11,55.9,15.6,1018.0,0.9,6.8,3.0,1
Munich,5,57.5,16.7,1309.0,0.84,7.4,1.0,1
Munich,4,24.3,9.7,802.0,0.9,4.8,4.5,0
Cologne,9,41.6,11.8,1053.0,0.54,4.1,6.2,0
Berlin,1,41.3,12.2,800.0,0.9,5.9,3.8,1
Munich,3,30.9,7.9,800.0,0.47,2.6,7.3,0
Frankfurt,9,37.2,17.8,804.0,0.48,5.1,4.6,0
Berlin,12,33.9,9.4,800.0,0.56,3.7,5.4,0
Hamburg,7,62.5,21.0,1823.0,0.84,6.9,2.6,1
Cologne,5,54.4,17.5,1593.0,0.9,6.1,3.6,1
Frankfurt,11,57.7,19.9,1364.0,0.67,3.4,6.6,1
Frankfurt,6,52.2,15.6,1180.0,0.48,3.5,6.9,0
Berlin,4,33.7,10.6,856.0,0.9,3.5,6.3,0
Cologne,5,39.8,14.4,1370.0,0.43,1.4,7.5,0
Berlin,8,49.9,14.0,1429.0,0.9,6.2,2.4,1
Munich,5,32.8,14.2,1166.0,0.9,4.6,8.0,0
Hamburg,10,52.1,20.9,1623.0,0.81,5.7,3.2,1
Cologne,2,42.6,16.0,993.0,0.38,2.6,6.9,0
Munich,8,41.3,14.0,1138.0,0.9,6.2,4.3,0
Hamburg,12,52.1,8.4,1087.0,0.9,8.3,2.1,1
Hamburg,3,49.4,17.8,1678.0,0.73,5.2,5.4,0
Munich,5,41.4,12.6,1045.0,0.59,4.9,4.7,0
Cologne,12,56.6,18.1,1511.0,0.9,6.0,4.3,1
Frankfurt,11,34.2,5.7,800.0,0.74,4.2,5.8,0
Berlin,6,51.2,18.5,1411.0,0.57,4.9,4.8,0
Cologne,1,50.9,12.6,1040.0,0.9,5.0,5.2,1
Frankfurt,3,41.9,14.3,1176.0,0.9,5.5,5.5,0
Frankfurt,1,48.3,18.8,1706.0,0.84,8.3,1.6,1
Frankfurt,7,32.5,9.4,946.0,0.3,1.1,8.8,0
Berlin,2,54.2,21.7,1842.0,0.84,5.3,5.8,1
Berlin,10,43.2,12.1,800.0,0.52,2.5,8.4,0
Berlin,7,39.8,15.1,1012.0,0.56,6.4,5.2,0
Frankfurt,12,55.5,14.6,989.0,0.9,4.7,3.6,1
Munich,3,38.0,15.7,1307.0,0.88,1.6,9.3,0
Berlin,3,30.9,12.9,800.0,0.61,4.0,6.6,0
Frankfurt,1,29.4,11.2,896.0,0.9,5.6,3.6,1
Cologne,7,51.1,15.8,1549.0,0.54,6.1,4.2,0
Frankfurt,12,32.2,6.5,800.0,0.6,3.5,7.5,0
Berlin,8,62.5,19.7,1504.0,0.61,6.9,2.3,1
Berlin,11,24.2,11.4,800.0,0.46,4.5,5.9,0
Berlin,4,62.0,21.0,1845.0,0.8,4.9,6.0,1
Munich,9,47.1,11.0,945.0,0.9,4.5,4.4,0
Hamburg,4,44.0,11.3,855.0,0.66,3.7,6.1,0
Munich,10,39.6,16.9,1238.0,0.62,2.2,8.1,0
Cologne,5,49.0,17.8,1439.0,0.58,4.4,4.8,0
Berlin,11,44.6,11.2,833.0,0.9,6.1,3.0,1
Hamburg,6,56.0,13.4,1227.0,0.74,6.5,3.4,1
Cologne,9,46.1,13.5,1329.0,0.52,5.6,5.2,0
Frankfurt,9,46.5,9.9,800.0,0.54,4.9,5.8,0
Hamburg,8,41.4,13.3,820.0,0.52,4.9,4.2,0
Munich,10,44.4,22.2,2043.0,0.62,3.2,7.4,0
Berlin,12,48.1,11.2,932.0,0.46,4.3,4.8,0
Hamburg,2,27.9,8.7,800.0,0.84,3.1,5.3,0
Cologne,12,31.5,14.4,1352.0,0.9,3.6,6.1,0
Munich,10,52.4,19.7,1646.0,0.64,5.7,5.4,1
Cologne,10,46.7,15.1,1651.0,0.71,4.5,6.2,0
Cologne,1,43.2,13.9,1069.0,0.7,3.7,6.2,0
Berlin,12,45.2,11.6,1149.0,0.9,9.3,1.0,1
Hamburg,2,48.5,15.4,939.0,0.55,6.2,3.4,0
Cologne,6,39.6,13.9,1394.0,0.83,4.6,5.5,0
Munich,11,37.2,15.7,1447.0,0.58,3.4,5.6,0
Cologne,7,47.0,13.8,1424.0,0.7,4.0,5.6,0
Cologne,6,35.2,11.2,1116.0,0.5,3.3,6.5,0
Munich,1,49.1,13.5,1061.0,0.56,5.3,3.3,0
Frankfurt,1,28.0,10.0,800.0,0.4,1.0,8.2,0
Cologne,1,55.3,20.8,1542.0,0.4,3.2,7.2,0
Munich,1,49.7,18.5,1125.0,0.57,4.0,6.0,0
Berlin,10,47.6,12.3,803.0,0.87,5.1,4.6,0
Hamburg,10,54.8,18.7,1582.0,0.85,5.1,4.0,1
Munich,1,61.7,18.5,1472.0,0.9,8.4,3.2,1
Munich,2,55.1,21.4,1668.0,0.36,3.3,5.9,0
Hamburg,2,26.6,8.4,800.0,0.35,1.5,8.7,0
Munich,4,32.2,6.2,800.0,0.9,5.5,4.0,0
Frankfurt,3,38.8,12.3,1017.0,0.57,4.1,6.0,0
Berlin,4,45.3,16.5,1393.0,0.9,5.9,4.6,0
Frankfurt,5,50.2,17.5,1198.0,0.9,8.1,1.0,1
Cologne,4,37.7,11.0,800.0,0.43,2.7,7.3,0
Berlin,3,46.9,13.9,1418.0,0.9,4.5,6.7,0
Cologne,3,37.4,9.5,993.0,0.74,3.3,8.4,0
Hamburg,4,38.9,11.8,800.0,0.63,1.0,8.9,0
Munich,6,30.9,7.7,800.0,0.84,2.6,7.4,0
Munich,7,35.8,14.8,1478.0,0.69,4.9,7.3,0
Berlin,4,31.5,7.8,800.0,0.84,4.0,7.2,0
Munich,8,35.2,12.1,915.0,0.82,4.5,4.9,0
Munich,6,55.5,18.7,1713.0,0.9,5.0,4.4,1
Cologne,5,35.5,14.7,1371.0,0.72,2.6,8.4,0
Frankfurt,8,70.0,26.6,2315.0,0.69,8.9,1.0,1
Munich,6,49.9,18.7,1446.0,0.59,4.2,6.8,0
Cologne,1,46.8,16.7,1467.0,0.9,5.1,5.2,0
Frankfurt,11,36.4,9.0,1018.0,0.53,3.9,6.6,0
Munich,1,52.0,14.1,1120.0,0.85,7.4,2.4,1
Berlin,10,39.2,10.5,800.0,0.68,5.4,4.0,1
Berlin,10,46.2,17.7,1659.0,0.39,2.7,8.8,0
Berlin,6,70.0,23.6,2293.0,0.57,5.2,4.5,0
Hamburg,8,44.0,17.3,1806.0,0.64,5.3,4.3,0
Berlin,9,56.5,21.8,1672.0,0.76,5.6,4.4,1
Munich,4,38.0,10.5,800.0,0.88,3.1,7.1,0
Munich,11,44.7,15.0,993.0,0.81,6.0,3.0,1
Berlin,7,62.7,20.9,1693.0,0.9,6.6,2.9,1
Berlin,9,38.7,11.9,800.0,0.65,4.0,5.4,0
Cologne,12,63.1,19.4,1450.0,0.9,7.5,3.4,1
Frankfurt,8,52.1,20.9,1813.0,0.83,4.6,4.5,1
Berlin,12,39.4,13.3,1140.0,0.57,6.3,2.0,0
Cologne,8,51.3,17.1,1010.0,0.68,4.0,4.1,1
Munich,1,54.7,15.8,1581.0,0.9,6.5,2.1,1
Berlin,10,51.2,19.1,1310.0,0.9,7.3,4.1,1
Cologne,6,29.3,6.8,800.0,0.79,1.0,9.0,0
Cologne,11,37.7,13.9,867.0,0.5,3.3,7.2,0
Frankfurt,9,42.5,15.6,1117.0,0.9,6.0,4.6,0
Munich,8,44.3,13.5,902.0,0.68,6.2,3.9,1
Frankfurt,2,51.2,18.0,1267.0,0.47,4.9,5.1,0
Frankfurt,5,46.8,16.1,800.0,0.68,3.6,7.5,0
Frankfurt,11,31.6,10.4,860.0,0.5,4.6,5.5,0
Munich,4,48.8,16.3,1351.0,0.9,6.7,4.7,0
Berlin,8,51.1,17.2,1827.0,0.9,3.4,7.3,1
Frankfurt,9,50.6,17.3,1478.0,0.9,3.3,6.1,1
Hamburg,12,55.8,18.8,1403.0,0.86,5.9,3.6,1
Munich,3,53.3,14.5,917.0,0.84,6.3,3.0,1
Cologne,9,49.6,16.1,1267.0,0.9,4.5,6.7,0
Cologne,1,44.3,15.6,1335.0,0.82,5.4,4.1,0
Munich,7,28.4,9.8,800.0,0.85,1.8,7.4,0
Cologne,8,49.3,19.3,1556.0,0.84,1.8,8.6,0
Munich,6,47.1,17.6,1784.0,0.58,4.1,5.8,0
Berlin,4,47.7,13.3,987.0,0.45,4.9,5.4,0
Munich,4,32.2,10.2,800.0,0.6,2.8,9.1,0
Berlin,7,34.2,10.5,1012.0,0.8,1.7,9.2,0
Munich,10,55.5,18.5,1543.0,0.84,2.8,7.2,1
Frankfurt,6,44.6,14.9,847.0,0.75,3.7,4.9,0
Hamburg,4,51.8,19.1,1614.0,0.62,6.5,3.0,1
Berlin,5,45.3,15.6,1051.0,0.59,6.4,4.3,0
Hamburg,10,45.3,18.8,1592.0,0.9,6.3,2.5,1
Cologne,4,54.4,18.9,1890.0,0.66,4.2,7.9,1
Berlin,1,39.8,10.8,828.0,0.7,2.3,7.8,0
Cologne,4,46.0,13.9,1330.0,0.9,5.3,4.7,0
Frankfurt,6,40.4,15.3,976.0,0.9,5.0,4.3,0
Frankfurt,11,40.7,8.7,800.0,0.77,4.7,5.8,0
Berlin,2,41.9,9.9,1198.0,0.55,1.2,7.7,0
Berlin,7,47.2,15.8,1323.0,0.81,3.4,8.7,0
Hamburg,9,40.2,16.3,1428.0,0.61,4.0,7.3,0
Cologne,12,57.6,23.1,2079.0,0.9,6.5,4.5,1
Hamburg,11,36.1,11.4,804.0,0.45,4.8,3.9,0
Berlin,10,43.1,17.6,1570.0,0.9,4.5,5.7,0
Hamburg,2,40.6,13.8,1235.0,0.9,4.6,6.7,0
Berlin,7,59.5,15.2,959.0,0.9,6.1,4.5,1
Munich,2,47.0,15.6,1553.0,0.7,5.7,3.3,1
Cologne,9,55.3,16.6,1588.0,0.82,6.0,3.3,1
Frankfurt,12,30.1,12.8,800.0,0.5,3.1,6.4,0
Frankfurt,1,47.7,15.8,1305.0,0.6,4.4,5.0,0
Hamburg,4,53.9,14.1,1084.0,0.75,5.5,6.0,1
Frankfurt,12,45.8,10.8,1146.0,0.9,5.3,2.8,1
Munich,2,55.7,18.5,1197.0,0.51,6.0,4.7,0
Munich,1,39.8,6.0,1202.0,0.66,4.6,4.2,0
Hamburg,2,59.1,18.1,1417.0,0.9,7.9,1.1,1
Frankfurt,10,68.0,23.4,2016.0,0.69,7.2,1.0,1
Frankfurt,6,41.4,10.6,1127.0,0.41,3.2,6.3,0
Berlin,5,40.5,16.5,1281.0,0.79,5.4,6.1,0
Hamburg,12,59.5,23.4,1850.0,0.78,3.9,6.4,1
Berlin,1,60.8,17.2,1277.0,0.81,4.5,4.3,1
Munich,3,39.8,12.4,812.0,0.64,4.5,6.5,0
Hamburg,12,40.8,16.6,1381.0,0.59,4.9,6.4,0
Berlin,10,42.2,14.1,1097.0,0.45,2.4,7.8,0
Munich,6,31.6,6.3,800.0,0.35,2.6,9.5,0
Frankfurt,5,35.8,11.5,830.0,0.44,2.7,8.1,0
Hamburg,6,35.0,9.1,843.0,0.83,2.8,7.9,0
Berlin,8,37.3,15.8,1102.0,0.46,5.1,4.0,0
Cologne,6,44.7,16.7,1287.0,0.5,5.5,5.1,0
Frankfurt,11,47.3,14.8,1367.0,0.51,4.7,5.5,0
Berlin,5,60.5,20.6,1697.0,0.71,5.2,5.3,1
Berlin,11,35.0,7.7,800.0,0.47,1.5,7.8,0
Hamburg,4,54.8,16.0,1277.0,0.69,7.6,2.5,1
Cologne,5,42.9,18.9,1603.0,0.53,5.2,4.0,0
Frankfurt,11,44.5,15.0,1398.0,0.9,3.4,4.5,0
Frankfurt,9,51.7,20.0,1452.0,0.9,6.3,4.7,1
Hamburg,10,33.8,12.0,845.0,0.83,3.3,5.2,0
Hamburg,11,48.8,20.2,1478.0,0.57,4.5,5.7,0
Hamburg,6,46.7,9.6,800.0,0.66,5.3,5.0,0
Cologne,5,49.9,16.1,1367.0,0.79,3.9,6.4,0
Hamburg,11,47.9,20.9,1791.0,0.59,4.3,5.4,0
Cologne,11,69.6,26.1,2294.0,0.88,7.1,3.1,1
Cologne,8,38.6,16.9,1330.0,0.75,3.1,7.4,0
Munich,5,39.7,13.2,800.0,0.76,5.0,5.8,0
Hamburg,5,38.8,11.3,1039.0,0.78,6.7,5.1,0
Hamburg,8,39.4,10.1,837.0,0.55,2.8,7.4,0
Frankfurt,9,38.6,9.6,800.0,0.73,1.4,8.7,0
Hamburg,8,56.9,21.4,1454.0,0.78,2.7,6.4,1
Cologne,9,59.2,21.3,1663.0,0.9,5.7,4.7,1
Hamburg,9,39.3,12.9,800.0,0.57,2.9,7.7,0
Berlin,8,36.7,13.8,1196.0,0.86,4.0,5.8,0
Frankfurt,7,49.7,17.0,1274.0,0.9,5.2,5.4,0
Berlin,7,39.5,16.0,1180.0,0.69,1.5,8.2,0
Cologne,12,51.3,20.0,1290.0,0.57,2.4,8.3,0
Berlin,1,47.0,12.5,1204.0,0.9,5.1,5.8,0
Cologne,7,29.8,10.8,810.0,0.72,3.2,7.7,0
Frankfurt,10,60.5,15.2,1230.0,0.9,5.4,4.7,1
Munich,6,63.0,21.4,1564.0,0.82,3.8,5.1,1
Berlin,12,38.9,14.8,852.0,0.89,4.6,4.8,0
Frankfurt,1,41.1,9.8,800.0,0.9,6.0,4.6,0
Munich,10,47.9,14.7,1102.0,0.52,5.2,7.2,0
Cologne,10,48.3,16.1,1350.0,0.67,3.6,6.1,0
Cologne,8,51.6,17.9,1361.0,0.5,5.2,5.2,0
Munich,9,65.1,20.9,1526.0,0.69,4.5,5.0,1
Frankfurt,11,43.2,10.9,800.0,0.9,5.9,3.1,1
Munich,11,37.0,12.2,984.0,0.64,3.8,5.5,0
Berlin,2,31.2,5.4,800.0,0.25,1.0,6.9,0
Munich,4,37.7,11.9,1213.0,0.59,3.3,8.0,0
Hamburg,11,44.7,13.6,1115.0,0.5,5.2,2.6,0
Berlin,7,62.9,20.6,1759.0,0.9,5.8,3.9,1
Frankfurt,12,39.8,11.6,878.0,0.85,3.6,5.3,0
Berlin,11,47.2,11.2,938.0,0.83,2.9,6.2,0
Cologne,1,44.8,13.8,930.0,0.48,5.3,6.0,0
Cologne,8,56.9,21.8,1505.0,0.46,4.7,5.5,0
Cologne,12,70.0,27.1,2172.0,0.9,3.8,5.3,1
Berlin,9,39.7,20.5,1758.0,0.44,3.4,6.0,0
Cologne,8,40.1,18.4,1086.0,0.88,5.5,3.8,1
Frankfurt,2,55.4,14.9,1091.0,0.9,5.0,5.0,1
Frankfurt,8,51.8,16.0,1652.0,0.86,7.8,2.4,1
Berlin,8,63.5,21.1,1783.0,0.88,7.0,4.9,1
Munich,2,50.8,16.7,1643.0,0.62,5.6,2.5,1
Munich,11,41.4,14.0,994.0,0.9,3.9,6.0,0
Frankfurt,9,50.9,24.2,1844.0,0.63,5.0,4.7,1
Berlin,1,56.1,15.4,1429.0,0.59,5.2,5.7,0
Frankfurt,7,53.2,15.6,1372.0,0.76,4.9,5.5,1
Cologne,2,50.1,21.6,1711.0,0.6,5.8,4.8,1
Cologne,8,55.7,16.7,1084.0,0.82,4.2,6.2,1
Frankfurt,8,56.7,20.1,1838.0,0.71,4.1,5.0,1
Cologne,4,58.8,22.7,2319.0,0.5,4.2,7.0,0
Hamburg,8,51.5,18.6,1175.0,0.65,8.2,2.6,1
Hamburg,5,43.3,15.0,1482.0,0.54,5.1,5.8,0
Hamburg,9,46.5,18.3,1371.0,0.54,5.1,6.2,0
Munich,1,57.1,16.3,1241.0,0.59,4.1,6.3,0
Munich,5,36.8,10.8,917.0,0.9,4.6,6.9,0
Berlin,9,48.7,17.8,1186.0,0.47,4.7,5.7,0
Munich,6,41.1,7.5,800.0,0.5,4.4,5.4,0
Frankfurt,4,45.3,19.3,1225.0,0.53,3.1,6.9,0
Berlin,1,57.8,20.2,1709.0,0.83,6.0,4.0,1
Berlin,10,46.9,16.1,1734.0,0.86,4.1,5.4,0
Frankfurt,12,45.5,10.3,800.0,0.9,3.4,8.2,0
Hamburg,6,31.4,6.6,800.0,0.66,4.2,6.1,0
Munich,11,52.5,16.3,1279.0,0.41,2.9,7.2,0
Berlin,7,51.5,19.6,1763.0,0.63,6.0,4.4,1
Hamburg,7,66.6,16.0,1360.0,0.76,7.7,5.3,1
Cologne,9,41.9,16.3,1491.0,0.82,2.9,6.0,0
Hamburg,4,47.2,14.7,1071.0,0.79,3.5,5.7,0
Hamburg,4,47.5,15.2,1300.0,0.55,4.4,4.2,0
Munich,5,60.8,21.0,1008.0,0.9,6.5,3.3,1
Cologne,12,44.0,15.5,1373.0,0.9,4.2,6.1,0
Berlin,9,47.8,13.8,860.0,0.9,5.4,4.1,0
Frankfurt,2,51.1,18.9,1447.0,0.75,7.8,1.7,1
Berlin,4,46.9,8.7,842.0,0.48,3.9,6.2,0
Munich,9,40.5,12.2,800.0,0.34,1.5,8.0,0
Berlin,6,46.9,16.1,1507.0,0.74,5.9,4.4,0
Munich,6,55.7,17.5,1379.0,0.86,8.1,3.0,1
Munich,7,34.7,6.1,800.0,0.9,4.1,6.6,0
Berlin,5,46.3,17.7,1237.0,0.51,3.0,7.9,0
Frankfurt,4,38.0,8.9,800.0,0.76,3.6,7.5,0
Frankfurt,11,57.0,18.8,1497.0,0.87,4.0,6.3,1
Berlin,3,29.8,10.4,948.0,0.56,3.9,5.9,0
Cologne,2,39.4,13.2,1190.0,0.46,1.9,7.3,0
Hamburg,7,48.8,19.8,1354.0,0.82,4.4,5.2,0
Frankfurt,5,60.7,20.1,1280.0,0.86,4.6,4.9,1
Munich,1,44.3,16.1,1223.0,0.9,4.6,6.1,0
Frankfurt,4,39.4,13.0,1142.0,0.88,3.4,7.0,0
Cologne,9,63.8,23.1,1942.0,0.9,6.6,4.1,1
Berlin,8,30.5,14.4,1463.0,0.77,3.1,5.8,0
Cologne,11,23.0,8.1,800.0,0.32,1.0,10.0,0
Hamburg,7,49.4,18.8,1136.0,0.9,5.9,3.7,1
Frankfurt,5,40.0,17.7,1655.0,0.9,3.9,5.0,0
Munich,1,34.8,15.7,1292.0,0.53,2.0,7.6,0
Munich,12,52.1,16.2,1353.0,0.82,8.6,3.9,1
Cologne,5,47.4,18.9,1667.0,0.79,5.5,4.2,0
Berlin,8,39.4,13.9,1362.0,0.9,3.7,6.0,0
Hamburg,4,32.2,14.1,1122.0,0.5,5.3,4.5,0
Berlin,12,53.7,19.6,1804.0,0.9,8.1,1.7,1
Frankfurt,5,51.5,18.0,1550.0,0.9,4.9,4.3,1
Cologne,8,44.0,16.0,1147.0,0.9,4.9,5.2,0
Cologne,5,63.5,21.9,1707.0,0.78,4.9,6.2,1
Munich,4,34.3,12.3,1109.0,0.9,3.2,7.1,0
Frankfurt,11,29.7,9.4,800.0,0.41,2.7,6.2,0
Munich,4,38.1,11.9,1132.0,0.55,4.1,5.6,0
Berlin,6,44.5,20.1,1643.0,0.63,5.0,4.5,0
Cologne,10,47.4,17.2,1456.0,0.48,5.6,4.5,0
Cologne,1,42.6,12.5,1286.0,0.65,4.6,6.7,0
Hamburg,4,48.5,15.3,1299.0,0.45,3.0,6.8,0
Berlin,1,32.5,14.0,1134.0,0.73,1.8,8.1,0
Frankfurt,12,59.4,17.6,1392.0,0.71,5.1,6.7,1
Hamburg,6,44.2,10.3,800.0,0.82,4.0,6.9,0
Cologne,8,56.2,14.5,1222.0,0.74,7.2,3.4,1
Frankfurt,4,48.4,11.0,1149.0,0.43,3.1,8.9,0
Munich,8,49.6,12.6,888.0,0.5,4.4,6.1,0
Berlin,2,50.7,13.4,931.0,0.65,6.5,1.5,1
Munich,5,49.5,20.6,1909.0,0.49,4.5,6.3,0
Cologne,3,51.4,17.0,1247.0,0.62,5.8,2.6,1
Hamburg,7,58.3,18.3,1510.0,0.83,5.6,4.8,1
Munich,9,47.0,11.3,800.0,0.61,5.1,3.2,1
Cologne,1,52.1,16.9,1019.0,0.65,4.9,4.7,1
Munich,8,44.1,9.5,800.0,0.5,5.4,4.2,0
Berlin,4,59.4,18.7,1718.0,0.9,3.6,5.6,1
Munich,10,38.2,18.9,1503.0,0.45,3.3,6.4,0
Berlin,11,63.0,23.0,1543.0,0.75,6.7,4.3,1
Berlin,5,44.6,14.2,1161.0,0.69,5.3,4.0,0
Frankfurt,12,30.7,12.3,835.0,0.9,5.3,5.2,0
Hamburg,1,46.3,13.9,800.0,0.69,4.0,5.0,0
Munich,5,38.2,10.3,810.0,0.73,6.0,3.8,1
Cologne,9,53.4,22.9,1937.0,0.84,4.4,6.0,1
Frankfurt,8,38.5,9.4,987.0,0.85,5.8,3.2,1
Hamburg,8,40.5,12.5,1347.0,0.51,5.3,3.4,0
Frankfurt,6,26.1,9.6,900.0,0.45,1.2,9.3,0
Munich,12,40.5,10.7,1041.0,0.9,4.5,6.6,0
Munich,9,20.8,8.9,800.0,0.59,2.0,7.9,0
Munich,4,29.2,8.8,1028.0,0.65,3.9,5.7,0
Hamburg,6,52.6,19.5,1816.0,0.54,4.9,5.2,0
Frankfurt,3,52.9,19.4,1477.0,0.9,4.8,5.2,1
Cologne,2,49.3,15.7,1391.0,0.63,7.0,3.3,1
Frankfurt,9,35.3,16.9,1469.0,0.43,3.4,4.1,0
Hamburg,5,44.5,12.8,1322.0,0.75,5.7,3.2,1
Berlin,11,45.0,19.0,1493.0,0.67,4.2,5.0,0
Berlin,2,33.4,14.7,1024.0,0.9,5.8,4.3,0
Berlin,5,60.0,25.3,1928.0,0.53,5.0,5.2,0
Cologne,6,53.8,18.4,1655.0,0.71,4.5,6.2,1
Hamburg,8,42.8,11.9,800.0,0.65,6.6,3.7,1
Hamburg,5,45.3,21.3,1106.0,0.81,3.9,4.8,0
Berlin,12,47.1,14.7,1354.0,0.79,7.1,4.3,1
Hamburg,2,24.6,5.8,800.0,0.78,3.8,7.5,0
Hamburg,7,42.5,13.6,1092.0,0.6,4.0,4.7,0
Munich,5,38.2,9.8,800.0,0.59,1.1,9.2,0
Cologne,11,35.0,13.2,800.0,0.65,3.5,5.9,0
Hamburg,2,42.2,12.2,853.0,0.64,4.4,5.8,0
Berlin,12,63.0,20.1,1683.0,0.9,8.0,3.0,1
Frankfurt,6,51.4,20.0,1486.0,0.81,7.5,4.6,1
Frankfurt,11,39.3,15.0,1377.0,0.83,2.9,7.8,0
Cologne,7,50.7,17.0,1166.0,0.81,6.3,4.0,1
Hamburg,8,59.0,20.2,1510.0,0.9,7.0,2.6,1
Munich,3,54.2,18.1,1590.0,0.69,7.0,3.1,1
Hamburg,11,45.6,13.9,1037.0,0.53,5.3,6.1,0
Berlin,4,38.5,12.8,961.0,0.48,1.0,9.0,0
Hamburg,12,52.0,18.8,1375.0,0.56,5.0,4.1,0
Frankfurt,6,48.9,15.9,1109.0,0.59,3.2,5.2,0
Frankfurt,3,54.0,19.2,1610.0,0.58,5.1,5.4,0
Cologne,11,51.4,14.6,1265.0,0.9,6.6,3.6,1
Berlin,6,55.5,16.7,1380.0,0.84,6.0,3.3,1
Cologne,9,39.6,11.0,800.0,0.78,5.7,5.3,0
Hamburg,12,58.2,17.7,1375.0,0.9,6.3,3.2,1
Munich,5,47.0,19.5,1881.0,0.42,2.8,7.1,0
Cologne,2,65.8,24.1,1643.0,0.85,2.8,7.2,1
Frankfurt,10,38.1,9.5,1135.0,0.69,4.0,5.6,0
Berlin,2,62.4,22.1,1788.0,0.58,5.9,4.3,0
Hamburg,11,47.0,14.5,1123.0,0.85,3.2,7.9,0
Berlin,7,38.5,10.8,1053.0,0.54,1.3,7.6,0
Berlin,4,40.2,8.9,800.0,0.71,2.9,7.6,0
Berlin,9,41.8,16.8,1624.0,0.9,3.9,6.3,0
Frankfurt,9,49.2,12.3,1357.0,0.9,5.9,4.2,0
Munich,6,50.2,16.6,1545.0,0.9,5.3,5.6,1
Cologne,10,39.3,10.2,800.0,0.77,6.3,3.7,1
Frankfurt,5,44.8,17.2,1533.0,0.8,2.9,7.6,0
Munich,7,66.4,21.1,2020.0,0.74,8.0,2.8,1
Hamburg,5,62.3,20.4,1937.0,0.9,6.3,3.2,1
Cologne,9,49.4,16.2,1011.0,0.7,6.0,4.3,0
Munich,9,45.4,16.0,1486.0,0.67,3.9,5.9,0
Hamburg,7,46.2,15.4,1594.0,0.9,6.2,3.6,1
Cologne,4,51.1,16.9,1359.0,0.9,5.6,4.1,1
Hamburg,1,34.8,10.0,800.0,0.89,2.5,8.0,0
Frankfurt,4,42.4,9.4,919.0,0.63,4.2,5.9,0
Hamburg,12,28.3,6.1,800.0,0.41,2.5,7.9,0
Berlin,3,49.0,18.5,1451.0,0.9,5.6,4.3,0
Frankfurt,1,51.5,16.2,1061.0,0.66,3.4,5.0,1
Hamburg,10,40.2,11.4,1108.0,0.9,4.0,6.1,0
Frankfurt,4,60.7,16.0,1129.0,0.9,6.7,3.4,1
Cologne,7,32.7,5.8,800.0,0.89,3.3,6.9,0
Berlin,2,30.4,8.0,952.0,0.85,5.1,4.4,0
Berlin,12,47.2,18.4,1141.0,0.9,5.9,2.9,1
Hamburg,12,55.5,16.8,1527.0,0.55,5.5,5.1,0
Cologne,7,61.8,21.8,1704.0,0.9,6.5,3.2,1
Frankfurt,6,40.4,11.7,897.0,0.53,4.5,5.7,0
Hamburg,9,55.8,20.5,1744.0,0.52,6.2,3.5,1
Munich,11,44.6,13.8,951.0,0.6,1.7,8.3,0
Hamburg,2,43.3,10.7,800.0,0.82,3.9,5.7,0
Munich,6,53.8,17.1,1014.0,0.79,3.2,5.9,1
Berlin,11,51.5,22.7,2060.0,0.76,7.1,3.4,1
Hamburg,6,29.2,15.1,1135.0,0.79,2.8,6.6,0
Hamburg,6,59.8,21.4,1825.0,0.9,5.7,4.5,1
Berlin,3,58.8,19.2,1438.0,0.9,7.2,3.2,1
Frankfurt,6,38.7,13.8,874.0,0.66,4.5,4.9,0
Hamburg,9,49.0,17.3,1512.0,0.73,3.2,5.6,0
Cologne,12,49.9,16.5,1388.0,0.9,4.9,7.5,0
Berlin,11,47.6,17.2,1328.0,0.9,4.3,5.2,0
Frankfurt,3,39.5,13.8,1164.0,0.29,1.3,9.3,0
Berlin,2,38.3,11.8,800.0,0.41,2.8,9.1,0
Berlin,8,44.7,11.3,1118.0,0.41,4.2,6.6,0
Frankfurt,3,56.7,17.5,1661.0,0.77,5.5,4.2,1
Frankfurt,12,50.4,19.2,1689.0,0.6,2.8,7.1,1
Frankfurt,5,41.3,13.7,1019.0,0.82,5.9,3.3,1
Cologne,5,52.7,18.5,1490.0,0.87,5.1,5.8,1
Munich,2,20.0,5.8,800.0,0.52,2.1,8.5,0
Berlin,2,56.5,15.7,1508.0,0.64,6.2,3.2,1
Hamburg,6,27.6,8.5,1078.0,0.52,1.6,7.4,0
Munich,2,41.4,10.7,800.0,0.45,4.8,3.9,0
Hamburg,6,33.8,8.0,800.0,0.84,2.8,8.2,0
Hamburg,12,32.1,14.3,1171.0,0.52,1.9,8.3,0
Hamburg,12,56.6,17.6,1490.0,0.9,6.5,3.7,1
Cologne,7,40.3,11.2,869.0,0.71,6.3,2.9,1
Cologne,4,48.5,21.0,1603.0,0.87,5.9,2.6,1
Munich,10,44.5,17.3,1637.0,0.82,5.8,5.1,0
Frankfurt,4,49.8,15.5,1220.0,0.53,4.2,5.8,0
Cologne,3,45.8,16.5,1080.0,0.68,2.2,8.7,0
Berlin,1,32.2,10.0,800.0,0.54,5.5,4.2,0
Munich,4,55.0,16.2,1349.0,0.9,8.6,1.2,1
Berlin,3,40.1,14.8,1783.0,0.9,6.3,4.4,0
Hamburg,8,29.4,8.8,800.0,0.65,2.4,8.3,0
Berlin,5,40.7,13.8,1041.0,0.76,2.3,8.5,0
Cologne,7,60.0,23.1,2326.0,0.58,4.4,5.3,0
Berlin,3,53.5,20.6,1549.0,0.37,2.8,7.8,0
Hamburg,3,41.5,12.2,1066.0,0.43,4.0,7.1,0
Hamburg,11,41.5,15.3,1599.0,0.69,6.6,3.3,1
Cologne,6,41.8,10.5,800.0,0.64,4.0,5.5,0
Munich,10,65.8,23.3,1800.0,0.87,7.0,4.3,1
Frankfurt,4,48.8,16.7,1241.0,0.9,6.9,2.4,1
Munich,8,49.3,17.6,1102.0,0.9,4.3,6.3,0
Frankfurt,3,55.3,17.5,1717.0,0.9,8.6,1.4,1
Cologne,5,47.4,22.0,1647.0,0.86,7.7,1.0,1
Cologne,1,42.4,11.4,800.0,0.56,4.0,7.1,0
Cologne,1,43.0,17.3,1292.0,0.63,3.4,3.8,1
Hamburg,8,44.3,11.7,1119.0,0.64,5.5,2.5,1
Munich,7,44.6,16.4,1334.0,0.77,3.9,6.6,0
Frankfurt,1,52.3,19.2,1374.0,0.87,3.5,7.0,1
Munich,6,45.5,15.3,1309.0,0.83,6.5,2.9,1
Frankfurt,2,52.3,16.0,1439.0,0.58,7.1,3.1,1
Berlin,12,44.2,15.2,1208.0,0.9,4.7,2.8,1
Munich,1,45.8,16.1,1238.0,0.51,2.7,8.0,0
Berlin,10,25.0,13.7,1300.0,0.8,1.0,9.2,0
Cologne,5,54.2,15.4,1199.0,0.9,5.6,4.4,1
Hamburg,5,48.5,14.5,1481.0,0.65,4.1,5.9,0
Hamburg,2,55.0,19.2,1383.0,0.48,5.0,5.5,0
Munich,12,20.0,5.9,800.0,0.9,3.5,6.4,0
Berlin,5,65.9,21.7,1552.0,0.9,7.7,1.0,1
Berlin,7,43.6,17.7,1372.0,0.67,6.4,5.8,0
Frankfurt,4,56.1,10.2,819.0,0.73,4.1,7.1,1
Munich,2,34.6,9.7,800.0,0.73,2.9,5.8,0
Munich,5,51.1,11.8,965.0,0.65,6.3,3.4,1
Berlin,11,34.5,7.9,800.0,0.46,4.1,5.6,0
Berlin,6,38.8,20.1,1318.0,0.67,6.2,4.9,0
Hamburg,8,64.1,23.2,1750.0,0.58,7.0,1.0,1
Munich,9,43.1,17.2,1491.0,0.6,7.1,2.4,1
Hamburg,11,47.2,15.5,1021.0,0.57,5.5,2.7,0
Cologne,10,53.7,20.2,1551.0,0.64,7.0,2.8,1
Cologne,8,50.0,11.4,1126.0,0.57,4.5,5.0,0
Berlin,7,46.5,18.6,1848.0,0.9,4.7,5.4,0
Frankfurt,9,48.6,13.8,1189.0,0.86,6.2,3.2,1
Berlin,9,69.0,21.4,1680.0,0.9,9.3,1.0,1
Munich,6,44.4,16.3,1206.0,0.82,5.5,5.1,0
Berlin,12,47.0,16.6,1512.0,0.43,4.6,5.9,0
Hamburg,3,55.5,18.8,1727.0,0.9,7.6,2.9,1
Berlin,12,56.1,14.6,936.0,0.64,2.3,7.5,1
Hamburg,11,56.9,19.3,1723.0,0.65,3.6,5.9,1
Cologne,8,51.4,20.0,1479.0,0.9,6.2,3.7,1
Hamburg,3,33.6,9.6,800.0,0.81,3.4,7.1,0
Munich,1,61.3,24.4,1920.0,0.75,7.0,1.0,1
Berlin,12,33.5,8.6,883.0,0.9,3.5,6.9,0
Munich,4,48.0,16.0,1344.0,0.9,5.7,4.7,0
Hamburg,9,37.5,17.1,1424.0,0.9,2.5,7.5,0
Hamburg,8,44.4,12.7,1090.0,0.52,5.3,4.6,0
Hamburg,6,48.3,19.3,1634.0,0.9,6.3,1.1,1
Hamburg,3,48.2,22.0,1737.0,0.86,6.7,2.9,1
Hamburg,3,49.2,16.9,1480.0,0.9,7.9,3.8,1
Berlin,7,61.1,18.8,1372.0,0.65,6.5,3.5,1
Frankfurt,5,49.5,14.2,1266.0,0.55,5.4,4.3,0
Munich,3,42.6,18.1,1619.0,0.35,2.0,8.0,0
Cologne,12,54.6,22.0,1903.0,0.69,4.7,5.7,1
Cologne,12,56.9,23.3,2015.0,0.6,5.4,5.3,1
Munich,12,32.7,10.8,958.0,0.49,4.8,4.9,0
Berlin,1,51.0,20.1,1843.0,0.9,4.2,6.2,1
Munich,11,52.0,17.2,921.0,0.9,6.4,5.3,1
Hamburg,9,42.0,11.4,1079.0,0.72,4.2,6.8,0
Frankfurt,11,58.8,23.0,2232.0,0.9,5.6,6.7,1
Munich,12,43.5,19.4,1428.0,0.8,4.7,4.6,0
Berlin,12,46.3,12.4,842.0,0.51,4.0,7.6,0
Hamburg,5,43.3,11.3,1162.0,0.76,3.7,5.5,0
Munich,11,45.2,15.2,1028.0,0.71,2.0,8.4,0
Munich,7,34.0,14.2,1004.0,0.49,3.0,7.7,0
Hamburg,10,30.6,6.8,800.0,0.51,2.3,7.1,0
Berlin,9,60.9,21.0,1520.0,0.7,5.3,4.8,1
Frankfurt,4,36.5,10.4,1007.0,0.78,4.3,6.6,0
Frankfurt,12,35.1,13.8,946.0,0.5,4.5,4.8,0
Hamburg,11,23.5,5.4,800.0,0.78,2.7,9.0,0
Cologne,5,38.6,15.2,1272.0,0.68,5.4,3.3,1
Berlin,3,31.8,10.1,1142.0,0.82,4.0,7.9,0
Cologne,7,61.4,17.7,1646.0,0.9,5.7,5.3,1
Cologne,1,55.1,18.6,1379.0,0.9,4.8,5.1,1
Cologne,8,38.1,6.9,800.0,0.86,4.3,5.3,0
Berlin,3,67.5,20.8,1834.0,0.7,7.6,1.9,1
Cologne,4,54.8,19.3,1412.0,0.9,7.6,2.3,1
Hamburg,10,41.8,8.6,800.0,0.88,6.0,4.0,1
Munich,4,20.0,5.0,800.0,0.72,1.2,10.0,0
Hamburg,11,67.9,15.6,1385.0,0.9,6.6,5.3,1
Munich,7,31.1,14.3,1019.0,0.59,4.1,6.1,0
Frankfurt,12,28.5,9.3,800.0,0.81,4.5,4.7,0
Cologne,7,55.2,16.8,1341.0,0.71,6.9,2.5,1
Frankfurt,4,69.4,26.0,2114.0,0.75,6.8,3.0,1
Frankfurt,6,58.8,18.4,1604.0,0.71,4.0,5.0,1
Berlin,8,50.6,17.7,1366.0,0.64,3.6,5.3,1
Cologne,10,50.9,17.1,1216.0,0.84,5.5,6.6,1
Frankfurt,4,53.5,16.4,943.0,0.9,5.9,4.4,1
Munich,1,52.6,18.4,1494.0,0.74,3.6,5.6,1
Munich,7,47.8,18.3,1429.0,0.9,4.8,6.0,0
Berlin,2,46.0,14.8,1041.0,0.9,5.6,3.3,1
Frankfurt,11,44.4,13.4,1085.0,0.9,2.7,6.2,0
Frankfurt,3,37.5,11.5,1088.0,0.9,5.4,3.8,1
Frankfurt,8,42.2,7.2,800.0,0.69,3.7,8.0,0
Berlin,2,28.1,10.2,800.0,0.68,4.7,5.1,0
Cologne,2,44.0,11.0,811.0,0.82,3.6,4.0,1
Frankfurt,4,35.1,13.6,1280.0,0.71,2.0,9.2,0
Frankfurt,6,34.0,11.1,1203.0,0.74,2.7,7.0,0
Hamburg,10,46.8,15.9,1110.0,0.86,4.5,3.6,1
Munich,11,58.9,21.7,2015.0,0.9,5.3,4.4,1
Cologne,2,54.2,15.3,952.0,0.59,5.1,5.4,0
Cologne,9,29.3,10.9,1099.0,0.71,3.4,7.0,0
Cologne,12,35.1,12.5,944.0,0.72,3.3,8.5,0
Frankfurt,2,54.4,17.6,1719.0,0.64,5.3,3.8,1
Hamburg,9,35.2,8.9,800.0,0.84,1.0,9.0,0
Cologne,7,42.8,16.0,1221.0,0.9,4.9,4.4,0
Berlin,11,50.5,18.9,1489.0,0.64,4.9,3.5,1
Berlin,3,35.3,12.1,800.0,0.71,5.9,4.9,0
Munich,9,46.1,12.1,800.0,0.79,3.2,7.3,0
Hamburg,9,31.7,9.0,820.0,0.26,1.0,9.3,0
Cologne,6,39.0,12.8,1223.0,0.72,4.8,5.6,0
Hamburg,2,48.2,18.1,1572.0,0.67,5.3,4.0,1
Berlin,7,29.1,5.0,800.0,0.78,1.4,7.6,0
Cologne,4,49.4,14.8,1278.0,0.81,2.6,7.4,0
Frankfurt,4,44.8,13.7,900.0,0.74,6.8,4.4,0
Berlin,7,50.5,16.6,1409.0,0.9,7.2,4.4,1
Munich,5,47.2,11.8,1174.0,0.8,1.0,9.8,0
Cologne,1,58.6,18.9,1585.0,0.79,5.2,4.9,1
Munich,3,46.3,14.5,1453.0,0.65,7.1,3.1,1
Hamburg,7,40.7,10.5,806.0,0.83,3.4,6.7,0
Munich,9,46.2,15.1,1161.0,0.59,3.9,5.1,0
Munich,9,50.4,15.2,1228.0,0.75,4.6,5.4,1
Frankfurt,7,45.5,16.6,1063.0,0.37,2.9,5.8,0
Munich,5,45.4,12.5,918.0,0.6,2.0,7.9,0
Frankfurt,4,38.0,12.9,971.0,0.7,5.4,6.3,0
Munich,9,38.4,10.4,800.0,0.67,1.1,9.8,0
Frankfurt,6,31.0,8.5,800.0,0.4,3.5,5.6,0
Berlin,10,62.5,21.7,1442.0,0.9,7.6,2.3,1
Frankfurt,2,32.6,11.6,800.0,0.72,1.1,8.1,0
Berlin,3,38.1,11.4,1142.0,0.33,2.4,7.5,0
Berlin,7,37.8,11.8,800.0,0.9,5.6,5.4,0
Cologne,4,53.9,13.6,1213.0,0.59,6.2,4.5,0
Berlin,7,42.1,18.2,1383.0,0.78,3.3,9.2,0
Cologne,12,57.5,21.2,1730.0,0.85,7.6,3.6,1
Frankfurt,12,38.3,14.7,1488.0,0.81,5.6,4.6,0
Hamburg,5,47.8,11.1,865.0,0.66,5.2,5.5,0
Cologne,1,36.6,10.4,959.0,0.46,2.3,7.5,0
Hamburg,10,66.5,21.1,1703.0,0.54,6.0,2.8,1
Frankfurt,3,33.1,5.2,800.0,0.9,3.7,7.6,0
Cologne,9,48.1,18.7,1450.0,0.79,4.5,6.5,0
Frankfurt,4,51.3,21.5,1858.0,0.9,6.5,3.2,1
Hamburg,12,49.1,22.6,1659.0,0.84,2.6,7.7,0
Frankfurt,5,43.1,11.2,800.0,0.83,2.1,9.2,0
Hamburg,2,43.7,14.9,1208.0,0.79,4.6,6.2,0
Berlin,10,45.4,19.1,1568.0,0.44,3.8,4.7,0
Hamburg,11,43.5,13.7,800.0,0.9,3.4,6.8,0
Hamburg,8,54.6,16.5,1319.0,0.41,2.8,7.0,0
Berlin,1,67.1,16.8,1096.0,0.85,6.7,4.4,1
Cologne,11,39.4,16.5,1449.0,0.9,3.9,7.2,0
Munich,4,31.3,10.4,800.0,0.69,4.1,7.2,0
Cologne,6,44.1,12.5,1386.0,0.53,4.5,4.4,0
Munich,8,70.0,24.2,1867.0,0.76,6.8,2.4,1
Berlin,4,37.0,12.8,849.0,0.9,5.5,5.7,0
Cologne,2,61.4,21.0,1621.0,0.9,4.2,5.2,1
Frankfurt,4,61.8,19.9,1707.0,0.9,7.0,1.5,1
Frankfurt,1,39.5,18.0,1620.0,0.8,1.4,9.1,0
Cologne,8,50.7,16.5,1265.0,0.42,3.8,5.6,0
Frankfurt,9,61.3,25.3,1735.0,0.58,4.3,7.5,0
Berlin,3,41.2,15.4,992.0,0.69,5.3,5.0,0
Frankfurt,8,43.0,15.4,1287.0,0.42,4.2,6.0,0
Frankfurt,9,39.2,12.7,1215.0,0.62,3.9,5.7,0
Munich,12,34.9,14.5,1387.0,0.35,1.8,9.8,0
Munich,8,38.5,13.2,1088.0,0.68,3.4,7.0,0
Hamburg,2,32.8,8.1,843.0,0.31,2.1,7.5,0
Berlin,2,45.3,12.2,1360.0,0.62,5.1,4.1,0
Frankfurt,10,37.3,13.7,1334.0,0.83,2.2,7.7,0
Berlin,4,47.3,13.1,1229.0,0.66,6.7,2.3,1
Berlin,1,29.4,9.6,800.0,0.29,1.0,10.0,0
Munich,12,48.3,19.3,1734.0,0.53,3.6,4.6,0
Frankfurt,3,53.3,18.7,1587.0,0.9,7.8,2.0,1
Hamburg,4,25.1,6.2,800.0,0.64,1.9,8.8,0
Cologne,12,48.7,20.5,1890.0,0.7,2.9,7.4,0
Hamburg,2,57.3,20.7,1731.0,0.5,6.1,3.2,1
Munich,12,32.9,14.0,1101.0,0.61,2.6,8.1,0
Hamburg,7,61.7,13.8,888.0,0.61,4.9,4.2,1
Munich,10,49.2,17.4,1332.0,0.57,3.3,6.7,0
Munich,3,37.9,15.2,1257.0,0.9,7.9,2.7,1
Berlin,7,44.4,19.9,1649.0,0.9,4.1,6.4,0
Frankfurt,7,50.6,12.5,1046.0,0.42,2.2,7.2,0
Cologne,11,45.8,18.9,1702.0,0.9,6.8,4.4,0
Munich,9,50.4,21.7,1911.0,0.53,6.0,4.1,0
Munich,4,35.8,5.9,800.0,0.52,2.4,8.3,0
Berlin,4,46.7,17.0,1191.0,0.49,3.3,8.3,0
Cologne,1,30.9,12.1,1048.0,0.9,4.1,7.0,0
Munich,11,43.9,13.6,1541.0,0.51,4.0,7.1,0
Frankfurt,6,36.0,10.5,906.0,0.6,1.0,9.2,0
Frankfurt,6,37.6,14.6,1105.0,0.62,6.4,4.3,0
Berlin,7,57.4,17.3,1489.0,0.74,5.1,5.1,1
Munich,9,55.9,18.0,1558.0,0.84,7.8,1.0,1
Cologne,10,51.1,19.5,1674.0,0.58,7.0,3.3,1
Berlin,10,34.1,16.6,1604.0,0.79,1.9,8.4,0
Berlin,10,41.8,15.6,1322.0,0.9,5.7,4.9,0
Hamburg,9,57.1,19.4,1821.0,0.6,4.7,5.1,1
Berlin,5,46.4,13.9,1160.0,0.66,1.8,7.4,0
Hamburg,2,68.2,19.7,1878.0,0.73,6.2,4.5,1
Hamburg,1,48.9,19.6,1813.0,0.9,5.5,3.2,1
Munich,2,46.9,15.2,1399.0,0.82,4.0,7.5,0
Frankfurt,2,41.9,17.4,1552.0,0.44,3.7,6.0,0
Cologne,12,46.3,14.5,1617.0,0.9,6.3,3.9,1
Berlin,1,43.5,12.5,1219.0,0.53,4.5,6.1,0
Munich,12,52.1,18.6,1320.0,0.5,3.9,6.6,0
Cologne,8,54.6,18.0,1486.0,0.9,6.5,2.1,1
Berlin,3,37.1,8.8,800.0,0.51,4.0,6.8,0
Frankfurt,10,31.7,16.0,1694.0,0.32,1.0,9.3,0
Frankfurt,10,26.6,7.0,810.0,0.57,3.3,6.1,0
Hamburg,12,50.1,19.5,1964.0,0.9,5.6,3.7,1
Hamburg,8,34.0,13.8,956.0,0.48,3.4,6.2,0
Cologne,6,23.5,5.0,800.0,0.59,3.7,5.0,0
Berlin,1,48.9,13.3,800.0,0.57,3.9,7.8,0
Hamburg,7,69.9,22.4,1474.0,0.79,7.5,4.0,1
Munich,3,44.9,12.4,911.0,0.74,2.1,8.3,0
Hamburg,9,53.4,23.0,2140.0,0.74,5.9,3.8,1
Cologne,9,45.8,14.7,975.0,0.9,7.5,2.3,1
Munich,4,44.0,17.3,1384.0,0.73,2.9,7.8,0
Frankfurt,2,54.2,19.6,1806.0,0.63,4.3,7.5,1
Munich,10,42.1,14.8,1355.0,0.62,3.1,6.3,0
Cologne,9,47.7,16.0,1724.0,0.87,5.0,3.9,1
Frankfurt,5,48.2,19.8,1583.0,0.68,3.2,8.3,0
Berlin,11,38.3,10.3,800.0,0.9,4.5,3.7,1
Cologne,12,54.9,23.5,1660.0,0.9,6.8,2.2,1
Hamburg,8,43.3,10.6,800.0,0.89,5.1,4.6,0
Cologne,9,37.4,14.8,965.0,0.85,1.1,7.3,0
Cologne,11,50.4,12.6,800.0,0.88,6.5,4.6,1
Cologne,1,36.0,11.1,1277.0,0.47,5.0,5.8,0
Frankfurt,11,45.3,15.4,1240.0,0.79,5.8,3.7,1
Cologne,3,44.9,13.5,1599.0,0.59,5.1,6.2,0
Berlin,7,55.9,18.1,1278.0,0.7,5.9,5.5,1
Cologne,2,49.7,12.4,908.0,0.82,6.5,3.4,1
Hamburg,4,44.7,12.0,801.0,0.75,7.4,2.2,1
Munich,4,53.2,19.2,1410.0,0.58,3.9,8.4,0
Frankfurt,7,58.9,19.7,1753.0,0.82,7.5,3.2,1
Hamburg,2,50.6,14.8,1296.0,0.62,4.9,5.3,1
Berlin,8,45.1,19.0,1696.0,0.52,4.3,7.0,0
Cologne,8,31.9,7.0,826.0,0.71,1.0,9.3,0
Frankfurt,6,34.3,10.4,1051.0,0.59,3.0,6.5,0
Frankfurt,4,41.9,12.5,800.0,0.83,2.7,7.4,0
Frankfurt,2,38.9,14.8,1080.0,0.89,3.2,7.8,0
Hamburg,3,43.1,14.5,1186.0,0.78,2.7,5.3,0
Munich,3,45.6,14.9,1935.0,0.63,3.9,5.8,0
Munich,12,50.3,11.2,1053.0,0.85,4.4,7.0,1
Berlin,3,44.3,17.4,1410.0,0.52,4.6,4.9,0
Hamburg,4,49.9,16.0,1412.0,0.72,2.6,9.0,0
Hamburg,7,45.6,15.6,1124.0,0.56,2.4,9.0,0
Hamburg,9,25.2,6.2,800.0,0.75,3.1,6.9,0
Cologne,10,35.6,9.2,923.0,0.77,2.4,7.1,0
Hamburg,4,43.6,19.0,1516.0,0.84,6.0,3.7,1
Hamburg,7,32.9,5.6,800.0,0.77,3.6,9.0,0
Frankfurt,10,51.0,13.8,1091.0,0.63,6.0,5.9,1
Frankfurt,6,60.3,24.5,1900.0,0.9,8.1,2.0,1
Frankfurt,10,57.2,21.0,1407.0,0.74,5.3,4.1,1
Hamburg,9,42.9,13.3,951.0,0.63,3.4,6.7,0
Hamburg,8,59.9,23.7,1618.0,0.81,7.3,2.9,1
Frankfurt,2,46.5,16.8,1100.0,0.66,5.4,3.3,1
Berlin,3,41.6,14.6,938.0,0.58,3.9,6.2,0
Berlin,6,38.9,13.6,1281.0,0.9,6.0,5.3,0
Munich,5,42.0,15.4,1529.0,0.73,3.9,4.3,0
Cologne,2,41.1,15.2,911.0,0.43,4.2,6.7,0
Cologne,2,46.7,22.2,2089.0,0.46,4.7,6.7,0
Munich,5,46.6,15.0,971.0,0.71,3.3,6.2,0
Frankfurt,5,45.0,14.5,1311.0,0.9,4.6,7.1,0
Frankfurt,1,49.4,12.7,1071.0,0.58,7.0,2.3,1
Hamburg,10,56.9,18.8,1632.0,0.82,6.4,4.1,1
Cologne,11,54.5,23.8,1667.0,0.9,5.5,4.2,1
Hamburg,3,30.2,13.0,800.0,0.34,2.8,6.9,0
Hamburg,9,20.0,5.0,800.0,0.49,2.5,6.9,0
Cologne,10,54.3,18.2,1542.0,0.9,6.6,4.1,1
Frankfurt,3,31.3,6.6,916.0,0.45,4.0,6.8,0
Berlin,6,42.8,11.3,800.0,0.75,3.8,6.2,0
Frankfurt,6,33.3,11.5,904.0,0.7,3.8,4.8,0
Frankfurt,2,27.0,7.5,800.0,0.46,3.4,7.0,0
Hamburg,7,50.4,13.7,1090.0,0.4,3.5,6.9,0
Hamburg,9,52.6,19.0,1134.0,0.78,5.5,4.3,1
Hamburg,9,39.2,12.8,1326.0,0.69,1.0,10.0,0
Cologne,8,20.0,5.0,800.0,0.44,2.7,5.7,0
Cologne,5,39.5,7.0,800.0,0.86,4.9,2.8,1
Munich,8,48.9,14.6,1121.0,0.83,6.0,3.3,1
Hamburg,9,30.2,5.3,800.0,0.54,2.4,8.3,0
Cologne,1,46.8,10.0,1026.0,0.86,5.1,3.8,1
Munich,1,44.8,18.3,1493.0,0.65,6.6,2.4,1
Hamburg,11,50.8,16.6,1365.0,0.83,7.2,3.8,1
Hamburg,5,46.2,14.6,1009.0,0.76,4.6,5.9,0
Berlin,7,35.3,11.2,800.0,0.66,3.7,6.6,0
Cologne,9,57.0,15.6,1043.0,0.81,7.4,3.4,1
Munich,9,43.4,15.7,1109.0,0.75,2.1,7.5,0
Hamburg,3,44.7,14.5,1412.0,0.79,4.0,5.6,0
Cologne,1,35.7,9.6,1131.0,0.86,5.6,5.2,0
Munich,3,40.6,11.7,800.0,0.9,5.5,3.1,1
Berlin,8,36.2,8.4,800.0,0.9,4.2,3.7,1
Munich,7,43.3,13.2,993.0,0.64,2.1,7.5,0
Hamburg,5,62.1,20.0,1878.0,0.72,6.1,4.8,1
Frankfurt,11,31.3,9.1,800.0,0.78,2.2,8.0,0
Frankfurt,10,28.9,9.8,800.0,0.45,3.4,7.5,0
Berlin,12,59.7,19.7,1425.0,0.75,4.8,3.2,1
Hamburg,9,42.9,15.0,893.0,0.65,2.8,7.6,0
Hamburg,4,38.3,15.6,1400.0,0.84,1.0,9.7,0
Cologne,6,55.4,20.2,1690.0,0.9,7.4,1.3,1
Frankfurt,12,38.9,15.8,1343.0,0.84,3.3,7.6,0
Cologne,5,63.3,18.5,1364.0,0.81,6.6,3.3,1
Hamburg,6,51.8,15.7,1230.0,0.79,5.2,7.9,1
Berlin,4,40.1,15.3,1385.0,0.51,2.4,5.4,0
Frankfurt,3,66.6,24.2,2133.0,0.9,4.8,6.6,1
Cologne,5,38.9,10.9,800.0,0.77,2.4,7.2,0
Berlin,5,52.4,19.3,1418.0,0.87,4.2,4.2,1
Hamburg,11,48.0,13.2,800.0,0.55,5.3,4.1,0
Munich,2,58.0,20.8,1703.0,0.67,4.6,5.7,1
Munich,10,60.6,20.1,1787.0,0.9,8.7,2.4,1
Frankfurt,4,45.3,11.0,821.0,0.58,6.1,5.6,0
Berlin,3,37.5,11.2,800.0,0.67,5.0,6.5,0
Cologne,7,49.6,23.1,1779.0,0.49,4.8,4.3,0
Berlin,5,38.2,13.3,1529.0,0.9,6.1,5.0,0
Frankfurt,6,65.1,28.6,2527.0,0.9,6.2,4.2,1
Hamburg,11,46.4,11.1,1036.0,0.8,4.6,4.8,0
Berlin,7,41.3,16.0,1347.0,0.54,4.4,5.4,0
Frankfurt,2,46.8,8.0,800.0,0.69,5.7,3.6,1
Frankfurt,10,31.5,10.5,800.0,0.49,4.1,5.9,0
Cologne,4,35.3,13.7,880.0,0.66,2.8,6.5,0
Hamburg,6,57.0,21.5,1608.0,0.9,4.9,4.1,1
Berlin,3,38.4,10.4,800.0,0.45,4.8,5.7,0
Frankfurt,6,34.5,14.6,1049.0,0.49,4.5,6.1,0
Hamburg,10,50.4,15.2,1195.0,0.56,4.4,5.4,0
Cologne,1,56.9,18.5,1472.0,0.79,3.3,8.1,1
Frankfurt,8,52.2,16.1,1164.0,0.9,4.9,4.8,1
Cologne,10,55.0,14.9,1292.0,0.9,6.4,3.3,1
Hamburg,5,37.4,17.2,1337.0,0.84,6.5,4.2,0
Cologne,11,30.8,10.4,875.0,0.33,1.3,8.6,0
Berlin,1,60.0,23.3,1712.0,0.9,5.4,4.7,1
Cologne,10,41.8,17.1,1503.0,0.44,3.6,3.9,0
Munich,10,42.5,11.3,800.0,0.72,6.3,3.7,1
Munich,11,58.3,23.1,2168.0,0.67,5.8,2.4,1
Munich,1,50.6,18.4,1424.0,0.6,3.7,5.1,1
Munich,11,49.6,13.4,1053.0,0.69,5.8,2.9,1
Berlin,10,66.7,23.6,2004.0,0.9,6.1,2.9,1
Frankfurt,12,38.6,9.8,945.0,0.4,2.0,7.4,0
Munich,3,54.3,22.9,2017.0,0.9,4.1,5.4,1
Munich,6,45.6,17.6,1766.0,0.9,7.2,3.5,1
Frankfurt,2,47.7,15.7,1387.0,0.76,5.3,4.9,0
Munich,8,60.3,23.9,1898.0,0.57,6.2,1.9,1
Frankfurt,11,50.1,11.9,850.0,0.78,4.6,5.5,1
Munich,10,50.4,14.5,1137.0,0.9,5.5,4.8,1
Frankfurt,7,55.7,17.8,1722.0,0.67,6.0,3.7,1
Frankfurt,11,41.4,20.5,1362.0,0.9,4.6,5.4,0
Hamburg,2,36.6,9.0,800.0,0.8,3.8,6.4,0
Cologne,1,34.6,6.4,800.0,0.9,4.8,6.0,0
Frankfurt,7,25.3,5.0,800.0,0.82,2.6,5.9,0
Munich,7,65.6,24.6,1884.0,0.58,5.1,4.7,0
Berlin,3,34.0,9.5,1124.0,0.59,2.5,9.0,0
Frankfurt,10,42.8,13.8,1043.0,0.33,1.3,10.0,0
Munich,8,42.2,16.4,1392.0,0.6,7.3,3.6,1
Frankfurt,8,48.1,15.6,912.0,0.9,6.1,4.4,0
Hamburg,5,53.2,18.3,1246.0,0.9,4.1,7.6,1
Berlin,7,53.6,19.5,1744.0,0.9,4.9,7.0,1
Berlin,3,39.2,11.8,1275.0,0.51,3.0,6.9,0
Munich,6,43.3,13.9,1160.0,0.65,6.6,2.4,1
Cologne,3,47.8,16.7,1272.0,0.67,2.7,7.1,0
Hamburg,11,42.5,16.8,1441.0,0.54,4.4,8.7,0
Cologne,12,61.1,18.0,919.0,0.67,5.9,2.5,1
Berlin,9,49.9,7.6,800.0,0.9,6.2,3.3,1
Berlin,7,52.3,19.5,1350.0,0.9,5.1,3.5,1
Cologne,1,51.6,20.0,1758.0,0.86,2.5,7.6,1
Frankfurt,8,56.7,19.5,1122.0,0.75,5.3,3.5,1
Cologne,9,46.8,16.4,1187.0,0.7,3.2,6.7,0
Cologne,10,32.0,9.0,800.0,0.83,3.3,4.7,0
Frankfurt,2,49.0,17.8,1274.0,0.7,7.1,3.6,1
Frankfurt,1,38.5,15.4,1156.0,0.76,1.2,10.0,0
Frankfurt,11,39.7,13.4,1253.0,0.35,2.8,6.8,0
Hamburg,4,50.9,24.4,1949.0,0.89,4.3,5.6,1
Berlin,9,57.4,14.4,969.0,0.9,5.2,4.7,1
Berlin,6,45.2,15.6,1433.0,0.66,5.6,4.5,0
Frankfurt,11,48.1,12.5,1051.0,0.86,4.5,5.4,0
Frankfurt,12,62.0,23.3,1924.0,0.67,6.8,3.9,1
Hamburg,10,47.4,11.1,800.0,0.74,3.8,7.4,0
Hamburg,8,70.0,19.3,1037.0,0.9,7.3,1.8,1
Munich,7,50.7,15.0,1018.0,0.9,6.2,3.5,1
Cologne,5,27.4,9.9,800.0,0.87,1.6,9.3,0
Berlin,5,52.5,15.7,1135.0,0.63,6.4,2.2,1
Berlin,6,48.8,14.5,993.0,0.74,5.0,3.1,1
Hamburg,6,57.9,18.8,1523.0,0.9,7.4,2.9,1
Cologne,5,51.7,16.5,1498.0,0.78,4.9,5.6,1
Hamburg,8,43.6,19.0,1735.0,0.9,4.9,4.3,0
Munich,3,32.8,13.0,1206.0,0.62,3.2,6.2,0
Munich,9,42.9,13.3,887.0,0.88,4.1,5.1,0
Munich,5,36.5,18.5,1488.0,0.9,4.0,5.1,0
Hamburg,9,39.2,14.5,1476.0,0.9,4.7,6.0,0
Cologne,5,50.9,14.1,807.0,0.88,3.2,5.6,1
Frankfurt,3,61.7,21.3,1977.0,0.75,8.3,1.4,1
Berlin,9,48.9,17.9,1235.0,0.57,2.1,7.0,0
Frankfurt,2,33.0,9.0,800.0,0.42,2.3,6.3,0
Cologne,12,49.4,13.3,1149.0,0.55,4.8,6.1,0
Hamburg,5,57.0,19.2,1578.0,0.81,6.3,3.2,1
Hamburg,3,38.9,11.9,1397.0,0.9,6.3,3.9,1
Hamburg,7,43.7,19.0,1459.0,0.63,1.6,6.9,0
Munich,4,45.1,17.3,1054.0,0.9,3.8,5.5,0
Munich,8,37.2,10.5,908.0,0.81,1.0,9.8,0
Munich,1,51.5,18.4,1441.0,0.51,5.2,7.4,0
Frankfurt,5,43.8,18.4,1583.0,0.54,4.8,3.2,0
Berlin,8,49.2,12.2,1154.0,0.74,7.3,2.5,1
Hamburg,2,36.1,9.0,800.0,0.76,3.8,6.6,0
Hamburg,6,40.6,13.5,1168.0,0.52,5.6,3.8,0
Frankfurt,7,52.2,17.5,1430.0,0.9,6.1,4.8,1
Berlin,6,41.3,13.6,1446.0,0.41,3.5,5.7,0
Berlin,10,62.3,19.8,1512.0,0.5,4.1,6.0,0
Frankfurt,3,41.0,12.7,878.0,0.65,4.5,5.0,0
Hamburg,6,47.2,16.9,1528.0,0.66,2.5,8.7,0
Cologne,7,54.3,21.5,1535.0,0.9,7.4,1.9,1
Cologne,3,30.8,8.8,800.0,0.9,2.8,6.8,0
Berlin,12,27.4,16.4,1282.0,0.9,4.5,6.4,0
Berlin,10,29.7,15.8,1243.0,0.38,2.3,6.7,0
Hamburg,2,57.6,23.2,2343.0,0.89,6.2,3.9,1
Berlin,3,39.5,15.0,1449.0,0.68,4.3,3.9,1
Frankfurt,12,70.0,29.4,2553.0,0.62,6.9,2.0,1
Cologne,1,39.4,12.2,1086.0,0.7,3.3,7.1,0
Cologne,7,46.8,13.1,911.0,0.68,5.3,3.7,1
Berlin,4,60.4,18.6,1537.0,0.64,4.7,4.8,1
Frankfurt,3,65.1,18.7,1611.0,0.49,4.7,5.8,0
Berlin,6,65.6,22.2,1819.0,0.9,8.4,1.0,1
Berlin,3,57.1,19.9,1613.0,0.9,6.8,4.0,1
Frankfurt,12,55.2,19.0,1442.0,0.65,5.6,4.6,1
Frankfurt,11,50.9,16.9,1410.0,0.9,7.6,2.8,1
Munich,10,52.8,18.0,1334.0,0.9,4.9,6.4,1
Cologne,3,39.5,18.4,1610.0,0.9,5.9,4.4,0
Berlin,9,36.8,14.1,800.0,0.79,3.9,7.6,0
Hamburg,2,45.0,17.8,1692.0,0.57,3.0,8.0,0
Berlin,5,43.3,15.0,938.0,0.82,7.1,2.4,1
Berlin,10,40.5,8.6,800.0,0.75,5.5,5.8,0
Hamburg,10,52.0,11.9,1032.0,0.9,5.0,5.2,1
Cologne,2,54.6,24.4,2063.0,0.9,6.5,3.1,1
Munich,6,45.9,13.7,1512.0,0.57,4.0,6.3,0
Frankfurt,4,59.8,18.1,1505.0,0.9,7.2,3.9,1
Munich,7,33.6,11.9,946.0,0.61,1.0,9.5,0
Berlin,1,43.1,16.0,1319.0,0.83,2.8,9.0,0
Berlin,8,37.8,14.6,1489.0,0.52,5.3,5.8,0
Hamburg,2,26.3,14.1,1613.0,0.73,2.3,8.3,0
Hamburg,4,44.2,19.2,1501.0,0.64,4.7,4.2,0
Berlin,11,43.8,12.2,1081.0,0.4,2.4,7.5,0
Munich,7,60.1,23.0,1821.0,0.9,8.8,1.3,1
Munich,8,51.3,16.0,1257.0,0.74,6.9,3.8,1
Cologne,9,34.8,11.2,1270.0,0.8,3.2,7.5,0
Berlin,5,63.5,17.9,1247.0,0.58,5.7,4.4,0
Frankfurt,9,57.2,14.0,800.0,0.9,7.3,2.9,1
Frankfurt,9,50.8,16.8,1411.0,0.9,8.1,2.7,1
Munich,3,42.7,11.4,1150.0,0.66,5.7,3.4,1
Hamburg,7,35.4,14.6,1211.0,0.9,6.8,4.9,0
Hamburg,8,41.3,12.9,1134.0,0.42,2.7,5.2,0
Munich,1,55.9,19.6,1715.0,0.81,4.4,7.1,1
Cologne,11,63.8,25.4,2053.0,0.47,4.6,5.4,0
Berlin,10,60.4,15.7,1366.0,0.74,6.7,4.3,1
Frankfurt,5,40.1,11.2,1004.0,0.9,4.3,6.1,0
Munich,1,33.8,11.8,800.0,0.43,3.2,7.2,0
Hamburg,3,46.4,16.4,1335.0,0.85,5.9,4.7,0
Berlin,2,27.3,12.4,800.0,0.47,4.6,6.2,0
Frankfurt,2,48.2,18.7,1487.0,0.73,2.5,7.1,0
Cologne,4,43.5,14.8,1085.0,0.54,3.5,7.6,0
Munich,5,40.3,14.4,1355.0,0.65,5.3,3.7,1
Berlin,11,29.1,10.7,903.0,0.51,2.2,7.8,0
Frankfurt,1,50.1,12.3,1079.0,0.51,3.8,7.0,0
Cologne,11,39.7,12.8,982.0,0.9,5.5,5.5,0
Hamburg,6,33.3,11.8,1158.0,0.81,1.4,9.1,0
Berlin,11,20.0,8.0,800.0,0.8,1.5,8.1,0
Munich,11,44.7,12.1,800.0,0.51,5.0,5.9,0
Frankfurt,5,62.7,17.1,1625.0,0.61,5.4,3.9,1
Hamburg,4,61.6,19.8,1500.0,0.9,7.3,4.4,1
Hamburg,6,40.4,19.4,1121.0,0.9,3.2,6.7,0
Frankfurt,2,39.0,10.5,1133.0,0.86,6.0,2.4,1
Frankfurt,8,49.7,20.1,1822.0,0.64,4.8,4.0,0
Frankfurt,6,35.0,16.4,1456.0,0.9,4.5,5.5,0
Berlin,3,48.0,16.1,1310.0,0.58,5.9,4.2,0
Munich,4,52.7,15.5,1573.0,0.9,4.3,7.6,1
Hamburg,12,57.3,20.6,1902.0,0.9,2.6,6.3,1
Cologne,2,44.0,15.3,1530.0,0.9,4.9,5.1,0
Frankfurt,4,43.0,11.7,1079.0,0.51,4.4,4.5,0
Munich,9,36.2,10.1,832.0,0.75,4.5,5.1,0
Cologne,4,36.7,13.6,1009.0,0.72,3.3,8.4,0
Berlin,8,42.7,17.0,1110.0,0.5,3.6,5.2,0
Hamburg,3,48.7,15.3,1321.0,0.9,7.9,2.7,1
Munich,5,54.1,17.8,1544.0,0.75,3.2,7.2,1
Munich,2,37.0,14.3,1076.0,0.64,4.8,5.2,0
Hamburg,9,59.9,19.5,1679.0,0.65,5.1,5.4,1
Hamburg,9,42.3,13.2,989.0,0.42,3.7,5.1,0
Frankfurt,10,44.8,12.7,1187.0,0.9,4.0,7.7,0
Hamburg,7,37.5,10.2,800.0,0.81,2.5,9.4,0
Munich,2,20.8,14.9,983.0,0.8,2.9,7.1,0
Frankfurt,4,53.8,17.4,1341.0,0.59,7.5,5.0,1
Hamburg,6,52.4,21.6,1890.0,0.87,5.9,3.7,1
Cologne,9,42.2,19.1,1297.0,0.53,4.4,6.0,0
Cologne,6,45.7,14.7,1384.0,0.75,3.1,8.3,0
Hamburg,4,50.2,17.8,1097.0,0.86,5.8,3.7,1
Munich,1,29.4,10.1,800.0,0.9,6.2,2.4,1
Frankfurt,7,39.7,8.4,800.0,0.52,3.4,5.0,0
Frankfurt,7,52.9,13.0,800.0,0.45,4.7,7.3,0
Frankfurt,6,32.5,11.0,951.0,0.87,2.4,7.1,0
Berlin,3,47.9,14.7,1141.0,0.9,4.1,5.8,0
Hamburg,5,31.4,16.2,1013.0,0.52,1.0,7.9,0
Berlin,7,49.7,15.8,1164.0,0.53,5.6,5.4,0
Berlin,6,44.6,20.7,1747.0,0.66,3.2,6.0,0
Cologne,7,28.8,8.2,800.0,0.56,1.0,8.5,0
Frankfurt,5,56.6,24.6,1930.0,0.9,6.8,3.5,1
Berlin,12,37.7,14.1,1046.0,0.74,2.1,6.8,0
Munich,1,36.9,14.0,1003.0,0.4,3.2,6.6,0
Hamburg,10,47.0,14.1,1012.0,0.9,6.9,4.5,0
Munich,11,56.5,20.6,1520.0,0.46,3.5,6.9,0
Frankfurt,5,34.8,16.7,1185.0,0.31,1.2,8.9,0
Cologne,2,45.6,14.8,978.0,0.69,5.0,5.2,0
Munich,10,49.3,15.4,1157.0,0.58,6.7,3.0,0
Munich,10,51.9,16.6,1198.0,0.84,2.8,9.2,1
Berlin,2,46.8,20.4,1422.0,0.74,5.3,3.9,1
Munich,4,41.3,16.3,1461.0,0.8,5.0,5.2,0
Cologne,6,36.7,16.6,1573.0,0.6,1.0,9.1,0
Munich,5,45.9,16.2,1298.0,0.9,5.8,5.2,0
Munich,7,34.3,11.5,937.0,0.9,4.7,6.4,0
Frankfurt,10,20.0,7.9,800.0,0.79,1.5,8.4,0
Cologne,8,49.4,19.7,1787.0,0.77,6.8,3.5,1
Munich,10,54.0,17.3,1729.0,0.64,7.1,3.2,1
Frankfurt,1,21.4,11.2,866.0,0.67,2.3,5.4,0
Hamburg,8,34.9,12.7,914.0,0.6,2.8,5.6,0
Munich,3,51.2,9.8,856.0,0.52,3.7,5.7,0
Munich,10,65.6,24.5,1986.0,0.58,6.5,2.9,1
Frankfurt,12,45.2,11.3,800.0,0.73,5.4,3.4,1
Frankfurt,10,37.7,15.2,1306.0,0.75,3.3,7.5,0
Frankfurt,2,43.2,17.1,1555.0,0.63,1.0,9.0,0
Munich,2,58.7,20.6,1489.0,0.9,7.8,2.0,1
Berlin,5,38.5,14.5,1667.0,0.69,4.1,4.6,0
Berlin,2,37.0,15.6,944.0,0.55,3.1,6.8,0
Frankfurt,4,40.2,11.9,800.0,0.79,5.3,2.1,1
Berlin,3,35.5,14.2,1183.0,0.9,5.8,4.0,0
Hamburg,8,46.2,18.9,1961.0,0.28,1.0,9.1,0
Berlin,9,61.2,25.7,1943.0,0.86,6.8,3.5,1
Berlin,11,48.2,12.8,808.0,0.53,2.7,5.8,0
Munich,12,42.5,15.4,1341.0,0.51,5.0,5.2,0
Berlin,6,42.1,11.1,842.0,0.68,4.4,4.6,0
Frankfurt,4,29.4,6.8,800.0,0.78,3.9,5.3,0
Munich,11,53.8,19.0,1508.0,0.75,4.6,6.1,1
Berlin,11,44.2,15.0,1026.0,0.3,1.6,10.0,0
Hamburg,2,43.2,17.8,1896.0,0.73,3.6,6.4,0
Munich,11,70.0,22.3,1193.0,0.72,7.6,1.6,1
Munich,8,48.0,15.6,1612.0,0.72,6.3,3.9,1
Munich,3,37.5,13.1,1237.0,0.49,2.0,8.9,0
Berlin,2,40.7,11.0,800.0,0.9,5.6,5.0,0
Frankfurt,4,56.5,16.7,1707.0,0.46,4.7,8.1,0
Cologne,2,46.1,18.7,1224.0,0.67,5.2,4.1,0
Cologne,3,30.6,8.6,886.0,0.55,2.3,8.0,0
Cologne,9,54.2,21.6,1312.0,0.86,5.7,5.9,1
Berlin,7,38.3,14.6,938.0,0.9,5.2,6.3,0
Hamburg,11,63.7,16.6,1098.0,0.86,4.5,3.5,1
Munich,1,55.8,20.2,1465.0,0.88,4.6,5.4,1
Munich,10,40.5,15.1,1208.0,0.53,4.3,7.2,0
Frankfurt,5,57.8,20.5,1478.0,0.9,9.4,3.5,1
Munich,5,45.7,14.8,800.0,0.61,3.3,7.4,0
Frankfurt,9,53.5,15.0,1294.0,0.63,8.4,1.2,1
Berlin,12,49.8,20.7,1662.0,0.9,8.0,1.0,1
Cologne,1,36.5,11.9,1032.0,0.74,3.5,8.7,0
Frankfurt,1,38.6,10.2,851.0,0.45,3.4,7.3,0
Frankfurt,10,55.3,19.8,1775.0,0.9,4.5,4.7,1
Munich,7,41.7,11.7,917.0,0.74,4.1,5.7,0
Berlin,7,41.0,10.8,1067.0,0.58,2.0,8.3,0
Cologne,11,35.4,10.7,800.0,0.61,3.4,7.1,0
Berlin,8,49.2,14.4,1010.0,0.68,7.2,1.9,1
Cologne,4,65.6,19.1,1806.0,0.9,5.6,3.7,1
Hamburg,7,34.3,13.9,1380.0,0.77,3.1,5.3,0
Berlin,6,45.2,14.7,1294.0,0.64,2.0,9.1,0
Hamburg,1,59.1,23.5,1699.0,0.9,6.5,3.2,1
Cologne,2,44.2,12.2,800.0,0.9,4.8,5.6,0
Frankfurt,8,49.5,11.3,1172.0,0.83,5.0,6.4,0
Hamburg,6,34.4,11.9,1207.0,0.42,3.1,7.1,0
Cologne,7,49.3,22.0,1747.0,0.84,4.5,5.4,0
Cologne,8,43.1,16.0,1746.0,0.79,5.1,5.1,0
Hamburg,12,54.9,27.9,2326.0,0.9,5.4,4.6,1
Berlin,5,56.9,20.0,1375.0,0.9,6.2,5.1,1
Frankfurt,5,70.0,24.0,1868.0,0.77,7.3,3.0,1
Cologne,2,50.8,10.5,838.0,0.62,6.8,2.7,1
Berlin,4,48.3,17.4,1407.0,0.78,5.8,5.2,0
Cologne,11,46.9,16.2,1542.0,0.86,5.0,6.2,0
Cologne,2,41.5,12.6,817.0,0.63,6.4,2.2,1
Cologne,7,48.4,15.7,991.0,0.86,5.5,6.1,0
Berlin,11,42.0,13.8,1225.0,0.9,6.2,4.2,0
Munich,9,46.7,15.0,1100.0,0.57,5.6,4.7,0
Frankfurt,11,58.2,25.7,2538.0,0.78,3.1,8.0,1
Frankfurt,2,34.9,10.5,1031.0,0.51,5.5,4.0,0
Munich,4,56.4,19.3,1440.0,0.5,5.8,5.1,0
Cologne,11,58.2,18.2,1697.0,0.51,5.7,3.9,1
Munich,8,43.8,17.0,1503.0,0.82,4.8,3.7,1
Hamburg,9,23.8,8.5,803.0,0.88,1.9,7.1,0
Hamburg,4,38.9,12.1,946.0,0.87,4.2,6.3,0
Berlin,8,58.0,13.5,1168.0,0.6,4.9,4.1,0
Berlin,7,44.8,15.7,832.0,0.56,6.4,5.2,0
Hamburg,5,35.0,10.7,1123.0,0.74,3.3,7.9,0
Munich,4,40.0,13.1,800.0,0.37,3.4,7.9,0
Berlin,6,53.4,14.3,1052.0,0.87,4.0,6.2,1
Munich,6,50.5,21.1,1371.0,0.62,5.4,4.8,1
Berlin,2,42.6,16.8,1242.0,0.61,4.5,4.3,0
Frankfurt,3,41.3,18.1,1431.0,0.64,4.7,6.3,0
Munich,11,41.1,17.1,1131.0,0.79,2.6,7.8,0
Hamburg,6,35.8,13.7,800.0,0.42,1.2,9.4,0
Hamburg,4,61.2,17.0,1398.0,0.72,7.1,4.6,1
Berlin,3,41.8,19.5,1974.0,0.84,6.4,3.0,1
Munich,4,57.2,16.3,1232.0,0.69,4.2,5.7,1
Cologne,6,60.2,19.3,1733.0,0.9,8.4,1.9,1
Hamburg,3,55.0,20.4,1937.0,0.65,5.9,3.1,1
Hamburg,1,40.7,15.8,886.0,0.46,4.1,5.8,0
Munich,6,49.0,18.1,1354.0,0.74,4.3,6.2,0
Munich,2,44.8,13.7,842.0,0.43,2.4,7.3,0
Berlin,9,36.0,10.2,800.0,0.7,5.1,6.2,0
Cologne,6,48.2,23.7,2235.0,0.5,3.7,4.8,0
Hamburg,1,33.2,11.0,921.0,0.84,2.2,9.0,0
Munich,11,56.9,18.5,1636.0,0.76,7.2,3.5,1
Hamburg,4,40.4,11.3,896.0,0.73,1.2,8.2,0
Cologne,5,47.0,16.4,1070.0,0.89,2.4,6.7,0
Frankfurt,12,47.8,16.5,1459.0,0.9,4.8,3.2,1
Frankfurt,8,42.4,14.1,1378.0,0.75,4.7,4.5,0
Cologne,3,50.9,18.1,1512.0,0.9,5.8,5.2,1
Munich,11,40.3,18.7,1594.0,0.77,3.6,6.4,0
Frankfurt,9,53.7,16.1,1043.0,0.74,9.2,2.0,1
Munich,9,31.5,10.6,993.0,0.87,2.8,6.6,0
Berlin,12,46.3,13.5,1347.0,0.7,4.3,6.4,0
Hamburg,10,64.4,22.3,1869.0,0.55,5.2,4.0,0
Berlin,11,35.0,10.0,800.0,0.86,3.7,5.3,0
Frankfurt,5,38.2,11.2,1220.0,0.81,4.7,5.1,0
Frankfurt,4,50.1,12.3,800.0,0.9,6.8,2.5,1
Munich,7,46.8,15.9,1349.0,0.82,2.4,6.0,0
Frankfurt,9,48.5,17.5,1587.0,0.62,4.5,5.3,0
Munich,6,49.9,22.2,1993.0,0.64,5.7,4.4,0
Cologne,7,51.3,18.5,1122.0,0.9,6.0,5.3,1
Frankfurt,1,56.1,17.3,1411.0,0.82,5.6,5.3,1
Cologne,4,49.1,12.3,993.0,0.53,5.7,5.5,0
Cologne,2,42.6,10.5,1130.0,0.46,3.0,7.7,0
Hamburg,1,51.7,13.4,1160.0,0.67,7.5,2.8,1
Munich,11,64.0,27.0,2447.0,0.9,7.9,1.0,1
Cologne,7,43.7,15.4,1342.0,0.37,2.3,7.8,0
Hamburg,11,35.3,10.0,800.0,0.42,1.9,8.7,0
Frankfurt,10,56.1,15.8,1304.0,0.73,4.0,7.4,1
Frankfurt,4,43.8,12.0,1267.0,0.55,5.4,5.3,0
Cologne,2,23.3,5.9,800.0,0.4,1.0,10.0,0
Frankfurt,5,53.5,21.8,1923.0,0.9,4.9,4.1,1
Munich,7,39.6,13.1,925.0,0.85,4.6,5.0,0
Frankfurt,2,44.1,10.4,800.0,0.6,4.3,6.1,0
Berlin,7,48.3,23.0,2048.0,0.9,5.2,5.9,0
Frankfurt,3,46.9,12.2,801.0,0.5,3.1,6.8,0
Cologne,8,52.1,15.6,1323.0,0.86,6.1,3.8,1
Hamburg,7,40.6,17.5,1301.0,0.58,3.1,7.5,0
Munich,1,50.1,18.0,965.0,0.88,4.5,4.3,1
Munich,9,42.4,12.7,1114.0,0.65,4.6,7.0,0
Hamburg,6,52.4,13.8,1127.0,0.62,5.4,3.7,1
Munich,12,51.2,14.2,800.0,0.82,5.2,2.9,1
Cologne,4,35.6,9.2,800.0,0.77,2.4,7.6,0
Cologne,6,55.9,18.6,1130.0,0.78,5.1,6.6,1
Hamburg,2,39.6,13.8,1249.0,0.83,4.0,6.6,0
Cologne,2,53.1,17.2,1657.0,0.62,3.2,7.5,1
Berlin,8,48.7,16.1,1458.0,0.89,4.2,5.9,0
Cologne,10,63.4,18.0,1636.0,0.9,6.9,2.9,1
Munich,5,42.8,15.1,1107.0,0.44,2.4,6.1,0
Hamburg,7,41.5,17.7,1524.0,0.9,5.9,1.9,1
Berlin,1,44.8,14.4,1154.0,0.9,6.4,3.8,1
Cologne,6,42.0,13.4,1112.0,0.89,2.3,9.0,0
Berlin,11,53.0,17.9,1625.0,0.9,7.3,3.0,1
Frankfurt,11,28.8,13.0,1272.0,0.74,2.7,8.0,0
Frankfurt,10,34.5,8.8,800.0,0.9,4.1,7.5,0
Berlin,7,34.3,15.8,982.0,0.37,2.7,7.6,0
Frankfurt,10,54.5,19.4,1517.0,0.9,6.8,3.0,1
Frankfurt,7,62.1,20.8,1619.0,0.7,6.8,2.4,1
Frankfurt,10,44.0,18.3,1520.0,0.39,3.2,8.8,0
Hamburg,3,43.3,10.9,1038.0,0.47,2.6,7.9,0
Hamburg,12,45.7,16.8,961.0,0.67,2.4,6.7,0
Frankfurt,9,56.6,20.2,1479.0,0.53,5.9,2.9,1
Munich,12,35.7,9.1,800.0,0.42,4.4,6.8,0
Frankfurt,9,47.4,17.2,1624.0,0.87,5.7,3.2,1
Frankfurt,5,54.8,19.1,1486.0,0.74,5.3,6.6,1
Frankfurt,9,50.0,16.1,1188.0,0.87,3.3,4.0,1
Munich,11,46.9,18.2,1565.0,0.54,3.7,7.8,0
Munich,7,55.0,16.6,1211.0,0.73,7.2,3.3,1
Frankfurt,7,20.0,7.5,800.0,0.31,1.3,8.8,0
Cologne,9,51.8,16.9,1712.0,0.79,5.4,4.4,1
Berlin,2,38.5,11.0,1235.0,0.53,2.2,9.7,0
Hamburg,10,26.7,10.4,800.0,0.56,3.2,7.5,0
Berlin,5,50.1,16.1,1250.0,0.69,4.3,4.8,1
Hamburg,8,58.7,15.2,1089.0,0.9,7.4,1.0,1
Berlin,8,43.6,9.1,800.0,0.54,5.5,4.7,0
Munich,3,54.5,20.5,1851.0,0.75,4.7,5.3,1
Frankfurt,5,61.1,16.7,1821.0,0.61,5.9,2.6,1
Hamburg,12,58.1,20.2,1529.0,0.58,5.0,5.0,0
Frankfurt,4,61.4,20.6,1487.0,0.55,4.0,5.4,0
Frankfurt,4,52.4,16.4,1255.0,0.67,4.0,6.1,1
Munich,2,45.8,21.1,1707.0,0.74,4.9,5.9,0
Hamburg,6,29.0,10.2,800.0,0.89,3.4,8.1,0
Cologne,12,42.5,16.4,1224.0,0.9,4.5,6.4,0
Munich,1,36.6,13.0,1246.0,0.71,3.2,6.1,0
Frankfurt,8,66.7,21.5,1749.0,0.77,8.1,2.3,1
Hamburg,12,43.2,14.4,1403.0,0.9,4.4,5.6,0
Munich,10,46.2,19.8,1656.0,0.9,5.7,3.0,1
Munich,9,50.5,20.1,1390.0,0.8,2.4,8.0,1
Cologne,11,45.4,21.0,1565.0,0.26,1.0,10.0,0
Berlin,5,62.0,21.3,1755.0,0.9,6.6,3.4,1
Hamburg,6,38.8,10.3,800.0,0.8,1.7,6.7,0
Hamburg,1,46.9,14.3,896.0,0.78,4.4,5.7,0
Hamburg,6,37.6,9.0,800.0,0.82,3.3,5.5,0
Hamburg,1,31.8,12.9,1135.0,0.9,5.6,5.3,0
Berlin,5,38.9,11.2,823.0,0.73,4.5,6.0,0
Munich,9,44.6,5.7,800.0,0.9,4.7,5.1,0
Munich,5,40.7,21.0,1498.0,0.9,5.3,4.3,0
Berlin,3,38.1,11.0,800.0,0.9,4.4,5.4,0
Munich,12,30.9,8.6,800.0,0.87,2.4,7.6,0
Berlin,4,44.2,19.7,1909.0,0.82,6.0,3.2,1
Berlin,3,30.0,6.4,800.0,0.29,1.3,7.3,0
Munich,4,52.6,20.9,1401.0,0.5,5.7,5.4,0
Munich,12,45.8,13.5,800.0,0.88,2.3,7.4,0
Berlin,12,30.4,6.2,800.0,0.57,3.3,6.8,0
Cologne,10,41.9,19.1,1365.0,0.65,4.5,5.8,0
Frankfurt,6,37.5,15.3,1529.0,0.8,6.3,4.1,0
Hamburg,3,48.2,18.8,1637.0,0.48,2.5,6.4,0
Berlin,5,58.4,20.6,1492.0,0.8,4.9,3.4,1
Munich,7,26.2,10.5,1077.0,0.86,3.9,5.6,0
Berlin,1,46.2,11.7,800.0,0.61,5.1,5.3,0
Munich,3,43.4,14.8,895.0,0.88,4.6,4.7,0
Berlin,11,51.7,14.5,983.0,0.79,3.7,5.9,1
Munich,6,47.1,11.5,1077.0,0.71,3.8,8.3,0
Cologne,10,37.5,13.7,1326.0,0.68,5.6,2.5,1
Frankfurt,2,41.8,17.4,1314.0,0.9,4.1,5.1,0
Munich,8,37.0,11.2,800.0,0.66,4.3,7.6,0
Cologne,7,55.8,18.0,1125.0,0.69,5.4,4.6,1
Frankfurt,12,45.2,11.7,800.0,0.72,2.7,6.5,0
Munich,2,64.0,21.4,1450.0,0.9,7.8,3.4,1
Hamburg,5,44.4,17.1,1419.0,0.76,5.2,4.9,0
Berlin,4,37.9,15.0,1589.0,0.9,7.3,2.4,1
Berlin,2,29.9,11.6,1086.0,0.55,1.5,8.7,0
Berlin,4,27.0,7.1,800.0,0.53,3.9,5.4,0
Munich,9,29.2,7.8,800.0,0.32,1.0,8.0,0
Hamburg,10,47.7,18.3,1362.0,0.53,5.0,4.9,0
Hamburg,2,50.1,19.1,1608.0,0.54,6.5,2.5,1
Hamburg,10,29.2,9.2,1051.0,0.58,1.0,9.0,0
Frankfurt,10,54.0,16.7,1243.0,0.53,5.1,5.3,0
Munich,6,40.2,16.9,1659.0,0.88,3.2,7.7,0
Cologne,4,46.5,14.4,1574.0,0.9,3.6,7.5,0
Frankfurt,8,61.1,22.6,1739.0,0.83,6.7,2.9,1
Munich,4,54.0,17.6,1331.0,0.82,7.1,3.4,1
Hamburg,9,42.3,11.0,805.0,0.61,4.0,6.5,0
Munich,10,36.1,16.9,1362.0,0.78,3.9,6.4,0
Hamburg,3,23.5,8.2,800.0,0.69,2.5,7.0,0
Cologne,7,37.8,10.5,1014.0,0.6,3.8,5.2,0
Hamburg,5,42.9,10.1,800.0,0.54,2.7,7.8,0
Frankfurt,11,35.1,7.8,800.0,0.85,5.2,3.1,1
Munich,1,43.7,13.4,1141.0,0.77,4.8,4.9,0
Berlin,3,45.8,21.0,1857.0,0.89,5.2,2.3,1
Hamburg,9,42.8,12.5,1439.0,0.9,3.1,5.6,0
Hamburg,9,38.5,17.2,1116.0,0.83,3.2,6.0,0
Berlin,5,46.7,15.2,1083.0,0.6,4.4,6.7,0
Frankfurt,5,49.4,12.9,800.0,0.79,2.6,8.0,0
Cologne,11,34.1,9.9,800.0,0.52,1.0,8.4,0
Cologne,4,59.1,15.9,915.0,0.9,5.0,5.7,1
Frankfurt,4,44.0,12.1,864.0,0.9,5.2,5.7,0
Munich,4,45.2,12.4,947.0,0.53,3.5,6.3,0
Cologne,2,52.1,11.6,1026.0,0.53,3.7,4.9,0
Frankfurt,7,47.3,20.3,1566.0,0.64,3.5,6.3,0
Hamburg,3,54.5,18.8,1599.0,0.47,4.8,5.1,0
Berlin,1,47.9,13.9,1135.0,0.82,4.3,4.5,0
Munich,12,38.9,13.6,883.0,0.9,7.1,3.2,1
Munich,11,48.6,13.7,800.0,0.73,6.4,3.8,1
Hamburg,10,33.6,5.0,800.0,0.72,4.9,5.6,0
Cologne,3,46.1,24.2,2268.0,0.87,6.4,3.9,1
Munich,9,44.7,15.5,1744.0,0.39,3.0,7.8,0
Berlin,12,42.9,12.5,1190.0,0.75,2.5,7.4,0
Hamburg,9,43.7,8.8,993.0,0.65,2.7,7.5,0
Munich,10,26.2,5.0,800.0,0.81,4.6,5.0,0
Hamburg,7,39.5,18.1,1511.0,0.79,3.1,6.3,0
Cologne,1,45.9,19.8,1607.0,0.74,2.7,8.6,0
Frankfurt,6,46.6,17.8,1402.0,0.46,4.0,3.9,0
Hamburg,10,34.7,8.2,800.0,0.83,3.1,7.8,0
Cologne,1,57.7,23.7,1796.0,0.87,6.2,3.2,1
Munich,2,36.3,13.5,1047.0,0.83,4.0,5.2,0
Munich,3,54.7,20.2,1380.0,0.57,4.2,6.0,0
Cologne,11,49.3,17.8,1516.0,0.63,6.0,2.6,1
Munich,11,38.5,8.3,800.0,0.84,2.9,6.3,0
Munich,6,62.8,17.3,1393.0,0.74,6.0,3.1,1
Munich,11,33.1,9.5,859.0,0.76,4.3,5.4,0
Cologne,7,54.2,20.0,1717.0,0.75,4.5,4.7,1
Cologne,8,55.0,14.2,1290.0,0.78,4.6,7.0,1
Hamburg,9,38.3,12.2,936.0,0.48,4.7,7.1,0
Berlin,7,58.9,19.1,1626.0,0.61,4.6,3.4,1
Frankfurt,6,42.5,16.5,1226.0,0.42,3.7,6.9,0
Munich,5,47.9,18.0,1045.0,0.77,5.6,5.2,0
Berlin,10,47.6,12.8,1133.0,0.9,7.8,2.7,1
Berlin,2,43.7,18.9,1571.0,0.7,5.3,4.1,0
Cologne,8,53.1,14.2,1340.0,0.9,6.0,3.7,1
Cologne,5,52.9,20.9,1669.0,0.68,6.1,3.2,1
Berlin,10,27.5,7.5,800.0,0.77,1.1,8.4,0
Cologne,2,58.0,19.8,1569.0,0.75,6.0,2.8,1
Hamburg,3,28.4,10.1,988.0,0.55,2.8,7.1,0
Hamburg,10,55.3,19.0,1618.0,0.9,6.0,2.5,1
Frankfurt,10,56.3,20.8,1633.0,0.8,5.8,4.0,1
Frankfurt,12,34.1,12.5,800.0,0.6,4.0,4.8,0
Frankfurt,7,40.9,16.0,1073.0,0.42,3.6,6.6,0
Munich,10,33.9,12.7,1112.0,0.47,3.5,5.8,0
Hamburg,8,42.9,10.5,800.0,0.79,2.4,7.8,0
Munich,5,41.9,14.8,1119.0,0.9,3.7,7.4,0
Hamburg,10,52.8,15.9,1280.0,0.67,7.4,4.2,1
Berlin,8,58.1,16.0,1513.0,0.86,6.3,1.2,1
Munich,10,59.0,18.8,1626.0,0.51,5.9,3.3,1
Frankfurt,10,39.4,13.7,1287.0,0.71,6.8,2.9,1
Hamburg,6,42.9,15.1,1265.0,0.58,2.2,8.2,0
Frankfurt,2,28.2,12.6,835.0,0.7,1.2,7.2,0
Cologne,12,36.9,16.2,1176.0,0.54,6.3,2.8,0
Hamburg,12,54.6,19.2,1351.0,0.9,5.5,4.6,1
Hamburg,2,61.2,21.9,1873.0,0.61,5.8,4.3,1
Frankfurt,8,32.7,11.2,800.0,0.73,1.5,8.9,0
Frankfurt,4,39.1,15.3,1147.0,0.8,4.6,5.9,0
Frankfurt,8,44.7,16.4,1314.0,0.67,5.3,5.0,0
Hamburg,9,47.8,15.8,1590.0,0.79,3.1,7.1,0
Berlin,6,36.9,18.8,1632.0,0.52,3.5,6.6,0
Cologne,9,49.2,14.8,1027.0,0.55,4.4,6.2,0
Frankfurt,6,40.3,17.8,1453.0,0.46,4.4,3.4,0
Berlin,11,44.9,10.9,1201.0,0.58,2.8,8.7,0
Frankfurt,3,50.5,19.3,1664.0,0.6,6.9,1.0,1
Hamburg,8,45.1,19.3,1227.0,0.75,5.9,3.0,1
Berlin,1,40.6,7.8,800.0,0.38,3.5,6.3,0
Hamburg,6,43.9,15.1,1006.0,0.5,4.1,6.6,0
Munich,3,44.1,16.9,1636.0,0.9,4.2,2.8,1
Frankfurt,10,41.3,14.5,1413.0,0.83,3.0,7.0,0
Cologne,10,42.4,15.3,1097.0,0.52,3.6,7.2,0
Berlin,3,61.0,20.7,1530.0,0.9,5.7,5.3,1
Munich,9,50.6,13.6,1096.0,0.9,7.5,1.8,1
Frankfurt,7,42.0,21.1,1704.0,0.59,5.6,4.1,0
Munich,2,52.0,15.8,1073.0,0.75,6.6,2.8,1
Berlin,6,41.7,15.2,1165.0,0.9,4.7,4.9,0
Cologne,12,56.7,17.0,1067.0,0.84,4.0,5.0,1
Berlin,4,48.7,9.4,1007.0,0.9,4.8,4.3,0
Cologne,10,43.9,11.9,800.0,0.83,5.8,4.6,0
Hamburg,11,49.5,12.1,800.0,0.75,3.1,7.1,0
Frankfurt,7,29.3,13.0,1130.0,0.7,3.9,6.6,0
Munich,4,33.7,9.4,800.0,0.9,6.9,3.4,1
Hamburg,7,33.1,9.5,800.0,0.88,4.9,5.8,0
Frankfurt,6,46.4,12.3,995.0,0.56,6.8,4.1,0
Munich,8,62.3,21.1,1820.0,0.9,6.6,1.7,1
Hamburg,7,67.3,20.3,1579.0,0.9,8.2,1.0,1
Frankfurt,9,51.4,20.1,1964.0,0.44,4.1,5.7,0
Frankfurt,4,50.0,17.6,1406.0,0.76,6.2,3.8,1
Hamburg,9,27.0,7.3,821.0,0.9,3.7,5.6,0
Berlin,5,39.6,15.7,1315.0,0.9,4.4,6.5,0
Cologne,11,37.1,12.4,1418.0,0.9,5.7,6.3,0
Cologne,9,38.8,13.0,1251.0,0.44,3.1,7.1,0
Berlin,11,43.3,10.1,813.0,0.63,4.1,6.0,0
Frankfurt,4,40.3,13.2,1183.0,0.52,4.2,6.7,0
Munich,3,25.2,9.4,800.0,0.64,1.0,7.1,0
Berlin,7,52.5,21.5,1665.0,0.9,5.6,4.4,1
Frankfurt,4,34.3,9.2,800.0,0.78,1.0,10.0,0
Hamburg,5,47.4,22.6,1649.0,0.9,6.3,3.0,1
Hamburg,3,65.7,23.6,2299.0,0.59,6.6,2.1,1
Frankfurt,6,35.8,7.4,800.0,0.42,2.8,7.0,0
Hamburg,4,20.0,5.0,800.0,0.8,1.0,8.9,0
Cologne,1,42.1,18.3,1446.0,0.9,3.9,5.2,0
Berlin,2,56.0,22.4,1780.0,0.81,6.6,5.5,1
Cologne,8,64.6,21.6,1803.0,0.82,7.3,2.2,1
Frankfurt,4,32.7,11.4,814.0,0.64,2.2,6.6,0
Berlin,12,50.0,13.2,1142.0,0.74,3.7,6.2,0
Hamburg,10,40.3,17.4,1622.0,0.6,5.0,5.9,0
Berlin,2,43.9,11.7,1188.0,0.61,3.3,6.7,0
Berlin,12,70.0,25.9,2016.0,0.9,7.1,3.4,1
Hamburg,4,30.0,14.0,1246.0,0.48,3.2,5.9,0
Munich,7,47.5,16.0,1050.0,0.9,5.2,6.3,0
Hamburg,11,49.7,19.5,1413.0,0.68,6.3,4.3,0
Cologne,2,55.9,24.2,1698.0,0.72,3.7,7.4,1
Munich,6,46.0,16.1,1281.0,0.62,1.7,8.6,0
Cologne,1,48.1,15.5,1068.0,0.67,4.0,6.9,0
Frankfurt,12,41.1,13.5,800.0,0.69,6.8,2.3,1
Cologne,3,47.7,13.7,1016.0,0.9,7.8,1.7,1
Berlin,9,41.6,11.6,800.0,0.6,6.9,4.4,0
Frankfurt,5,51.2,18.4,1737.0,0.67,4.8,6.7,1
Munich,11,41.3,13.3,951.0,0.41,1.5,7.4,0
Cologne,8,48.8,17.2,1576.0,0.34,1.4,8.9,0
Frankfurt,1,44.7,10.4,800.0,0.9,3.5,6.0,0
Cologne,4,56.3,18.5,1239.0,0.89,5.3,4.0,1
Berlin,3,44.5,17.9,1669.0,0.62,6.4,3.9,1
Berlin,10,27.3,5.7,800.0,0.9,4.0,7.1,0
Munich,9,57.6,19.3,1918.0,0.63,6.1,4.3,1
Hamburg,7,35.9,6.4,800.0,0.45,2.3,7.4,0
Hamburg,12,38.5,8.9,800.0,0.4,2.4,8.1,0
Berlin,3,39.0,15.4,1436.0,0.85,4.3,5.4,0
Frankfurt,1,58.7,18.7,1695.0,0.89,6.9,3.5,1
Munich,5,23.6,13.3,1098.0,0.38,3.0,8.4,0
Cologne,10,70.0,24.6,2638.0,0.49,5.4,2.5,1
Cologne,3,55.6,20.1,1553.0,0.85,6.5,4.3,1
Frankfurt,11,47.2,12.5,800.0,0.86,5.4,3.1,1
Hamburg,2,44.5,13.7,892.0,0.84,2.8,8.4,0
Berlin,3,47.9,13.8,1045.0,0.67,3.6,5.8,0
Berlin,5,50.2,13.5,1387.0,0.9,6.1,2.7,1
Munich,5,51.5,19.1,1494.0,0.88,4.8,5.9,1
Berlin,10,50.6,19.4,1869.0,0.9,7.4,2.9,1
Hamburg,8,45.9,16.5,1407.0,0.68,5.3,3.7,1
Hamburg,4,43.0,11.9,1165.0,0.46,3.6,5.2,0
Frankfurt,2,43.5,15.5,1316.0,0.81,4.3,5.5,0
Munich,8,43.1,8.6,800.0,0.88,4.4,4.4,0
Munich,8,56.3,22.7,1970.0,0.54,4.5,4.4,0
Berlin,10,50.9,13.1,933.0,0.68,3.7,6.4,1
Cologne,8,20.0,5.0,800.0,0.59,3.1,6.0,0
Munich,12,51.6,17.5,1472.0,0.64,6.4,4.0,1
Berlin,11,46.9,16.3,1689.0,0.63,5.6,5.9,0
Cologne,1,44.8,14.7,869.0,0.68,6.8,3.1,1
Berlin,12,41.1,10.4,800.0,0.62,3.3,6.8,0
Frankfurt,9,56.2,22.1,1719.0,0.84,8.1,3.9,1
Munich,4,54.5,13.1,1254.0,0.74,4.1,4.7,1
Berlin,4,37.3,8.0,800.0,0.37,2.2,9.0,0
Frankfurt,8,49.1,16.0,1049.0,0.66,2.3,8.8,0
Berlin,12,35.3,8.0,800.0,0.36,2.9,8.0,0
Hamburg,8,31.2,14.1,800.0,0.47,2.4,8.9,0
Berlin,6,38.7,9.4,876.0,0.73,4.7,5.6,0
Hamburg,4,53.6,22.5,1742.0,0.9,5.7,3.7,1
Munich,3,54.5,21.3,1686.0,0.85,3.7,7.4,1
Berlin,5,50.1,20.4,1719.0,0.44,4.4,6.7,0
Frankfurt,8,52.3,23.1,1887.0,0.76,4.7,6.4,1
Munich,7,50.2,17.0,1249.0,0.53,2.4,7.7,0
Munich,11,38.6,9.8,993.0,0.74,2.4,6.9,0
Hamburg,8,49.3,16.1,1450.0,0.56,3.8,6.4,0
Munich,12,53.0,16.0,923.0,0.9,7.5,3.5,1
Berlin,11,52.5,15.4,1185.0,0.84,5.5,5.5,1
Berlin,1,56.9,19.4,1337.0,0.9,6.7,2.9,1
Hamburg,11,52.1,16.4,1060.0,0.9,3.0,7.4,1
Berlin,4,48.5,13.9,1220.0,0.9,6.6,2.0,1
Hamburg,9,55.7,17.8,1343.0,0.9,7.5,3.5,1
Cologne,6,44.7,16.6,1296.0,0.81,1.5,7.7,0
Hamburg,12,36.2,14.9,1060.0,0.42,2.6,8.2,0
Frankfurt,10,43.4,9.6,846.0,0.48,5.1,3.8,0
Frankfurt,8,37.6,11.6,1064.0,0.76,4.7,6.3,0
Berlin,8,38.2,12.3,1420.0,0.9,2.8,7.5,0
Cologne,5,43.6,11.0,841.0,0.82,3.9,5.3,0
Frankfurt,11,37.1,12.0,800.0,0.52,2.8,7.9,0
Frankfurt,8,41.9,14.4,1053.0,0.82,4.4,5.1,0
Frankfurt,4,26.1,10.2,989.0,0.44,4.4,6.3,0
Berlin,6,47.1,15.9,1121.0,0.66,3.6,6.2,0
Munich,7,45.0,12.4,800.0,0.64,6.0,2.3,1
Munich,6,36.8,18.3,1315.0,0.36,2.5,6.5,0
Munich,6,51.6,19.7,1468.0,0.54,3.9,5.7,0
Berlin,8,54.4,19.8,1366.0,0.9,6.7,4.7,1
Munich,5,28.9,12.7,1056.0,0.74,4.3,6.6,0
Hamburg,8,37.4,13.2,1040.0,0.46,5.0,6.6,0
Berlin,9,37.3,16.3,1462.0,0.53,1.8,9.9,0
Berlin,12,35.6,12.0,874.0,0.79,2.9,6.6,0
Cologne,4,53.3,17.8,1533.0,0.9,6.6,3.2,1
Frankfurt,3,43.1,16.3,1202.0,0.9,4.4,5.2,0
Cologne,5,42.4,18.8,1282.0,0.33,2.6,6.7,0
Munich,10,25.0,12.9,920.0,0.49,3.2,5.0,0
Berlin,10,51.4,18.9,1188.0,0.53,4.1,5.9,0
Berlin,12,32.6,12.4,1351.0,0.75,6.0,2.8,1
Munich,5,45.6,17.3,1412.0,0.9,6.9,3.1,1
Frankfurt,7,47.8,18.9,1351.0,0.58,5.7,6.4,0
Cologne,3,58.6,23.4,1799.0,0.9,7.9,1.6,1
Frankfurt,11,31.9,9.9,800.0,0.83,3.3,6.9,0
Munich,10,20.0,10.6,1137.0,0.61,3.1,7.8,0
Cologne,9,46.8,16.6,1599.0,0.9,6.9,3.4,1
Cologne,6,63.0,23.0,1858.0,0.86,6.7,3.6,1
Frankfurt,10,57.4,23.3,1926.0,0.82,5.4,4.3,1
Frankfurt,9,47.1,17.9,1182.0,0.82,2.2,7.6,0
Berlin,1,40.1,16.1,1050.0,0.51,3.9,5.2,0
Berlin,2,53.1,16.5,982.0,0.9,6.5,4.3,1
Frankfurt,10,35.3,16.2,1268.0,0.51,4.9,3.3,0
Munich,2,49.8,18.7,1706.0,0.76,5.7,5.2,0
Frankfurt,11,50.1,17.1,1288.0,0.79,4.2,4.4,1
Berlin,8,55.6,21.8,1817.0,0.34,2.6,8.4,0
Cologne,4,70.0,30.0,2596.0,0.58,6.3,3.4,1
Munich,7,48.9,12.8,800.0,0.48,4.4,4.3,0
Berlin,4,39.9,10.9,1240.0,0.6,3.5,7.1,0
Munich,4,44.7,23.0,2069.0,0.84,5.4,5.5,0
Munich,8,27.3,10.4,933.0,0.9,5.7,3.9,1
Cologne,11,38.1,13.3,1245.0,0.55,4.0,6.7,0
Berlin,10,40.9,13.3,1257.0,0.47,3.8,3.9,0
Frankfurt,4,39.8,16.9,1409.0,0.63,3.6,5.1,0
Munich,3,46.5,23.3,2153.0,0.53,4.8,6.5,0
Munich,11,36.8,10.3,800.0,0.34,2.4,7.3,0
Cologne,10,56.2,18.4,1568.0,0.83,5.8,2.3,1
Berlin,9,45.0,13.9,1380.0,0.9,5.2,4.1,0
Munich,3,44.9,17.2,835.0,0.9,4.8,4.3,0
Munich,5,41.7,17.6,1494.0,0.5,4.9,5.0,0
Hamburg,11,46.6,20.4,1775.0,0.55,5.3,4.3,0
Hamburg,1,53.3,20.1,1262.0,0.63,2.7,7.5,1
Munich,9,36.3,19.7,1630.0,0.65,4.6,5.3,0
Cologne,6,38.4,11.1,800.0,0.76,2.8,8.5,0
Frankfurt,5,42.0,11.5,998.0,0.62,2.6,7.9,0
Hamburg,4,31.5,14.9,1175.0,0.29,1.5,9.0,0
Hamburg,8,36.8,12.6,822.0,0.59,4.3,6.8,0
Berlin,11,40.2,9.3,965.0,0.9,3.7,5.9,0
Frankfurt,2,53.7,17.0,1274.0,0.65,2.9,5.9,1
Hamburg,10,47.6,16.6,1385.0,0.9,5.5,5.7,0
Frankfurt,5,46.9,13.7,1359.0,0.57,2.5,7.6,0
Frankfurt,8,53.5,14.8,1000.0,0.88,5.6,4.6,1
Berlin,1,43.6,13.9,1115.0,0.54,4.7,4.6,0
Munich,12,48.9,13.1,950.0,0.9,6.2,3.2,1
Munich,3,44.0,16.6,1270.0,0.9,7.1,3.8,1
Hamburg,7,47.7,10.1,1235.0,0.39,2.7,8.3,0
Berlin,11,39.2,13.3,1158.0,0.5,3.8,6.9,0
Hamburg,11,20.6,8.4,800.0,0.56,1.6,9.1,0
Hamburg,10,43.7,14.3,1247.0,0.83,5.0,5.6,0
Munich,12,59.2,23.0,1928.0,0.89,6.2,3.9,1
Berlin,5,54.3,14.0,800.0,0.85,4.9,4.9,1
Frankfurt,10,54.7,16.1,1749.0,0.87,4.8,6.4,1
Munich,9,57.4,18.1,1158.0,0.71,4.1,5.6,1
Hamburg,12,45.9,17.4,1741.0,0.85,6.1,4.3,0
Hamburg,1,47.0,16.3,1429.0,0.47,5.4,3.8,0
Cologne,11,38.8,19.4,1586.0,0.56,5.3,4.1,0
Berlin,7,41.8,11.5,861.0,0.69,3.7,6.0,0
Frankfurt,10,51.2,12.9,1550.0,0.85,4.1,5.1,1
Frankfurt,12,57.0,24.4,2071.0,0.89,4.1,6.7,1
Hamburg,6,43.6,10.2,823.0,0.88,4.9,3.8,1
Cologne,10,40.5,15.5,1137.0,0.62,2.5,7.6,0
Cologne,4,45.0,12.1,834.0,0.73,7.3,2.9,1
Berlin,11,51.0,10.8,874.0,0.62,3.1,5.0,1
Hamburg,12,30.6,9.1,800.0,0.38,3.5,6.1,0
Hamburg,11,22.0,10.0,939.0,0.79,4.6,5.7,0
Hamburg,10,39.5,9.5,800.0,0.49,4.8,5.6,0
Berlin,10,32.8,12.7,1214.0,0.46,3.5,6.3,0
Frankfurt,6,39.9,15.6,1444.0,0.7,2.5,8.1,0
Munich,10,43.5,10.7,844.0,0.32,2.3,7.6,0
Cologne,11,40.5,12.8,1141.0,0.8,5.2,4.8,0
Frankfurt,9,59.5,24.6,2092.0,0.9,8.2,2.0,1
Munich,9,48.3,18.0,1151.0,0.88,4.2,6.8,0
Frankfurt,12,48.0,15.2,1564.0,0.4,3.1,6.2,0
Frankfurt,2,51.2,18.3,1414.0,0.27,1.4,8.1,0
Frankfurt,9,33.6,9.1,871.0,0.75,1.9,7.4,0
Frankfurt,2,55.4,21.8,1889.0,0.64,5.4,4.3,1
Hamburg,6,44.2,18.1,949.0,0.9,6.8,4.6,0
Frankfurt,7,51.7,17.6,1276.0,0.62,6.2,4.4,1
Munich,9,34.3,12.1,1138.0,0.75,3.9,5.0,0
Munich,11,29.5,6.8,800.0,0.38,2.3,7.1,0
Cologne,6,53.2,13.7,1231.0,0.66,4.4,5.9,1
Berlin,8,48.8,15.1,1228.0,0.9,7.0,2.1,1
Munich,10,36.0,11.7,1184.0,0.76,3.9,5.4,0
Munich,12,36.3,15.3,1246.0,0.66,1.0,10.0,0
Munich,3,56.3,21.5,2006.0,0.57,4.6,4.8,0
Munich,10,33.1,11.6,800.0,0.85,2.0,8.9,0
Berlin,6,61.4,24.0,1898.0,0.84,5.3,5.9,1
Berlin,2,36.0,9.2,800.0,0.49,4.4,4.8,0
Frankfurt,1,51.4,20.4,1707.0,0.46,5.0,4.1,0
Munich,12,41.7,11.5,867.0,0.41,4.1,5.7,0
Munich,6,51.0,20.7,1612.0,0.58,7.1,1.8,1
Cologne,12,39.6,13.1,911.0,0.89,2.9,7.2,0
Cologne,3,43.4,8.5,800.0,0.77,7.1,2.7,1
Cologne,11,45.4,17.3,1384.0,0.56,3.5,6.8,0
Cologne,12,35.0,14.1,800.0,0.63,3.6,7.8,0
Frankfurt,5,52.4,16.1,828.0,0.69,4.8,6.0,1
Hamburg,6,39.9,12.2,986.0,0.55,4.2,6.3,0
Cologne,10,42.7,13.8,800.0,0.5,4.9,3.1,0
Cologne,6,35.1,5.9,800.0,0.47,4.2,6.3,0
Berlin,12,20.0,5.0,800.0,0.61,1.0,10.0,0
Munich,10,43.1,18.3,1570.0,0.57,2.6,4.4,0
Frankfurt,7,69.1,20.6,1511.0,0.9,10.0,1.0,1
Munich,7,52.8,23.2,2168.0,0.71,4.6,5.3,1
Hamburg,11,44.8,19.0,1693.0,0.78,5.5,3.6,1
Frankfurt,6,42.4,18.8,1204.0,0.85,1.8,9.0,0
Hamburg,12,45.2,13.1,993.0,0.71,4.1,7.6,0
Munich,1,50.5,12.0,1265.0,0.74,4.9,5.9,1
Berlin,8,33.2,7.8,800.0,0.62,4.0,5.6,0
Cologne,10,56.1,17.4,1379.0,0.7,1.5,7.5,1
Munich,4,52.2,10.3,1102.0,0.71,5.5,4.7,1
Frankfurt,1,52.2,16.0,1169.0,0.73,3.5,7.4,1
Cologne,10,49.4,15.9,1493.0,0.74,5.4,4.2,0
Frankfurt,2,45.2,11.2,800.0,0.67,3.0,6.7,0
Hamburg,3,51.7,14.1,800.0,0.89,3.9,8.9,1
Frankfurt,6,50.9,16.3,1551.0,0.68,4.7,6.4,1
Berlin,2,41.5,14.9,1279.0,0.47,2.6,8.6,0
Hamburg,2,39.3,10.4,934.0,0.7,3.2,5.3,0
Munich,6,46.0,16.2,1079.0,0.9,2.8,6.5,0
Cologne,12,60.5,20.6,1443.0,0.78,3.3,6.8,1
Cologne,4,32.6,11.0,1111.0,0.62,4.8,4.2,0
Berlin,5,30.3,8.2,800.0,0.83,1.1,10.0,0
Frankfurt,11,46.6,11.5,900.0,0.63,4.4,7.0,0
Munich,8,45.5,20.3,1665.0,0.9,5.7,3.8,1
Frankfurt,3,46.7,17.5,1699.0,0.5,3.8,8.0,0
Frankfurt,5,47.4,18.8,1651.0,0.9,3.5,6.5,0
Berlin,1,42.8,14.0,1025.0,0.48,4.6,8.0,0
Hamburg,10,59.9,19.5,1277.0,0.9,7.7,2.5,1
Hamburg,4,29.0,11.1,1008.0,0.7,1.1,9.4,0
Berlin,5,36.7,6.7,800.0,0.78,3.4,8.0,0
Berlin,4,44.0,11.3,800.0,0.76,1.8,9.5,0
Berlin,12,28.6,7.1,834.0,0.6,2.3,8.2,0
Frankfurt,9,43.2,13.1,1218.0,0.45,4.4,5.5,0
Frankfurt,8,61.6,17.9,1509.0,0.66,4.9,5.6,1
Munich,11,45.2,16.1,1038.0,0.78,3.8,5.3,0
Berlin,12,47.3,16.0,1639.0,0.72,2.6,7.5,0
Frankfurt,2,32.4,15.0,1404.0,0.48,3.4,5.5,0
Hamburg,9,38.8,20.4,1569.0,0.63,5.5,2.8,1
Berlin,2,41.2,10.0,800.0,0.62,2.5,7.6,0
Hamburg,6,41.8,14.4,1166.0,0.8,3.2,8.0,0
Cologne,2,57.8,19.7,1481.0,0.9,6.5,4.4,1
Munich,6,50.6,16.8,1788.0,0.6,6.9,3.0,1
Cologne,6,33.9,8.0,800.0,0.81,1.1,10.0,0
Munich,11,47.5,13.1,832.0,0.9,4.5,4.9,0
Berlin,7,50.0,17.4,1708.0,0.48,5.4,2.7,0
Munich,10,56.4,16.0,1163.0,0.78,5.5,2.3,1
Frankfurt,5,60.8,20.7,1817.0,0.67,2.4,6.5,1
Hamburg,12,34.8,10.9,1005.0,0.74,4.2,6.6,0
Frankfurt,3,36.9,12.7,1006.0,0.87,6.0,3.4,1
Berlin,12,32.4,7.9,800.0,0.67,3.4,7.0,0
Cologne,2,42.7,14.7,1166.0,0.51,2.7,8.9,0
Hamburg,4,49.7,13.9,879.0,0.47,4.2,4.7,0
Berlin,12,54.9,18.8,1497.0,0.73,8.1,2.3,1
Frankfurt,1,44.2,18.8,1656.0,0.9,5.8,4.7,0
Frankfurt,11,41.8,14.7,1521.0,0.6,5.1,4.0,1
Munich,12,46.5,16.5,1100.0,0.9,5.2,6.2,0
Munich,2,36.6,14.7,1123.0,0.58,2.7,7.0,0
Cologne,8,65.9,17.8,1315.0,0.76,6.3,3.3,1
Munich,5,28.9,14.8,1239.0,0.86,2.8,9.3,0
Munich,5,46.8,12.4,800.0,0.6,5.5,5.0,0
Munich,3,65.2,24.4,1765.0,0.75,8.8,2.1,1
Cologne,11,45.1,17.3,1043.0,0.9,6.2,5.2,0
Berlin,1,43.1,11.7,800.0,0.63,2.2,7.2,0
Hamburg,6,41.4,16.8,1215.0,0.54,4.5,6.8,0
Berlin,12,43.2,15.9,1606.0,0.57,5.4,4.1,0
Berlin,1,58.7,25.2,2089.0,0.9,6.8,2.7,1
Berlin,4,22.9,8.2,800.0,0.63,1.3,8.4,0
Frankfurt,4,60.3,19.8,1852.0,0.77,10.0,1.0,1
Hamburg,11,30.8,8.7,800.0,0.79,1.2,9.7,0
Hamburg,3,42.3,8.9,806.0,0.6,2.6,7.7,0
Frankfurt,4,40.7,12.6,915.0,0.9,4.4,5.1,0
Frankfurt,6,50.9,16.1,1163.0,0.78,8.3,2.4,1
Munich,6,29.0,10.5,800.0,0.6,1.6,8.1,0
Frankfurt,11,49.6,12.3,861.0,0.53,4.6,5.1,0
Cologne,6,65.2,21.0,1626.0,0.87,8.1,1.9,1
Frankfurt,6,31.4,12.2,1044.0,0.46,3.1,7.4,0
Munich,4,46.9,17.7,1405.0,0.59,4.2,6.2,0
Frankfurt,11,38.4,7.2,800.0,0.6,4.7,5.0,0
Cologne,7,49.3,18.5,1301.0,0.64,5.3,5.5,0
Frankfurt,7,45.2,14.3,1226.0,0.9,6.1,3.7,1
Berlin,2,38.6,12.3,885.0,0.51,5.8,3.5,0
Hamburg,12,49.9,9.5,833.0,0.77,5.4,3.1,1
Cologne,6,63.0,25.5,1657.0,0.9,6.7,4.2,1
Cologne,5,43.1,14.9,1259.0,0.83,4.6,5.4,0
Cologne,10,52.2,12.8,1174.0,0.9,6.0,4.3,1
Berlin,1,32.1,11.8,1069.0,0.82,3.3,7.8,0
Berlin,3,35.4,12.8,988.0,0.9,3.5,6.0,0
Hamburg,9,49.7,20.2,1802.0,0.9,6.8,1.9,1
Munich,11,59.8,19.0,1267.0,0.9,8.3,1.8,1
Hamburg,9,48.6,16.2,1280.0,0.65,2.6,7.7,0
Cologne,10,41.9,12.0,924.0,0.8,4.2,5.5,0
Cologne,9,45.0,16.8,1551.0,0.66,3.5,8.0,0
Cologne,11,32.5,8.5,800.0,0.51,2.8,4.7,0
Hamburg,10,51.0,14.3,935.0,0.67,5.7,5.4,1
Munich,5,53.8,17.7,1768.0,0.74,6.4,4.4,1
Munich,6,40.5,9.8,800.0,0.6,3.9,6.6,0
Hamburg,9,40.3,18.2,1622.0,0.58,1.2,5.5,0
Cologne,4,47.7,21.7,1593.0,0.51,3.3,8.0,0
Hamburg,11,40.6,12.2,1026.0,0.78,5.4,3.6,1
Hamburg,4,44.3,10.6,1132.0,0.8,1.0,8.5,0
Frankfurt,12,66.0,23.0,1899.0,0.86,8.4,1.4,1
Frankfurt,9,42.5,12.7,1305.0,0.59,5.0,5.4,0
Berlin,12,41.4,17.3,1288.0,0.71,6.1,4.5,0
Berlin,7,38.5,10.5,800.0,0.9,3.6,7.3,0
Hamburg,6,52.4,19.1,1687.0,0.87,2.2,8.7,1
Frankfurt,10,43.2,14.7,1091.0,0.9,5.0,5.3,0
Cologne,6,38.5,10.8,984.0,0.66,5.8,4.7,0
Berlin,5,58.2,20.1,1847.0,0.79,7.2,1.7,1
Cologne,12,59.2,22.4,1963.0,0.9,4.9,4.3,1
Cologne,11,39.0,13.3,800.0,0.6,4.0,6.9,0
Berlin,4,26.3,9.1,800.0,0.37,1.8,9.0,0
Hamburg,3,55.1,15.7,1316.0,0.58,4.3,6.4,0
Frankfurt,7,38.2,16.2,1243.0,0.9,5.2,4.2,0
Berlin,5,52.9,20.8,1677.0,0.62,3.5,7.4,1
Munich,2,25.3,7.2,800.0,0.82,1.2,7.6,0
Munich,3,53.9,17.6,1303.0,0.45,3.7,7.3,0
Cologne,5,32.9,15.2,1178.0,0.71,1.1,8.7,0
Munich,9,52.3,14.0,887.0,0.53,5.5,6.2,0
Cologne,12,45.1,16.9,1253.0,0.63,6.3,2.2,1
Frankfurt,6,35.5,10.1,800.0,0.73,3.3,8.5,0
Berlin,11,40.9,19.0,1541.0,0.55,1.8,7.8,0
Berlin,2,51.9,17.5,1360.0,0.9,6.4,3.2,1
Frankfurt,8,46.1,19.1,1348.0,0.9,7.1,3.1,1
Cologne,12,50.8,14.7,1530.0,0.44,4.1,5.2,0
Hamburg,6,64.8,17.8,1378.0,0.6,5.8,4.2,1
Munich,6,29.4,9.1,800.0,0.77,3.7,5.6,0
Frankfurt,8,61.2,21.2,1567.0,0.9,8.6,1.0,1
Munich,7,46.0,13.8,1022.0,0.87,3.8,6.7,0
Hamburg,5,36.0,14.3,1207.0,0.56,1.6,7.5,0
Cologne,11,31.7,9.9,800.0,0.85,4.1,5.1,0
Munich,9,43.1,8.1,800.0,0.6,5.5,3.1,1
Cologne,1,54.2,19.7,1740.0,0.48,5.4,4.1,0
Hamburg,4,43.7,11.9,851.0,0.72,3.5,7.8,0
Cologne,10,60.1,19.0,1250.0,0.9,7.5,1.7,1
Hamburg,12,30.5,14.8,881.0,0.65,3.8,5.4,0
Berlin,11,44.9,20.3,1910.0,0.71,3.3,6.9,0
Munich,9,32.5,9.1,914.0,0.62,3.3,6.3,0
Munich,2,48.6,17.9,1567.0,0.65,2.8,9.4,0
Hamburg,3,53.9,16.3,1217.0,0.9,6.4,3.4,1
Hamburg,3,40.8,12.7,800.0,0.67,3.7,6.6,0
Frankfurt,6,20.0,5.0,800.0,0.27,1.3,9.6,0
Hamburg,3,47.0,10.5,821.0,0.9,4.6,6.3,0
Hamburg,3,49.4,16.7,1113.0,0.82,5.0,5.2,0
Cologne,5,49.0,17.2,1083.0,0.9,6.2,3.6,1
Cologne,3,57.4,17.1,1022.0,0.9,6.6,5.4,1
Munich,5,34.3,14.7,1307.0,0.53,3.2,6.7,0
Cologne,3,51.8,16.0,1036.0,0.82,6.3,3.2,1
Cologne,2,56.9,17.1,1427.0,0.88,6.3,3.1,1
Munich,8,27.2,10.7,800.0,0.51,2.1,6.2,0
Berlin,3,48.2,11.4,1033.0,0.9,4.6,6.2,0
Frankfurt,6,40.0,16.0,1350.0,0.81,3.8,3.9,1
Cologne,11,44.2,13.5,1035.0,0.9,5.2,4.8,0
Berlin,2,48.5,19.1,1556.0,0.9,4.3,5.5,0
Frankfurt,1,40.1,17.2,1357.0,0.53,3.4,8.8,0
Munich,8,38.2,14.7,1050.0,0.9,6.8,1.4,1
Cologne,12,45.3,12.7,1210.0,0.9,5.9,3.2,1
Cologne,3,34.1,7.6,800.0,0.82,2.3,7.6,0
Hamburg,2,34.1,7.1,800.0,0.71,4.3,5.5,0
Cologne,2,51.8,20.6,1363.0,0.77,5.4,4.1,1
Cologne,5,33.5,10.8,916.0,0.46,3.9,6.0,0
Berlin,6,51.7,15.4,1112.0,0.9,5.4,3.4,1
Berlin,11,49.6,16.1,1196.0,0.86,6.7,3.6,1
Cologne,2,27.7,12.5,831.0,0.72,3.3,4.4,0
Frankfurt,6,38.2,15.1,1181.0,0.46,3.7,6.2,0
Munich,1,56.9,20.3,1222.0,0.9,7.3,2.1,1
Berlin,9,35.2,13.6,1228.0,0.42,3.9,7.1,0
Frankfurt,4,40.4,14.0,1112.0,0.9,4.2,7.5,0
Cologne,5,49.6,17.4,1302.0,0.9,5.4,4.2,0
Hamburg,3,52.8,18.3,1152.0,0.57,5.1,6.2,0
Berlin,6,42.5,14.2,1220.0,0.77,4.3,5.4,0
Berlin,1,39.0,15.3,1095.0,0.71,3.0,6.0,0
Hamburg,7,59.2,20.8,1927.0,0.9,4.8,7.0,1
Cologne,8,62.4,18.2,1550.0,0.89,4.7,5.8,1
Berlin,3,54.8,19.8,1895.0,0.9,3.4,6.6,1
Cologne,2,45.9,16.0,1309.0,0.57,3.3,7.4,0
Frankfurt,12,36.9,14.1,1347.0,0.45,3.4,6.8,0
Berlin,4,36.7,11.9,1046.0,0.74,3.8,6.1,0
Cologne,8,50.2,19.2,1444.0,0.89,4.6,4.1,1
Frankfurt,11,49.2,16.2,1334.0,0.44,1.4,8.3,0
Berlin,8,59.0,21.8,1581.0,0.75,8.3,2.4,1
Munich,12,51.5,15.8,1678.0,0.9,6.8,3.1,1
Cologne,11,30.0,8.8,800.0,0.84,3.7,7.2,0
Frankfurt,8,55.5,20.3,1630.0,0.74,8.4,2.0,1
Munich,2,35.0,10.7,932.0,0.82,2.0,7.1,0
Cologne,4,41.2,20.3,1410.0,0.63,6.9,1.7,1
Berlin,10,47.5,17.5,1667.0,0.43,3.3,6.5,0
Cologne,1,65.0,21.7,1533.0,0.75,6.9,2.6,1
Frankfurt,11,70.0,25.8,1813.0,0.9,5.1,5.2,1
Berlin,7,51.1,15.6,1213.0,0.87,5.1,4.2,1
Berlin,10,43.2,17.2,1117.0,0.68,4.9,4.5,0
Berlin,6,50.3,19.5,1870.0,0.53,4.8,6.3,0
Hamburg,11,53.9,21.7,1691.0,0.9,6.5,3.7,1
Frankfurt,7,41.8,12.6,800.0,0.78,4.3,5.0,0
Munich,10,63.0,17.3,1425.0,0.9,5.5,4.5,1
Berlin,12,47.3,13.9,1226.0,0.85,3.9,7.5,0
Frankfurt,5,50.0,15.8,1181.0,0.57,6.2,4.1,0
Hamburg,6,51.7,22.2,1507.0,0.85,4.2,6.4,1
Hamburg,12,49.2,23.0,1819.0,0.67,6.3,3.0,1
Berlin,6,53.4,18.8,1410.0,0.9,7.2,3.9,1
Frankfurt,6,38.8,13.0,843.0,0.28,1.4,10.0,0
Hamburg,9,39.4,12.1,800.0,0.63,5.6,3.6,1
Berlin,4,34.0,13.8,1136.0,0.82,6.5,2.3,1
Cologne,2,49.4,23.0,2023.0,0.51,5.3,4.9,0
Cologne,9,52.8,23.0,1929.0,0.72,6.2,4.7,1
Cologne,10,49.6,19.9,1250.0,0.82,6.5,3.4,1
Munich,7,61.7,24.0,2039.0,0.76,5.8,3.2,1
Frankfurt,5,44.9,17.5,1553.0,0.71,4.8,5.1,0
Cologne,6,51.7,17.1,1646.0,0.89,3.2,7.4,1
Hamburg,11,34.1,9.2,800.0,0.68,3.6,6.0,0
Munich,7,41.1,13.6,1080.0,0.9,4.9,5.7,0
Cologne,5,52.0,18.6,1600.0,0.59,6.0,5.2,0
Berlin,5,53.5,13.5,972.0,0.72,6.9,3.3,1
Hamburg,6,42.1,13.6,1195.0,0.75,3.0,6.9,0
Munich,8,44.3,12.3,978.0,0.55,3.6,7.2,0
Munich,2,29.8,13.0,869.0,0.7,5.8,3.3,1
Hamburg,11,41.4,12.2,821.0,0.9,3.9,5.1,0
Cologne,10,53.9,19.0,1766.0,0.81,5.7,4.0,1
Berlin,9,50.8,14.8,986.0,0.65,5.0,4.5,1
Berlin,10,50.0,21.5,1483.0,0.85,3.8,5.4,1
Berlin,5,45.5,10.1,874.0,0.59,7.0,4.8,0
Munich,4,45.1,16.5,1310.0,0.72,3.7,8.5,0
Cologne,8,38.4,9.0,800.0,0.37,2.1,7.5,0
Hamburg,4,52.0,15.8,1160.0,0.53,4.5,5.6,0
Frankfurt,2,49.2,17.0,1198.0,0.33,1.9,7.9,0
Berlin,5,49.9,17.4,1264.0,0.9,4.0,7.1,0
Hamburg,5,39.7,13.9,1620.0,0.36,2.5,8.8,0
Hamburg,4,23.5,8.3,800.0,0.67,3.3,4.9,0
Berlin,3,56.0,16.7,1162.0,0.56,4.6,5.9,0
Frankfurt,11,40.2,12.9,1437.0,0.7,5.4,3.3,1
Munich,5,36.4,12.2,1155.0,0.78,5.7,6.0,0
Munich,9,51.9,17.9,1577.0,0.79,6.4,4.1,1
Cologne,9,41.1,13.5,913.0,0.84,3.8,5.4,0
Munich,9,55.6,20.7,1896.0,0.9,5.8,4.0,1
Hamburg,6,51.2,17.3,1550.0,0.52,2.8,6.9,0
Munich,8,51.8,17.9,1460.0,0.46,5.0,5.5,0
Cologne,1,31.3,9.3,800.0,0.83,1.8,9.2,0
Hamburg,1,57.1,15.9,1267.0,0.9,6.8,2.1,1
Hamburg,7,47.6,16.3,1653.0,0.89,8.6,3.2,1
Frankfurt,12,41.3,17.4,1435.0,0.72,4.9,6.7,0
Berlin,5,46.4,16.8,1269.0,0.37,1.7,7.5,0
Berlin,2,27.2,6.6,800.0,0.59,2.2,7.9,0
Berlin,4,49.1,18.8,1473.0,0.64,5.1,6.6,0
Cologne,4,34.7,10.6,800.0,0.9,3.6,7.6,0
Munich,6,31.5,12.6,1003.0,0.41,2.1,7.6,0
Berlin,8,29.8,8.8,994.0,0.59,3.3,7.5,0
Munich,3,56.1,19.8,1847.0,0.76,3.7,9.2,1
Berlin,12,38.7,11.3,800.0,0.53,2.5,7.7,0
Frankfurt,12,60.3,18.6,1746.0,0.83,7.0,2.4,1
Munich,7,39.6,8.5,833.0,0.9,2.4,7.7,0
Cologne,2,27.9,10.8,994.0,0.68,3.6,6.6,0
Cologne,9,33.8,12.4,1077.0,0.81,1.3,8.1,0
Munich,12,57.4,20.4,1446.0,0.65,8.4,2.1,1
Cologne,7,43.4,15.3,1143.0,0.43,3.2,5.6,0
Hamburg,1,39.5,10.9,1037.0,0.9,3.6,5.7,0
Cologne,4,46.6,18.4,1233.0,0.54,5.2,5.6,0
Frankfurt,2,50.0,19.7,1364.0,0.85,4.2,4.1,1
Frankfurt,10,56.2,16.4,1370.0,0.76,5.8,5.1,1
Munich,5,59.5,21.4,1556.0,0.78,6.8,1.2,1
Cologne,9,41.4,16.4,1479.0,0.87,5.6,2.7,1
Munich,3,31.7,9.2,800.0,0.85,4.4,5.1,0
Berlin,5,40.9,12.7,1068.0,0.9,3.8,6.5,0
Hamburg,11,47.6,17.5,1463.0,0.58,4.5,6.8,0
Munich,10,35.4,7.3,800.0,0.9,7.1,3.0,1
Munich,2,35.4,8.5,800.0,0.65,5.0,4.8,0
Munich,4,48.4,13.2,918.0,0.8,3.5,7.1,0
Munich,2,44.5,9.4,800.0,0.52,4.6,4.5,0
Frankfurt,8,45.3,18.4,1277.0,0.68,4.0,6.1,0
Hamburg,7,37.4,6.5,800.0,0.49,3.5,5.3,0
Berlin,7,42.7,15.3,1371.0,0.52,2.4,7.7,0
Hamburg,7,35.8,14.4,921.0,0.78,3.0,6.9,0
Munich,9,53.9,17.1,1270.0,0.75,8.1,1.1,1
Frankfurt,2,55.4,16.4,1419.0,0.9,6.4,3.8,1
Berlin,6,26.5,9.5,800.0,0.55,1.0,9.2,0
Munich,12,35.7,11.9,1324.0,0.53,5.4,5.8,0
Munich,4,30.0,13.0,1251.0,0.66,4.6,3.8,1
Cologne,12,38.5,5.0,800.0,0.89,3.3,6.6,0
Hamburg,10,44.2,12.0,800.0,0.9,5.5,3.7,1
Hamburg,11,30.5,11.9,954.0,0.51,1.8,9.1,0
Hamburg,6,35.8,12.1,800.0,0.38,2.9,7.9,0
Cologne,9,35.0,13.9,1305.0,0.57,5.7,4.8,0
Frankfurt,11,47.1,16.5,1397.0,0.89,4.3,5.0,0
Frankfurt,1,45.7,14.8,1211.0,0.68,1.8,9.1,0
Frankfurt,2,37.8,11.7,821.0,0.56,3.7,4.8,0
Berlin,6,46.8,22.6,2125.0,0.66,4.6,3.7,1
Cologne,12,39.5,17.8,1573.0,0.9,5.8,3.0,1
Cologne,12,42.3,15.6,1367.0,0.66,4.2,5.7,0
Frankfurt,7,61.7,20.8,1905.0,0.9,5.5,5.1,1
Frankfurt,3,58.4,21.1,1483.0,0.75,7.4,1.0,1
Frankfurt,1,32.0,13.1,1309.0,0.8,3.4,7.9,0
Cologne,7,53.3,19.0,1469.0,0.69,4.2,5.9,1
Frankfurt,12,53.1,15.5,1303.0,0.88,7.0,1.4,1
Hamburg,2,33.5,16.5,1291.0,0.74,3.6,6.5,0
Frankfurt,12,53.2,18.5,1102.0,0.74,5.3,5.8,1
Hamburg,6,60.4,26.2,2285.0,0.79,6.3,4.3,1
Munich,4,33.8,11.8,800.0,0.45,1.8,9.3,0
Munich,10,35.8,11.2,800.0,0.9,2.8,5.8,0
Cologne,4,55.2,22.5,1713.0,0.9,5.5,4.1,1
Berlin,9,47.7,16.8,954.0,0.74,4.5,4.6,0
Munich,7,50.5,17.2,1159.0,0.57,7.0,4.8,0
Cologne,1,48.4,12.5,1052.0,0.56,5.2,5.5,0
Cologne,4,48.9,18.3,1393.0,0.9,6.2,6.7,0
Hamburg,10,31.7,9.1,800.0,0.9,3.2,6.3,0
Hamburg,6,55.5,17.1,1189.0,0.65,7.1,2.1,1
Frankfurt,2,56.7,17.4,1403.0,0.9,6.3,3.6,1
Munich,4,42.7,15.6,1179.0,0.79,4.3,7.1,0
Hamburg,2,44.6,10.2,800.0,0.6,4.4,5.2,0
Berlin,1,29.7,9.3,800.0,0.54,1.5,8.6,0
Cologne,1,50.1,19.7,1324.0,0.9,5.8,4.3,1
Frankfurt,9,50.7,13.2,1233.0,0.51,5.0,5.0,0
Hamburg,11,44.4,15.3,1147.0,0.5,3.7,5.7,0
Hamburg,9,56.2,16.9,1853.0,0.58,7.3,2.6,1
Hamburg,4,41.7,12.7,1207.0,0.86,2.3,7.5,0
Munich,8,50.6,21.8,1722.0,0.77,4.4,5.6,1
Hamburg,12,34.8,6.6,800.0,0.77,5.0,5.9,0
Cologne,10,44.8,17.2,960.0,0.87,4.9,6.8,0
Hamburg,11,43.3,13.0,1231.0,0.9,4.3,4.9,0
Berlin,7,47.3,14.2,969.0,0.56,5.1,4.5,0
Hamburg,5,41.3,10.4,853.0,0.5,4.4,4.8,0
Frankfurt,10,43.7,16.8,1200.0,0.48,2.1,8.1,0
Frankfurt,2,53.3,17.2,1250.0,0.9,4.8,4.7,1
Berlin,9,40.6,12.6,971.0,0.77,6.5,3.8,1
Frankfurt,7,28.9,10.0,813.0,0.77,1.9,9.2,0
Munich,4,62.5,20.3,1620.0,0.61,5.8,1.7,1
Cologne,10,58.8,13.6,1088.0,0.75,5.1,5.4,1
Cologne,2,32.1,9.2,800.0,0.43,3.1,6.5,0
Munich,2,51.9,20.0,2065.0,0.66,4.3,6.1,1
Frankfurt,3,40.0,8.8,800.0,0.59,4.7,4.4,0
Berlin,6,47.6,12.6,1096.0,0.78,5.1,6.1,0
Berlin,1,47.9,14.7,1108.0,0.9,6.0,5.0,0
Cologne,5,42.7,12.0,800.0,0.9,2.7,7.9,0
Berlin,10,37.2,12.3,1015.0,0.53,3.2,7.6,0
Munich,3,38.1,9.4,811.0,0.82,3.5,5.8,0
Cologne,7,35.8,10.8,1123.0,0.9,4.3,5.1,0
Hamburg,7,36.7,12.1,1382.0,0.4,2.5,8.3,0
Munich,10,44.3,16.7,1633.0,0.84,5.8,3.4,1
Munich,12,37.8,16.3,955.0,0.85,5.6,5.9,0
Berlin,5,51.8,16.5,1227.0,0.55,3.7,6.0,0
Berlin,9,59.9,25.6,2117.0,0.48,5.3,5.3,0
Berlin,11,39.2,12.5,921.0,0.51,3.1,9.0,0
Hamburg,10,47.4,18.3,1454.0,0.9,8.7,1.0,1
Munich,8,50.0,22.5,1368.0,0.54,4.4,5.7,0
Frankfurt,9,49.7,17.0,1542.0,0.75,7.5,3.6,1
Cologne,11,45.8,11.1,800.0,0.76,2.7,8.3,0
Berlin,6,52.4,17.7,1105.0,0.63,3.8,5.9,1
Berlin,8,49.8,14.8,979.0,0.44,4.0,5.5,0
Munich,10,32.6,10.1,800.0,0.54,2.0,7.8,0
Hamburg,2,53.7,23.9,1584.0,0.9,5.0,6.5,1
Berlin,5,53.9,14.3,931.0,0.57,4.3,5.4,0
Hamburg,8,37.4,13.4,1298.0,0.48,2.5,7.6,0
Hamburg,2,45.4,12.5,977.0,0.62,6.3,3.3,1
Frankfurt,2,51.8,16.4,1395.0,0.71,7.0,3.7,1
Hamburg,3,42.9,16.5,1076.0,0.83,5.7,4.4,0
Frankfurt,2,55.7,19.5,1552.0,0.9,6.4,2.6,1
Cologne,4,68.6,22.2,1749.0,0.9,7.0,2.0,1
Hamburg,4,37.1,10.4,800.0,0.59,3.0,5.0,0
Cologne,1,31.2,11.3,897.0,0.52,1.7,7.5,0
Hamburg,6,48.0,21.1,1312.0,0.48,5.3,5.4,0
Frankfurt,12,52.2,14.7,1264.0,0.37,3.5,7.9,0
Frankfurt,7,42.7,20.0,1517.0,0.82,2.8,7.9,0
Cologne,7,59.5,23.4,1824.0,0.88,7.7,2.9,1
Munich,12,31.6,14.6,1342.0,0.52,6.0,3.9,0
Munich,5,51.9,18.2,1545.0,0.66,5.8,5.0,1
Munich,4,38.9,16.5,1256.0,0.69,5.6,4.7,0
Hamburg,2,62.2,17.7,1193.0,0.9,5.9,6.0,1
Munich,5,64.9,19.6,1837.0,0.68,4.5,5.4,1
Cologne,4,37.3,14.7,911.0,0.9,4.7,6.7,0
Munich,8,39.5,14.1,1250.0,0.82,4.8,6.1,0
Cologne,10,53.6,17.4,1074.0,0.49,5.5,5.3,0
Cologne,1,41.1,6.2,800.0,0.9,3.7,4.2,0
Hamburg,7,44.5,13.5,1285.0,0.6,5.9,5.0,0
Frankfurt,5,45.3,11.6,800.0,0.52,3.0,6.8,0
Hamburg,10,25.8,10.1,896.0,0.76,1.4,8.1,0
Hamburg,5,44.9,14.4,1224.0,0.46,3.0,5.5,0
Berlin,1,38.1,10.8,1006.0,0.64,3.9,6.1,0
Munich,9,40.1,21.3,1776.0,0.84,2.4,7.7,0
Munich,7,59.4,22.9,1642.0,0.83,4.9,3.8,1
Cologne,2,32.4,14.0,1075.0,0.49,2.2,6.3,0
Frankfurt,11,53.1,24.3,2278.0,0.83,4.9,5.6,1
Munich,5,42.2,16.5,1097.0,0.79,2.0,8.9,0
Munich,8,42.2,11.8,1005.0,0.66,4.4,5.8,0
Frankfurt,11,52.9,15.0,1428.0,0.9,7.2,4.0,1
Munich,7,48.4,19.0,1324.0,0.9,5.0,4.9,0
Berlin,2,50.7,10.7,800.0,0.9,7.4,2.6,1
Munich,7,54.7,18.0,1186.0,0.88,7.5,1.6,1
Berlin,6,41.7,7.4,800.0,0.52,5.3,3.1,0
Hamburg,12,38.9,13.3,806.0,0.82,4.0,7.9,0
Hamburg,8,34.1,13.9,1089.0,0.53,3.4,7.7,0
Berlin,9,36.7,13.1,1321.0,0.84,4.8,3.8,1
Cologne,7,70.0,26.1,2082.0,0.73,6.4,3.7,1
Berlin,8,57.4,25.0,1848.0,0.78,2.9,7.0,1
Cologne,12,31.5,10.1,830.0,0.61,3.9,5.8,0
Frankfurt,10,31.8,19.0,1507.0,0.84,1.5,8.1,0
Frankfurt,7,49.8,17.2,1470.0,0.46,3.5,6.8,0
Berlin,7,50.5,19.7,1898.0,0.49,5.0,5.8,0
Cologne,1,50.5,15.0,1279.0,0.9,4.9,5.5,1
Hamburg,5,42.5,19.0,1927.0,0.55,2.1,7.8,0
Berlin,10,43.7,17.7,1508.0,0.71,4.6,5.2,0
Berlin,5,48.3,20.5,1487.0,0.9,6.3,4.7,0
Cologne,4,45.9,15.4,1694.0,0.7,2.9,7.6,0
Frankfurt,1,22.8,5.0,800.0,0.81,4.2,5.9,0
Hamburg,7,42.7,15.6,1038.0,0.31,1.9,8.0,0
Cologne,8,36.5,7.1,1030.0,0.9,6.8,3.5,1
Cologne,5,46.8,14.6,1019.0,0.64,4.1,5.5,0
Hamburg,4,70.0,23.9,1758.0,0.84,7.2,3.6,1
Berlin,12,48.7,23.4,1758.0,0.79,2.0,6.9,0
Berlin,9,41.9,14.9,1226.0,0.72,4.1,5.5,0
Munich,3,54.2,18.5,1665.0,0.9,5.8,4.8,1
Hamburg,3,49.8,16.4,800.0,0.9,4.9,4.0,0
Cologne,4,49.2,12.4,1175.0,0.84,4.1,4.4,0
Munich,7,51.1,17.3,1272.0,0.74,3.7,6.4,1
Munich,2,65.6,22.2,1691.0,0.86,8.3,1.0,1
Munich,8,33.7,8.3,1009.0,0.4,3.4,5.3,0
Berlin,2,49.7,13.0,1084.0,0.58,7.3,3.5,1
Frankfurt,4,35.7,10.5,927.0,0.37,2.8,7.0,0
Munich,2,50.6,17.0,1354.0,0.9,4.4,6.9,1
Cologne,9,35.8,10.6,998.0,0.63,4.8,4.0,1
Berlin,4,40.8,10.5,1160.0,0.7,1.6,8.3,0
Frankfurt,5,42.0,14.9,800.0,0.68,2.4,8.0,0
Frankfurt,9,54.8,19.9,1806.0,0.9,7.1,1.7,1
Munich,2,54.2,18.4,1783.0,0.73,3.7,7.4,1
Munich,4,32.5,9.2,833.0,0.43,1.0,9.5,0
Berlin,6,45.5,17.0,1222.0,0.9,7.4,1.0,1
Munich,1,37.9,12.1,800.0,0.84,1.7,8.3,0
Berlin,1,32.4,7.2,1051.0,0.76,3.5,6.9,0
Frankfurt,7,42.8,17.4,1210.0,0.9,4.4,5.0,0
Cologne,6,41.9,15.0,1506.0,0.29,1.0,7.5,0
Cologne,4,69.3,22.7,1897.0,0.59,6.5,3.8,1
Hamburg,5,49.3,11.7,1348.0,0.82,5.6,6.6,0
Hamburg,5,31.2,8.2,800.0,0.89,3.7,6.0,0
Hamburg,9,39.4,19.2,1212.0,0.65,5.3,6.3,0
Cologne,5,55.2,13.9,1111.0,0.78,4.9,4.3,1
Munich,2,65.9,21.2,1399.0,0.59,7.7,2.6,1
Berlin,7,29.1,9.7,1309.0,0.89,1.9,8.9,0
Cologne,10,26.2,9.7,902.0,0.71,1.0,9.0,0
Hamburg,9,63.7,16.7,1495.0,0.64,4.4,5.3,1
Hamburg,7,48.9,16.8,1501.0,0.9,2.7,8.0,0
Munich,8,36.3,7.0,800.0,0.51,5.1,6.7,0
Hamburg,10,50.3,17.1,1340.0,0.62,2.8,7.5,1
Hamburg,3,20.0,5.0,800.0,0.36,2.4,7.1,0
Berlin,11,45.0,12.4,1382.0,0.61,4.1,5.7,0
Munich,9,48.3,18.6,1256.0,0.57,4.7,7.8,0
Frankfurt,7,54.2,17.4,1244.0,0.76,7.5,2.7,1
Frankfurt,10,34.9,13.0,971.0,0.9,2.8,6.6,0
Hamburg,4,45.9,16.8,1210.0,0.73,5.5,3.4,1
Hamburg,12,35.7,15.7,966.0,0.58,3.6,4.5,0
Berlin,10,47.6,12.2,800.0,0.81,4.5,5.8,0
Frankfurt,7,36.0,14.8,816.0,0.9,7.1,3.6,1
Munich,3,40.9,13.7,1315.0,0.89,1.9,7.7,0
Munich,11,35.0,10.5,842.0,0.8,5.4,4.5,0
Cologne,10,51.5,13.7,1265.0,0.9,6.1,2.7,1
Cologne,7,53.6,19.7,1458.0,0.66,4.6,5.5,1
Munich,3,42.7,11.5,896.0,0.64,6.7,3.8,1
Cologne,2,45.4,16.7,1657.0,0.55,1.8,7.7,0
Berlin,1,30.5,16.0,1587.0,0.56,2.3,9.4,0
Hamburg,11,42.0,16.9,1544.0,0.57,2.4,6.8,0
Munich,6,44.5,19.0,1561.0,0.87,5.1,5.2,0
Frankfurt,3,70.0,21.2,1798.0,0.71,5.3,5.5,1
Frankfurt,10,33.9,13.6,1161.0,0.9,4.0,5.9,0
Munich,12,59.6,16.4,1282.0,0.9,5.7,4.1,1
Cologne,11,55.0,17.6,1329.0,0.75,4.8,3.8,1
Cologne,2,47.8,21.2,1917.0,0.8,5.4,6.0,0
Munich,11,62.6,19.0,1264.0,0.74,5.9,4.0,1
Munich,3,48.7,19.6,1863.0,0.58,3.2,7.3,0
Munich,8,48.9,19.3,1492.0,0.9,9.1,1.6,1
Berlin,3,44.5,18.0,1181.0,0.41,3.7,5.7,0
Frankfurt,4,57.2,15.3,1113.0,0.57,2.4,7.4,0
Berlin,2,56.0,20.2,1444.0,0.51,4.3,7.0,0
Berlin,8,38.7,12.4,880.0,0.73,2.0,6.9,0
Hamburg,6,31.8,13.9,991.0,0.54,4.4,7.7,0
Berlin,9,43.0,9.4,800.0,0.9,4.8,4.5,0
Frankfurt,8,37.0,13.4,1013.0,0.64,4.3,4.5,0
Cologne,4,44.4,15.5,1224.0,0.9,3.9,6.3,0
Frankfurt,8,57.4,13.2,1205.0,0.9,5.3,6.9,1
Munich,1,40.4,10.8,817.0,0.84,3.5,4.6,0
Munich,11,44.6,9.4,815.0,0.79,4.3,5.5,0
Munich,9,45.6,13.0,1043.0,0.58,5.8,4.7,0
Berlin,5,53.5,19.5,1666.0,0.9,5.9,4.2,1
Hamburg,4,22.5,8.1,800.0,0.82,3.0,7.4,0
Cologne,5,38.9,13.5,950.0,0.6,4.6,4.6,0
Berlin,1,47.1,12.6,823.0,0.78,6.0,3.4,1
Munich,2,57.0,22.4,1831.0,0.55,6.1,3.7,1
Frankfurt,2,40.1,13.3,1319.0,0.82,4.5,4.3,0
Munich,11,26.2,8.8,800.0,0.5,4.4,5.5,0
Frankfurt,9,51.2,19.9,1451.0,0.8,4.1,5.5,1
Cologne,6,38.6,9.9,800.0,0.73,2.6,6.9,0
Munich,3,33.1,11.7,825.0,0.47,1.5,8.8,0
Cologne,4,38.8,14.2,1002.0,0.9,4.2,4.0,0
Munich,1,43.2,12.7,800.0,0.74,1.5,8.2,0
Munich,7,39.0,14.9,1146.0,0.73,4.6,7.7,0
Frankfurt,7,22.9,9.1,800.0,0.86,2.1,6.8,0
Hamburg,8,54.0,17.7,1199.0,0.9,7.1,4.2,1
Frankfurt,1,57.7,18.9,1333.0,0.85,4.8,5.3,1
Berlin,9,51.5,18.7,1310.0,0.53,4.8,4.6,0
Cologne,2,33.6,13.6,809.0,0.75,5.0,3.6,1
Cologne,1,43.0,14.5,970.0,0.9,6.4,3.8,1
Hamburg,1,44.9,18.3,1428.0,0.74,3.5,8.0,0
Munich,8,51.0,19.0,1249.0,0.8,5.4,4.2,1
Cologne,3,51.7,11.9,921.0,0.9,5.6,4.3,1
Hamburg,6,37.7,8.3,800.0,0.43,4.3,6.7,0
Berlin,6,45.8,18.8,1320.0,0.42,4.2,6.2,0
Cologne,11,49.6,15.8,1338.0,0.9,6.9,1.5,1
Berlin,2,59.6,20.3,1500.0,0.38,3.1,7.0,0
Frankfurt,2,52.0,20.8,1567.0,0.63,4.6,6.9,1
Cologne,1,52.9,17.6,1668.0,0.9,6.0,4.0,1
Cologne,9,45.8,15.4,1047.0,0.88,5.3,2.0,1
Munich,1,59.1,17.1,1681.0,0.9,7.9,2.4,1
Berlin,6,49.1,17.5,1329.0,0.9,6.7,3.1,1
Frankfurt,12,36.4,13.9,884.0,0.55,3.2,5.0,0
Hamburg,9,59.0,17.9,1325.0,0.9,7.9,1.0,1
Frankfurt,6,52.0,14.6,1179.0,0.78,4.1,6.8,1
Cologne,11,40.6,21.4,1963.0,0.66,5.5,3.8,1
Berlin,6,40.2,13.1,1210.0,0.9,6.7,2.4,1
Cologne,4,48.0,13.9,1128.0,0.72,6.6,3.3,1
Hamburg,5,49.6,18.7,1745.0,0.5,5.1,4.2,0
Hamburg,1,47.0,15.5,864.0,0.53,4.2,5.9,0
Cologne,3,48.1,12.8,1072.0,0.57,2.5,7.3,0
Cologne,11,62.0,22.1,1831.0,0.9,6.7,2.1,1
Cologne,6,55.7,16.0,1345.0,0.64,3.9,5.6,1
Berlin,2,46.9,20.4,1307.0,0.43,3.5,6.9,0
Munich,1,54.4,19.6,1366.0,0.5,3.7,6.4,0
Hamburg,1,34.7,10.7,825.0,0.67,2.8,7.1,0
Berlin,1,49.0,16.7,1555.0,0.55,4.9,7.1,0
Hamburg,10,63.1,23.7,2282.0,0.57,6.7,4.0,0
Cologne,10,42.8,14.8,1054.0,0.8,3.4,7.5,0
Hamburg,12,36.5,18.5,1221.0,0.9,5.3,4.6,0
Frankfurt,1,38.5,16.2,1462.0,0.89,3.5,6.7,0
Hamburg,6,34.1,12.8,1549.0,0.82,2.2,7.3,0
Frankfurt,10,37.2,9.6,987.0,0.63,4.1,6.7,0
Berlin,4,41.3,13.3,916.0,0.9,7.1,2.8,1
Berlin,4,30.9,11.8,1512.0,0.73,3.6,6.6,0
Frankfurt,4,45.2,12.6,1144.0,0.41,4.0,6.2,0
Hamburg,8,54.0,21.9,1593.0,0.6,3.1,6.9,0
Berlin,7,35.9,9.1,1111.0,0.39,3.3,9.7,0
Hamburg,5,60.2,18.2,1278.0,0.57,6.4,3.0,1
Munich,7,50.1,15.0,1077.0,0.46,4.4,4.9,0
Munich,8,55.3,20.7,1799.0,0.9,3.0,7.7,1
Frankfurt,10,38.4,10.4,826.0,0.83,2.6,6.8,0
Frankfurt,8,53.5,12.4,1003.0,0.84,7.5,2.2,1
Hamburg,11,34.1,14.6,1178.0,0.63,5.6,3.4,1
Munich,7,53.9,16.6,1554.0,0.45,4.1,6.4,0
Munich,7,46.7,12.4,800.0,0.74,5.7,4.8,0
Frankfurt,9,50.5,14.6,1223.0,0.72,3.3,6.4,1
Cologne,11,33.2,16.2,1240.0,0.9,5.4,5.3,0
Hamburg,5,36.0,10.0,800.0,0.43,4.0,4.2,0
Hamburg,8,51.0,16.6,1179.0,0.78,6.5,2.8,1
Berlin,2,35.5,10.5,800.0,0.84,1.0,8.8,0
Frankfurt,12,49.6,12.8,868.0,0.57,6.0,2.8,0
Berlin,8,31.3,8.2,915.0,0.6,3.1,5.1,0
Cologne,1,53.5,13.9,1280.0,0.7,6.6,3.1,1
Berlin,9,32.7,13.8,1062.0,0.51,4.6,6.1,0
Cologne,1,50.5,17.1,1089.0,0.9,5.2,6.1,1
Berlin,8,51.3,24.5,2127.0,0.83,4.2,5.2,1
Frankfurt,3,38.0,10.6,1106.0,0.7,5.0,5.8,0
Cologne,4,50.8,14.4,1356.0,0.67,5.0,5.6,1
Hamburg,11,47.6,20.5,1444.0,0.87,3.5,7.8,0
Frankfurt,10,39.6,16.4,1137.0,0.38,2.6,7.1,0
Frankfurt,7,34.9,12.8,1355.0,0.35,1.3,6.9,0
Munich,10,25.4,5.1,800.0,0.83,1.8,8.3,0
Hamburg,3,48.5,21.4,1808.0,0.9,6.5,2.5,1
Berlin,9,29.4,9.6,800.0,0.83,3.2,6.1,0
Frankfurt,3,46.0,14.0,1062.0,0.76,3.8,5.9,0
Berlin,8,42.4,17.6,1521.0,0.65,5.4,4.2,0
Frankfurt,8,51.8,17.2,1370.0,0.9,3.9,6.2,1
Hamburg,3,42.0,10.5,944.0,0.71,4.3,6.4,0
Frankfurt,3,41.7,14.0,877.0,0.56,3.9,5.7,0
Berlin,10,52.3,15.1,1044.0,0.74,6.4,4.0,1
Berlin,5,48.4,7.1,800.0,0.33,2.5,7.5,0
Hamburg,8,48.2,13.4,1212.0,0.53,3.5,7.4,0
Berlin,6,49.7,15.0,1242.0,0.44,2.5,7.3,0
Cologne,5,29.6,6.4,800.0,0.41,2.6,7.3,0
Frankfurt,5,52.6,19.2,1208.0,0.57,7.1,2.6,1
Cologne,11,51.1,14.7,1083.0,0.55,4.4,5.5,0
Munich,12,34.8,13.0,1408.0,0.4,2.7,6.5,0
Munich,6,42.6,10.5,1096.0,0.51,5.6,3.6,0
Frankfurt,8,44.6,17.6,1534.0,0.59,6.1,4.7,0
Berlin,6,43.7,10.7,827.0,0.53,4.2,4.7,0
Hamburg,7,48.3,9.1,934.0,0.74,5.9,3.8,1
Munich,9,59.3,23.5,1964.0,0.77,4.3,6.7,1
Berlin,7,55.8,16.0,980.0,0.78,7.6,2.0,1
Hamburg,9,31.9,15.9,1471.0,0.61,6.4,4.4,0
Frankfurt,10,51.2,18.8,1328.0,0.9,5.9,3.5,1
Berlin,1,58.3,21.8,1896.0,0.64,2.7,6.2,1
Cologne,3,48.9,19.4,1231.0,0.85,4.0,4.4,0
Frankfurt,6,55.9,19.0,1838.0,0.9,6.5,4.8,1
Munich,3,65.1,22.1,1711.0,0.66,5.9,3.0,1
Frankfurt,11,55.2,22.3,1559.0,0.9,7.4,3.3,1
Frankfurt,2,47.5,16.2,1156.0,0.84,5.6,3.4,1
Hamburg,5,55.5,16.3,1237.0,0.64,4.5,6.8,1
Munich,1,46.4,17.2,1378.0,0.84,4.7,7.5,0
Hamburg,5,45.2,8.7,963.0,0.83,3.2,5.1,0
Frankfurt,11,41.5,17.8,1437.0,0.61,3.9,5.0,0
Berlin,8,60.6,24.2,1504.0,0.47,5.2,5.5,0
Cologne,9,36.8,15.9,1023.0,0.68,5.4,5.1,0
Cologne,10,60.3,23.6,2438.0,0.73,9.2,1.6,1
Hamburg,6,50.0,16.4,1340.0,0.44,2.9,6.6,0
Berlin,4,31.0,10.0,991.0,0.47,1.0,10.0,0
Cologne,3,48.7,12.5,941.0,0.55,4.5,5.6,0
Berlin,8,24.0,13.2,859.0,0.81,1.0,7.8,0
Hamburg,12,51.3,15.6,1154.0,0.85,5.2,4.6,1
Munich,2,53.9,19.0,1543.0,0.84,6.5,2.3,1
Berlin,8,39.1,13.8,1011.0,0.51,6.1,5.4,0
Berlin,7,46.2,11.4,1295.0,0.51,4.9,4.4,0
Munich,2,64.5,16.3,1179.0,0.9,6.2,4.3,1
Frankfurt,2,39.9,13.3,856.0,0.49,1.0,8.5,0
Frankfurt,2,34.4,10.1,970.0,0.4,3.5,5.9,0
Frankfurt,1,59.8,19.7,1760.0,0.9,6.1,2.0,1
Hamburg,7,64.6,24.7,1985.0,0.75,7.4,3.2,1
Frankfurt,8,45.0,15.7,1135.0,0.6,3.4,7.9,0
Hamburg,7,55.1,20.6,1272.0,0.9,4.9,4.2,1
Munich,4,58.4,20.8,1909.0,0.39,3.6,4.8,0
Berlin,11,37.6,11.6,1100.0,0.68,1.0,9.8,0
Cologne,12,40.1,10.4,800.0,0.89,2.4,6.0,0
Cologne,9,57.3,19.9,1604.0,0.41,3.4,7.8,0
Hamburg,2,61.9,20.9,1624.0,0.9,6.7,2.4,1
Hamburg,5,50.6,19.6,1895.0,0.66,4.3,4.6,1
Berlin,2,36.2,11.6,800.0,0.87,2.8,7.4,0
Munich,3,64.9,20.7,1535.0,0.64,5.0,4.0,1
Berlin,2,39.7,12.5,860.0,0.84,1.0,8.3,0
Hamburg,8,41.6,11.1,952.0,0.9,6.4,3.9,1
Berlin,10,48.4,20.5,1650.0,0.74,3.3,4.2,0
Hamburg,6,60.5,23.6,1928.0,0.9,5.4,6.2,1
Cologne,5,53.5,14.2,960.0,0.62,3.2,6.9,1
Berlin,5,49.1,18.8,1801.0,0.67,6.4,2.3,1
Munich,9,49.6,11.0,800.0,0.62,5.2,3.8,1
Cologne,2,45.4,18.1,1686.0,0.56,3.3,7.7,0
Munich,1,50.6,14.8,1810.0,0.79,4.5,6.1,1
Munich,6,20.0,7.7,800.0,0.9,4.5,6.9,0
Hamburg,8,42.0,8.2,800.0,0.7,4.1,5.2,0
Munich,8,47.4,12.2,950.0,0.67,4.5,5.8,0
Frankfurt,6,33.5,12.6,1412.0,0.77,1.9,8.5,0
Munich,3,48.9,14.2,1079.0,0.48,2.0,8.7,0
Berlin,3,43.0,11.8,994.0,0.82,4.1,7.1,0
Hamburg,2,62.6,25.0,2049.0,0.6,6.7,2.5,1
Hamburg,2,60.7,26.9,2130.0,0.65,7.7,2.2,1
Frankfurt,2,40.3,16.3,1452.0,0.64,1.0,8.4,0
Hamburg,7,43.5,11.2,916.0,0.38,2.7,7.3,0
Hamburg,10,44.3,20.0,1700.0,0.47,3.6,7.1,0
Cologne,9,40.5,8.8,800.0,0.78,4.0,4.3,0
Cologne,10,47.0,14.7,1058.0,0.69,4.5,6.6,0
Cologne,11,37.4,12.6,957.0,0.71,3.6,5.3,0
Frankfurt,7,33.7,17.0,1471.0,0.9,4.0,5.7,0
Hamburg,12,51.2,19.8,1695.0,0.77,3.8,7.5,1
Hamburg,8,51.3,15.7,1506.0,0.88,6.5,3.8,1
Hamburg,12,37.0,9.5,1131.0,0.65,4.3,6.0,0
Munich,12,54.0,21.0,1575.0,0.82,4.9,3.9,1
Hamburg,5,38.7,11.3,931.0,0.52,6.3,2.7,0
Hamburg,2,47.5,16.5,1281.0,0.89,7.1,3.9,1
Berlin,8,53.2,13.6,869.0,0.58,6.7,2.7,1
Berlin,5,44.7,16.6,1441.0,0.38,1.0,8.5,0
Hamburg,9,49.5,18.0,1594.0,0.9,7.3,3.6,1
Munich,6,39.8,9.6,800.0,0.86,5.2,3.8,1
Munich,7,43.0,17.4,1320.0,0.8,7.3,3.0,1
Frankfurt,1,42.9,16.0,1184.0,0.76,6.2,3.9,1
Frankfurt,8,37.5,14.7,877.0,0.8,6.1,3.9,1
Hamburg,7,43.2,13.3,1055.0,0.9,5.6,3.8,1
Cologne,7,29.5,10.4,800.0,0.46,5.0,4.4,0
Munich,7,40.1,13.6,1116.0,0.82,7.0,1.9,1
Cologne,7,42.2,13.6,1142.0,0.44,4.5,5.9,0
Frankfurt,11,42.4,14.7,1251.0,0.49,1.9,7.4,0
Munich,1,42.6,18.0,1525.0,0.7,3.8,7.2,0
Cologne,12,44.4,18.0,1748.0,0.5,5.0,4.8,0
Hamburg,9,49.8,13.1,882.0,0.75,5.1,3.8,1
Cologne,7,53.7,20.9,1518.0,0.9,3.5,6.3,1
Frankfurt,7,38.5,16.4,1444.0,0.68,1.4,8.2,0
Munich,11,33.0,10.5,816.0,0.78,2.2,8.8,0
Munich,12,34.6,13.1,1269.0,0.78,4.7,5.0,0
Munich,1,40.1,14.9,1301.0,0.9,6.4,3.3,1
Hamburg,6,41.5,11.3,1286.0,0.56,5.5,5.9,0
Munich,10,37.3,11.3,885.0,0.74,5.3,5.2,0
Cologne,8,32.0,12.9,800.0,0.71,3.1,8.6,0
Berlin,5,40.4,12.0,1028.0,0.8,1.4,9.8,0
Berlin,12,46.8,18.5,1468.0,0.58,4.0,5.1,0
Hamburg,12,51.0,20.9,1779.0,0.44,4.7,6.3,0
Cologne,1,39.4,16.6,1458.0,0.9,3.2,8.3,0
Hamburg,5,40.9,19.6,1458.0,0.42,4.2,7.4,0
Berlin,2,35.7,11.6,800.0,0.5,4.2,6.8,0
Munich,2,44.7,15.4,1205.0,0.74,5.7,5.2,0
Berlin,4,36.5,13.1,800.0,0.66,3.2,6.5,0
Berlin,12,50.7,16.7,1354.0,0.81,2.2,6.9,1
Berlin,11,27.1,10.7,800.0,0.57,2.0,7.7,0
Hamburg,4,41.4,8.7,866.0,0.74,4.2,4.1,0
Frankfurt,10,48.0,16.6,932.0,0.65,6.6,4.7,0
Hamburg,7,46.8,11.5,920.0,0.73,3.8,5.9,0
Frankfurt,9,70.0,20.4,1951.0,0.8,7.8,3.5,1
Hamburg,11,48.5,18.4,1604.0,0.52,5.3,3.5,0
Berlin,12,35.0,11.1,1081.0,0.9,3.6,7.5,0
Munich,2,44.0,16.8,1410.0,0.54,5.8,3.7,0
Cologne,8,27.2,8.4,800.0,0.69,1.7,7.0,0
Frankfurt,8,44.2,18.1,1477.0,0.9,3.6,8.1,0
Hamburg,11,36.7,11.5,1002.0,0.49,3.6,7.5,0
Munich,8,54.2,12.2,800.0,0.57,4.5,5.8,0
Cologne,9,39.5,13.8,1082.0,0.69,4.7,5.3,0
Munich,9,43.8,8.1,800.0,0.54,3.3,7.1,0
Frankfurt,10,38.6,8.5,800.0,0.87,4.2,6.0,0
Frankfurt,7,62.4,18.1,1365.0,0.71,6.1,3.1,1
Cologne,5,41.8,10.9,1153.0,0.9,4.5,5.1,0
Cologne,7,63.3,19.5,1437.0,0.9,5.6,6.3,1
Frankfurt,7,53.1,14.6,1114.0,0.9,4.8,7.9,1
Frankfurt,10,49.8,12.4,975.0,0.49,5.1,6.4,0
Berlin,10,48.7,20.9,1550.0,0.56,5.2,5.3,0
Cologne,7,48.9,14.3,1286.0,0.55,4.9,4.8,0
Cologne,8,25.7,5.0,800.0,0.86,5.1,4.1,0
Frankfurt,2,42.2,13.0,1266.0,0.34,2.7,6.5,0
Hamburg,4,53.5,14.4,1153.0,0.9,5.2,4.2,1
Berlin,12,44.5,12.2,1235.0,0.63,2.1,10.0,0
Hamburg,9,30.9,12.4,800.0,0.72,3.7,8.2,0
Frankfurt,4,44.5,13.5,800.0,0.66,2.8,8.0,0
Berlin,2,62.0,17.2,1319.0,0.81,5.8,3.3,1
Berlin,7,57.5,20.5,1741.0,0.58,5.2,5.7,0
Frankfurt,6,44.4,18.2,1348.0,0.61,4.9,4.9,0
Munich,4,54.5,19.8,1699.0,0.72,4.6,3.2,1
Munich,8,41.3,6.4,800.0,0.77,3.2,7.0,0
Cologne,6,28.0,6.0,800.0,0.61,4.9,4.2,0
Frankfurt,8,35.8,12.1,986.0,0.88,4.0,5.2,0
Frankfurt,4,60.6,19.5,1577.0,0.9,5.2,4.5,1
Hamburg,2,42.3,13.1,925.0,0.56,3.8,5.7,0
Frankfurt,12,42.6,11.2,888.0,0.87,6.7,3.2,1
Munich,6,42.0,9.8,800.0,0.6,3.8,6.1,0
Frankfurt,9,64.0,27.4,2033.0,0.58,5.4,2.8,1
Hamburg,12,61.3,20.5,1743.0,0.9,5.1,6.4,1
Cologne,9,67.2,24.3,1853.0,0.9,5.9,3.1,1
Berlin,11,43.4,14.5,1012.0,0.71,3.4,5.6,0
Cologne,9,48.0,16.1,1380.0,0.89,2.9,6.8,0
Hamburg,3,29.8,9.8,857.0,0.65,1.3,8.6,0
Frankfurt,3,59.8,16.6,1282.0,0.78,4.7,6.7,1
Munich,10,33.3,6.6,800.0,0.7,4.2,6.0,0
Frankfurt,3,47.2,16.9,1434.0,0.55,4.1,6.4,0
Berlin,5,34.0,11.9,1146.0,0.41,3.1,7.2,0
Munich,5,39.1,15.9,1308.0,0.76,5.8,4.4,0
Cologne,5,36.6,14.4,915.0,0.82,5.6,4.7,0
Hamburg,8,38.9,10.5,800.0,0.68,3.5,4.6,0
Cologne,10,39.6,16.6,1247.0,0.77,3.0,6.7,0
Berlin,12,39.5,15.5,1027.0,0.45,2.7,8.5,0
Berlin,8,53.3,19.9,1688.0,0.73,6.4,7.6,1
Frankfurt,8,34.0,18.1,1560.0,0.6,3.1,5.7,0
Frankfurt,9,47.2,21.9,1895.0,0.52,4.1,6.3,0
Frankfurt,10,57.2,21.1,1492.0,0.9,4.5,4.9,1
Berlin,6,39.9,15.0,1230.0,0.75,2.8,9.2,0
Munich,2,37.8,15.9,1267.0,0.47,4.3,4.4,0
Cologne,9,42.7,12.5,1060.0,0.74,2.3,8.3,0
Cologne,6,56.8,17.2,1404.0,0.89,7.2,1.4,1
Hamburg,1,46.9,17.7,1411.0,0.71,3.9,5.8,0
Hamburg,12,39.7,10.7,826.0,0.9,3.7,6.2,0
Munich,12,49.8,18.4,1693.0,0.72,3.0,8.1,0
Frankfurt,5,34.0,11.8,800.0,0.9,3.4,5.5,0
Frankfurt,7,51.8,14.7,1142.0,0.9,4.7,6.0,1
Munich,12,49.1,16.4,1531.0,0.5,4.8,5.2,0
Cologne,12,41.9,17.9,1269.0,0.53,6.4,3.9,0
Frankfurt,1,36.6,12.5,844.0,0.66,3.9,7.0,0
Cologne,7,36.1,12.3,1131.0,0.78,2.4,6.3,0
Berlin,11,50.3,17.8,1137.0,0.89,4.0,6.8,1
Hamburg,5,57.3,20.5,1770.0,0.9,6.6,2.8,1
Frankfurt,5,38.6,11.9,853.0,0.76,5.8,5.3,0
Hamburg,2,49.6,17.6,1488.0,0.9,5.4,5.0,0
Munich,12,24.1,5.0,800.0,0.8,3.4,6.3,0
Berlin,4,39.2,10.7,1089.0,0.63,4.8,4.6,0
Frankfurt,9,44.7,12.9,800.0,0.63,6.6,4.2,0
Frankfurt,12,35.9,13.4,1215.0,0.62,1.0,10.0,0
Cologne,2,35.6,12.4,800.0,0.83,4.6,4.9,0
Hamburg,9,38.3,12.4,1351.0,0.81,5.3,3.6,1
Berlin,8,47.9,18.0,1429.0,0.47,2.8,7.9,0
Cologne,4,43.1,15.5,1631.0,0.52,3.0,5.6,0
Berlin,12,22.6,6.7,800.0,0.68,1.0,7.7,0
Berlin,2,23.8,5.0,800.0,0.84,1.3,7.7,0
Munich,6,38.9,10.5,1084.0,0.9,3.2,6.4,0
Munich,7,49.6,12.1,800.0,0.78,5.3,3.3,1
Cologne,2,20.0,7.1,800.0,0.9,3.3,4.8,0
Cologne,8,40.0,10.7,959.0,0.5,5.6,3.2,0
Cologne,9,39.7,11.8,800.0,0.85,2.7,7.9,0
Berlin,5,58.9,19.2,1644.0,0.72,4.6,4.1,1
Frankfurt,6,41.1,16.8,1382.0,0.9,6.1,3.6,1
Munich,6,48.8,19.1,1222.0,0.5,5.9,6.1,0
Frankfurt,10,46.4,15.3,1418.0,0.9,4.8,5.2,0
Hamburg,2,23.7,11.7,800.0,0.71,3.1,7.3,0
Munich,11,52.7,11.5,1076.0,0.61,5.2,3.8,1
Hamburg,1,47.2,21.3,1734.0,0.68,5.5,6.7,0
Hamburg,11,50.1,18.8,1411.0,0.55,4.5,5.0,0
Cologne,5,70.0,23.6,1670.0,0.82,7.4,2.4,1
Berlin,6,24.2,5.4,800.0,0.45,1.0,10.0,0
Frankfurt,12,62.2,19.4,1380.0,0.78,5.2,4.6,1
Hamburg,1,42.1,15.9,1511.0,0.85,3.2,6.9,0
Cologne,8,47.9,17.9,1677.0,0.9,4.2,5.5,0
Berlin,5,44.5,16.9,1677.0,0.5,3.1,6.7,0
Munich,5,40.8,11.4,968.0,0.43,3.3,7.1,0
Hamburg,8,39.3,10.3,800.0,0.52,1.7,8.9,0
Cologne,8,48.3,16.7,1275.0,0.57,5.7,3.7,0
Cologne,9,29.8,12.3,906.0,0.84,2.9,6.4,0
Cologne,11,52.5,17.5,1451.0,0.64,2.7,6.7,1
Munich,4,40.8,18.1,1532.0,0.71,2.8,5.8,0
Berlin,3,33.7,11.3,1153.0,0.48,3.9,4.5,0
Frankfurt,10,40.5,13.5,1084.0,0.81,3.2,7.1,0
Frankfurt,11,57.6,21.2,1416.0,0.9,4.7,6.2,1
Hamburg,2,39.6,16.9,1268.0,0.68,3.9,7.0,0
Berlin,1,48.6,12.1,1283.0,0.9,5.4,2.2,1
Hamburg,10,37.7,9.2,800.0,0.3,1.6,8.1,0
Frankfurt,5,52.6,16.6,1475.0,0.53,6.1,2.8,1
Munich,6,51.9,26.8,2063.0,0.9,4.0,6.2,1
Berlin,8,63.5,20.4,1454.0,0.9,6.3,3.3,1
Berlin,6,43.2,14.0,1203.0,0.53,4.3,6.3,0
Hamburg,2,51.7,19.1,1839.0,0.64,4.4,5.6,1
Hamburg,8,46.0,18.3,1529.0,0.66,3.1,5.0,0
Munich,5,58.0,19.8,1534.0,0.89,5.4,3.7,1
Berlin,3,37.8,16.1,1029.0,0.9,6.2,3.8,1
Frankfurt,6,52.5,13.9,1092.0,0.41,3.2,6.9,0
Frankfurt,12,43.1,12.1,800.0,0.9,6.8,1.8,1
Cologne,6,44.4,18.3,1400.0,0.69,4.0,4.4,0
Frankfurt,3,45.9,15.3,1214.0,0.79,4.6,5.4,0
Cologne,7,47.5,12.1,800.0,0.66,3.1,5.5,0
Cologne,7,43.8,10.6,1129.0,0.63,3.2,5.1,0
Hamburg,7,47.1,13.3,815.0,0.52,4.0,5.6,0
Frankfurt,8,60.8,20.3,1584.0,0.71,4.5,5.0,1
Cologne,11,54.9,19.7,1682.0,0.57,5.2,3.9,1
Frankfurt,7,53.7,16.9,1615.0,0.46,4.8,4.5,0
Frankfurt,4,40.4,14.6,1012.0,0.77,6.8,3.2,1
Frankfurt,5,36.1,10.7,800.0,0.31,1.9,7.4,0
Munich,4,54.6,21.9,1964.0,0.82,5.6,4.5,1
Cologne,2,53.8,25.6,1796.0,0.53,5.7,3.9,1
Frankfurt,7,59.7,18.7,1570.0,0.68,4.4,5.8,1
Hamburg,3,39.0,14.4,1238.0,0.9,4.9,6.0,0
Munich,1,42.7,15.4,800.0,0.39,3.7,7.2,0
Cologne,1,28.6,10.0,800.0,0.47,1.0,10.0,0
Berlin,9,41.1,15.7,1160.0,0.86,5.1,5.7,0
Cologne,11,55.0,19.8,1064.0,0.49,3.8,6.4,0
Munich,3,40.3,12.0,800.0,0.66,2.5,7.1,0
Hamburg,7,51.4,21.1,1711.0,0.66,6.2,3.4,1
Munich,9,43.1,15.0,1180.0,0.52,3.8,5.3,0
Frankfurt,7,48.2,14.9,1255.0,0.9,6.2,3.8,1
Munich,11,33.5,18.5,1570.0,0.58,5.2,5.5,0
Berlin,8,45.9,14.9,858.0,0.61,3.6,5.7,0
Berlin,6,20.0,7.4,800.0,0.46,3.2,6.8,0
Frankfurt,11,43.1,14.9,1345.0,0.53,3.2,6.1,0
Frankfurt,3,28.7,9.2,1039.0,0.69,6.2,4.0,1
Berlin,1,57.1,20.4,1436.0,0.63,4.7,4.8,1
Hamburg,10,52.8,15.1,1256.0,0.9,6.8,2.4,1
Munich,8,49.7,18.3,1629.0,0.9,6.2,3.1,1
Berlin,6,60.2,14.8,1231.0,0.83,6.5,4.0,1
Frankfurt,2,35.5,7.9,800.0,0.69,2.5,7.4,0
Frankfurt,12,62.5,26.3,1976.0,0.9,6.0,3.6,1
Hamburg,10,54.3,14.3,1544.0,0.9,2.2,8.1,1
Cologne,8,42.6,8.3,800.0,0.7,4.6,5.0,0
Frankfurt,4,56.4,15.1,1285.0,0.9,6.2,5.0,1
Hamburg,10,33.9,16.5,1387.0,0.67,3.6,5.4,0
Berlin,9,36.8,6.9,800.0,0.72,1.0,8.8,0
Cologne,12,38.9,10.1,818.0,0.64,2.0,6.6,0
Berlin,9,39.7,8.9,800.0,0.87,2.8,6.8,0
Hamburg,9,34.4,10.7,800.0,0.66,3.9,4.4,0
Berlin,4,57.2,17.8,1485.0,0.9,6.2,4.6,1
Munich,6,42.4,12.7,832.0,0.68,4.0,6.8,0
Hamburg,4,48.5,21.7,1499.0,0.9,5.8,5.0,0
Cologne,10,39.3,9.5,861.0,0.9,2.4,7.6,0
Frankfurt,10,26.8,8.6,800.0,0.53,3.6,5.5,0
Berlin,5,47.7,16.9,1284.0,0.76,5.5,3.7,1
Hamburg,7,25.9,5.7,800.0,0.41,3.2,8.4,0
Berlin,7,44.3,16.2,1491.0,0.49,4.2,7.3,0
Hamburg,10,31.3,9.2,844.0,0.9,5.9,4.2,0
Hamburg,6,64.9,22.7,1961.0,0.89,7.2,2.3,1
Cologne,12,54.1,17.7,1495.0,0.64,4.0,7.4,1
Berlin,10,46.1,9.2,800.0,0.85,5.0,4.3,0
Berlin,4,57.6,23.1,1896.0,0.88,6.9,3.3,1
Hamburg,12,36.5,18.4,1349.0,0.51,2.8,8.6,0
Munich,5,50.4,16.3,1110.0,0.67,6.7,2.5,1
Frankfurt,5,47.0,13.0,1138.0,0.82,5.3,5.6,0
Frankfurt,9,47.6,20.4,1964.0,0.38,1.3,9.3,0
Munich,11,57.7,24.9,2292.0,0.59,6.2,3.7,1
Cologne,6,52.3,16.9,1479.0,0.62,4.6,4.4,1
Munich,4,47.9,15.3,1218.0,0.9,5.6,3.7,1
Munich,6,28.5,9.2,800.0,0.44,4.3,6.0,0
Cologne,7,35.4,6.8,800.0,0.89,3.8,4.7,0
Hamburg,7,43.8,13.7,1043.0,0.9,6.9,3.3,1
Berlin,10,45.9,20.5,1818.0,0.44,4.3,6.2,0
Frankfurt,3,33.7,10.7,1223.0,0.78,4.3,6.7,0
Frankfurt,6,69.1,19.9,1430.0,0.86,8.1,1.0,1
Frankfurt,11,60.2,21.5,1325.0,0.9,5.9,5.4,1
Munich,7,51.0,15.0,1094.0,0.9,6.3,5.4,1
Hamburg,1,45.7,15.0,1384.0,0.56,3.7,6.7,0
Hamburg,4,42.9,10.5,1253.0,0.85,3.7,5.3,0
Munich,7,35.5,8.7,959.0,0.46,1.6,8.1,0
Cologne,12,45.8,17.5,1655.0,0.62,4.9,5.0,0
Cologne,10,47.6,16.2,1127.0,0.58,5.2,5.0,0
Hamburg,1,32.6,8.5,800.0,0.86,5.0,5.0,0
Munich,8,48.3,16.5,1053.0,0.66,6.0,4.3,0
Frankfurt,6,43.4,12.7,880.0,0.67,3.9,6.0,0
Berlin,6,25.9,6.3,800.0,0.74,1.0,9.3,0
Hamburg,3,36.4,15.6,1575.0,0.89,4.3,5.3,0
Frankfurt,6,40.9,16.0,1347.0,0.9,5.8,3.9,1
Hamburg,4,63.9,21.2,1647.0,0.67,7.5,1.9,1
Berlin,9,50.6,17.3,1170.0,0.89,6.7,5.2,1
Cologne,4,31.6,10.5,819.0,0.89,2.8,8.6,0
Hamburg,6,49.9,18.1,1487.0,0.44,4.3,6.3,0
Munich,11,29.5,7.4,800.0,0.77,1.8,9.5,0
Cologne,6,55.8,21.2,1880.0,0.62,5.5,5.3,1
Cologne,11,40.3,14.5,1074.0,0.8,3.9,6.3,0
Frankfurt,1,44.1,13.9,1284.0,0.87,4.7,3.8,1
Munich,4,58.3,18.0,1434.0,0.9,5.6,4.1,1
Hamburg,9,32.1,13.2,1118.0,0.66,3.0,6.7,0
Hamburg,11,31.0,9.9,800.0,0.81,1.9,6.9,0
Munich,10,39.2,11.0,808.0,0.49,5.3,3.2,0
Cologne,6,55.4,17.3,1513.0,0.73,5.7,4.8,1
Hamburg,12,29.8,12.2,953.0,0.6,2.7,7.6,0
Hamburg,4,20.0,5.0,800.0,0.57,1.0,7.8,0
Hamburg,7,40.5,12.4,1017.0,0.59,2.1,7.2,0
Berlin,10,50.5,20.1,1681.0,0.9,7.0,4.1,1
Munich,7,57.0,18.5,1754.0,0.57,6.5,2.6,1
Berlin,5,40.4,14.3,1372.0,0.44,1.6,8.6,0
Berlin,4,40.9,16.9,1338.0,0.9,5.2,4.6,0
Frankfurt,4,56.5,21.5,1612.0,0.82,7.0,3.5,1
Hamburg,7,26.3,7.4,800.0,0.68,2.8,6.3,0
Berlin,6,41.1,13.3,960.0,0.57,6.5,3.6,0
Munich,4,46.9,18.3,1569.0,0.62,5.0,5.2,0
Frankfurt,3,49.5,19.3,1754.0,0.36,2.8,7.4,0
Frankfurt,2,39.9,13.0,1291.0,0.51,4.5,5.5,0
Cologne,4,45.3,15.0,1114.0,0.83,4.9,5.4,0
Cologne,7,20.1,7.5,800.0,0.71,1.1,10.0,0
Frankfurt,2,38.4,16.9,1268.0,0.9,4.7,7.9,0
Munich,12,49.5,19.7,1191.0,0.47,2.5,6.9,0
Berlin,9,35.2,13.8,864.0,0.65,5.0,2.7,1
Cologne,9,45.6,12.0,950.0,0.7,3.2,7.4,0
Berlin,6,49.5,15.7,1329.0,0.42,3.5,6.7,0
Munich,9,41.6,13.2,1154.0,0.88,4.0,7.1,0
Berlin,1,46.7,19.8,1430.0,0.76,5.3,5.0,0
Frankfurt,6,35.4,11.1,800.0,0.9,3.8,6.3,0
Cologne,3,42.9,18.1,1392.0,0.43,3.2,7.9,0
Munich,6,51.1,15.3,1150.0,0.5,4.4,6.9,0
Frankfurt,5,46.6,14.1,1262.0,0.56,3.0,5.7,0
Munich,12,39.1,14.5,898.0,0.5,3.6,5.6,0
Cologne,5,47.2,20.5,1406.0,0.9,6.3,3.6,1
Berlin,1,52.1,16.7,1280.0,0.9,5.2,4.9,1
Munich,5,24.5,5.0,800.0,0.44,3.7,6.0,0
Cologne,11,56.6,14.2,800.0,0.74,7.8,2.6,1
Frankfurt,6,41.6,14.8,883.0,0.51,3.3,7.7,0
Cologne,1,49.3,12.0,911.0,0.74,4.6,7.1,0
Berlin,10,57.0,16.4,1438.0,0.9,9.0,1.6,1
Cologne,7,31.3,10.5,967.0,0.9,5.3,3.9,1
Frankfurt,1,37.9,5.3,800.0,0.7,1.3,8.6,0
Frankfurt,7,42.1,12.9,1052.0,0.78,4.8,5.1,0
Munich,11,37.2,8.9,800.0,0.74,3.7,6.8,0
Frankfurt,12,62.3,16.3,1253.0,0.9,7.5,2.9,1
Hamburg,9,36.4,9.7,800.0,0.56,2.5,9.5,0
Frankfurt,7,39.4,9.9,1211.0,0.34,2.7,6.9,0
Berlin,12,47.0,17.1,1419.0,0.51,3.7,6.7,0
Frankfurt,10,33.0,14.6,1236.0,0.34,2.4,9.9,0
Munich,12,41.0,12.6,800.0,0.7,5.3,4.1,0
Frankfurt,5,48.2,14.3,1224.0,0.57,3.0,7.1,0
Cologne,3,41.7,12.6,1143.0,0.42,3.2,5.8,0
Cologne,7,44.1,11.4,1131.0,0.74,1.7,8.4,0
Cologne,6,39.7,9.4,876.0,0.81,5.5,3.7,1
Hamburg,8,29.9,5.0,800.0,0.58,4.9,6.2,0
Munich,8,48.2,12.1,933.0,0.87,4.3,5.8,0
Cologne,10,62.5,25.7,2045.0,0.89,5.8,3.3,1
Cologne,11,45.2,13.0,1061.0,0.57,5.2,5.6,0
Cologne,6,47.3,6.9,808.0,0.9,6.9,3.2,1
Munich,7,51.9,15.5,1458.0,0.6,5.8,5.1,0
Cologne,3,32.3,6.0,800.0,0.77,2.2,6.7,0
Hamburg,4,62.0,20.9,2074.0,0.9,3.8,6.6,1
Cologne,7,47.0,15.5,800.0,0.79,3.0,7.7,0
Berlin,6,61.3,20.6,1557.0,0.9,6.2,3.3,1
Hamburg,3,37.7,12.4,992.0,0.88,2.8,6.0,0
Berlin,10,63.2,19.9,1461.0,0.69,6.6,3.3,1
Cologne,7,52.8,13.2,871.0,0.59,4.4,6.8,0
Cologne,3,50.5,16.6,986.0,0.76,3.5,7.7,1
Munich,10,47.3,18.8,1445.0,0.88,3.0,6.6,0
Berlin,8,42.5,19.6,1748.0,0.9,6.6,2.1,1
Berlin,7,57.0,18.3,1618.0,0.9,7.0,2.5,1
Frankfurt,4,46.4,15.1,1056.0,0.7,7.2,2.3,1
Frankfurt,1,25.3,9.9,840.0,0.86,3.3,7.1,0
Frankfurt,6,33.8,15.8,1532.0,0.89,2.7,7.2,0
Frankfurt,5,43.1,12.9,800.0,0.77,6.3,2.9,1
Berlin,9,48.1,18.1,1417.0,0.9,4.8,6.3,0
Munich,10,44.4,12.3,1045.0,0.56,4.8,5.4,0
Frankfurt,6,57.2,20.1,1606.0,0.9,5.7,4.8,1
Berlin,1,25.5,11.4,1083.0,0.79,1.0,7.3,0
Munich,3,46.4,11.6,800.0,0.59,7.1,1.0,1
Munich,2,26.8,7.4,800.0,0.68,3.4,5.1,0
Frankfurt,3,52.6,20.4,1768.0,0.81,5.8,3.8,1
Berlin,1,44.1,16.5,982.0,0.45,4.3,6.3,0
Hamburg,11,49.2,19.5,1723.0,0.48,5.2,2.5,0
Berlin,2,36.4,14.7,1263.0,0.34,2.7,8.9,0
Munich,8,57.8,18.2,1608.0,0.85,6.7,3.5,1
Cologne,3,55.4,25.1,1912.0,0.66,3.6,7.8,1
Frankfurt,9,50.8,17.4,1490.0,0.9,5.4,3.8,1
Munich,11,43.7,5.4,800.0,0.67,5.2,5.3,0
Hamburg,11,50.8,16.1,1204.0,0.83,4.8,5.3,1
Hamburg,4,37.9,11.2,906.0,0.42,4.3,6.5,0
Hamburg,2,53.6,20.2,1439.0,0.79,3.9,5.9,1
Hamburg,12,61.5,19.1,1575.0,0.9,4.7,5.8,1
Berlin,7,55.7,21.9,1520.0,0.71,5.9,5.2,1
Munich,9,37.7,14.2,1193.0,0.63,4.8,4.6,0
Hamburg,5,48.6,13.2,1405.0,0.68,2.0,8.2,0
Munich,1,32.1,10.3,800.0,0.6,4.0,4.1,0
Munich,9,50.7,14.6,1162.0,0.65,4.3,6.4,1
Cologne,9,49.5,17.1,1041.0,0.6,4.7,7.3,0
Berlin,7,26.3,6.4,800.0,0.46,1.0,7.8,0
Cologne,1,33.4,11.4,1048.0,0.71,2.1,7.8,0
Frankfurt,4,42.2,13.2,973.0,0.9,5.7,5.2,0
Frankfurt,1,42.0,13.5,1232.0,0.76,4.2,5.8,0
Frankfurt,3,32.9,17.1,1441.0,0.34,2.7,7.4,0
Cologne,7,48.9,15.2,1204.0,0.59,4.7,4.9,0
Munich,1,47.5,10.0,800.0,0.9,5.5,4.1,0
Frankfurt,8,43.1,17.4,1529.0,0.9,5.0,4.9,0
Frankfurt,10,37.4,15.5,1301.0,0.45,3.6,6.4,0
Cologne,4,55.5,12.6,800.0,0.9,7.2,1.6,1
Munich,4,61.6,18.4,1280.0,0.9,7.6,2.3,1
Frankfurt,12,40.2,14.7,800.0,0.63,4.6,6.9,0
Berlin,12,38.9,14.5,889.0,0.82,4.0,5.6,0
Frankfurt,1,49.9,16.6,1267.0,0.83,6.0,2.8,1
Cologne,5,41.4,13.9,898.0,0.63,4.6,5.2,0
Cologne,8,43.6,11.7,800.0,0.59,6.0,3.3,0
Berlin,8,52.4,10.3,1099.0,0.75,6.6,2.1,1
Munich,7,25.9,14.8,1388.0,0.81,1.1,9.1,0
Berlin,7,58.2,16.5,1180.0,0.9,4.2,5.1,1
Frankfurt,8,45.7,15.8,1420.0,0.57,3.5,5.9,0
Cologne,8,40.9,13.2,1295.0,0.81,5.6,4.6,0
Munich,1,44.1,17.4,1515.0,0.55,2.0,6.4,0
Frankfurt,2,44.6,15.2,1277.0,0.73,5.1,3.2,1
Berlin,10,27.7,9.7,995.0,0.82,3.3,7.4,0
Frankfurt,8,59.9,12.1,1120.0,0.9,7.7,1.0,1
Berlin,1,45.4,12.6,800.0,0.55,4.8,4.2,0
Hamburg,9,49.4,18.7,1459.0,0.51,2.9,5.3,0
Hamburg,9,54.5,20.1,1500.0,0.74,4.0,5.5,1
Cologne,12,34.8,8.7,930.0,0.7,1.7,8.7,0
Munich,10,49.7,11.8,831.0,0.71,4.2,5.9,0
Cologne,2,42.3,14.5,1009.0,0.77,4.0,8.4,0
Frankfurt,12,53.5,9.1,934.0,0.85,3.6,7.5,1
Hamburg,6,23.7,5.0,800.0,0.76,4.6,4.5,0
Cologne,4,44.0,20.0,2018.0,0.9,2.4,6.4,0
Berlin,10,39.0,17.3,1214.0,0.64,5.9,6.8,0
Munich,7,49.3,17.9,1328.0,0.9,6.7,4.4,0
Hamburg,2,49.7,17.5,1623.0,0.66,6.3,4.3,0
Munich,10,37.9,6.8,800.0,0.66,2.8,7.3,0
Munich,1,37.9,10.4,1096.0,0.69,4.3,6.0,0
Hamburg,9,43.9,13.7,858.0,0.55,2.5,6.0,0
Berlin,12,36.0,9.9,910.0,0.9,5.0,5.2,0
Berlin,12,53.4,16.8,972.0,0.62,5.2,4.8,1
Berlin,9,41.3,17.7,1422.0,0.78,3.5,5.6,0
Munich,12,20.0,5.0,800.0,0.73,1.0,8.5,0
Berlin,9,41.3,12.7,1403.0,0.37,1.0,10.0,0
Frankfurt,5,34.6,13.8,886.0,0.88,1.9,8.0,0
Frankfurt,12,28.7,5.3,800.0,0.75,4.5,7.5,0
Berlin,3,32.6,8.4,800.0,0.88,2.7,5.6,0
Berlin,6,46.1,13.2,932.0,0.82,4.4,5.1,0
Hamburg,10,58.3,19.6,1708.0,0.9,6.8,1.6,1
Hamburg,1,48.1,15.0,1059.0,0.78,7.5,1.3,1
Cologne,10,38.9,12.0,805.0,0.9,5.9,3.3,1
Munich,8,49.6,14.5,1156.0,0.39,3.5,6.8,0
Munich,10,40.4,10.3,800.0,0.59,1.1,9.1,0
Hamburg,4,38.1,14.5,1240.0,0.59,7.3,2.0,1
Frankfurt,2,33.5,10.1,987.0,0.72,6.7,1.0,1
Cologne,11,27.5,11.0,992.0,0.41,3.0,8.4,0
Hamburg,4,41.1,10.4,958.0,0.86,2.2,7.5,0
Cologne,1,46.6,13.5,800.0,0.88,6.1,2.8,1
Munich,10,44.0,14.0,1029.0,0.81,4.2,6.0,0
Munich,10,40.8,13.2,1013.0,0.9,3.9,6.3,0
Munich,8,35.5,14.1,1420.0,0.88,4.9,4.8,0
Frankfurt,6,51.1,15.7,1143.0,0.56,5.6,4.5,0
Hamburg,1,31.8,12.8,800.0,0.64,1.4,7.4,0
Cologne,1,52.8,18.7,1296.0,0.9,4.8,6.0,1
Hamburg,2,35.0,11.3,800.0,0.55,4.5,4.5,0
Munich,7,37.5,9.6,800.0,0.8,4.5,4.9,0
Munich,2,30.3,12.4,1184.0,0.71,3.4,7.2,0
Hamburg,3,40.0,10.5,800.0,0.7,5.4,5.8,0
Berlin,12,54.8,18.2,1544.0,0.9,4.9,6.7,1
Berlin,11,50.2,16.6,1106.0,0.68,5.3,5.8,1
Hamburg,9,54.8,17.6,1713.0,0.31,1.0,8.7,0
Munich,1,50.2,15.6,1191.0,0.9,4.3,4.1,1
Cologne,9,34.0,8.9,800.0,0.86,4.5,6.9,0
Berlin,6,41.7,9.0,829.0,0.58,3.6,7.8,0
Hamburg,9,37.2,16.6,1127.0,0.52,3.0,6.3,0
Frankfurt,12,58.3,18.0,1552.0,0.9,4.3,6.7,1
Hamburg,10,33.0,10.6,800.0,0.6,4.8,4.9,0
Munich,11,53.9,17.6,1287.0,0.83,6.2,5.3,1
Hamburg,8,53.9,21.3,1684.0,0.66,6.6,2.9,1
Berlin,7,63.3,26.9,1934.0,0.9,3.7,8.2,1
Berlin,10,40.9,14.1,1091.0,0.85,3.8,6.9,0
Hamburg,7,52.1,16.9,1420.0,0.78,4.8,7.0,1
Cologne,6,67.8,19.2,1077.0,0.9,6.4,3.2,1
Hamburg,11,38.8,8.6,907.0,0.9,3.0,7.4,0
Cologne,8,29.6,5.0,800.0,0.9,2.4,6.6,0
Berlin,9,26.2,6.3,800.0,0.87,3.9,6.9,0
Frankfurt,8,52.1,11.1,800.0,0.83,2.3,8.6,1
Cologne,9,26.2,12.0,1125.0,0.7,5.3,7.1,0
Hamburg,5,41.3,15.0,1355.0,0.68,4.9,5.6,0
Munich,3,49.4,15.7,1381.0,0.9,4.9,5.9,0
Munich,4,46.9,18.9,1230.0,0.9,6.0,3.5,1
Hamburg,4,49.3,13.2,1422.0,0.88,2.7,7.8,0
Berlin,9,47.2,13.3,911.0,0.47,3.7,5.9,0
Berlin,9,57.8,13.5,1125.0,0.89,5.6,4.5,1
Berlin,1,35.5,14.1,1182.0,0.87,5.6,4.6,0
Hamburg,5,38.2,10.3,1144.0,0.87,3.8,5.9,0
Munich,2,37.3,12.5,1023.0,0.43,4.4,5.7,0
Frankfurt,5,53.3,20.8,1745.0,0.9,4.4,5.2,1
Munich,11,54.0,22.1,1754.0,0.7,6.1,3.5,1
Berlin,5,49.5,16.4,1074.0,0.9,7.5,3.6,1
Hamburg,3,56.8,20.1,1144.0,0.9,7.2,3.0,1
Hamburg,4,33.2,8.4,800.0,0.62,3.2,7.1,0
Frankfurt,7,61.7,25.6,1766.0,0.9,7.2,1.4,1
Munich,10,60.2,19.6,1636.0,0.9,6.9,3.5,1
Berlin,4,52.4,17.7,1445.0,0.69,6.0,4.5,1
Frankfurt,3,62.8,19.7,1602.0,0.9,7.9,1.7,1
Berlin,10,28.4,13.1,835.0,0.61,4.5,7.6,0
Munich,4,39.8,13.9,1315.0,0.9,3.8,3.9,1
Frankfurt,11,37.6,14.8,1281.0,0.7,4.7,6.1,0
Berlin,2,52.2,18.5,1241.0,0.7,4.6,6.1,1
Cologne,1,34.5,10.8,1281.0,0.77,2.1,8.5,0
Hamburg,5,52.6,20.3,1583.0,0.74,4.9,5.3,1
Munich,9,58.7,20.6,1381.0,0.65,5.8,4.8,1
Hamburg,9,52.0,14.4,1003.0,0.9,2.7,8.2,1
Berlin,1,47.8,13.0,800.0,0.88,6.1,3.2,1
Frankfurt,12,35.1,12.2,1244.0,0.64,1.0,9.3,0
Berlin,1,36.5,14.9,1408.0,0.9,7.7,2.1,1
Cologne,8,57.5,24.1,2075.0,0.9,8.0,1.0,1
Cologne,7,52.8,12.3,1092.0,0.55,4.9,5.8,0
Munich,7,44.6,14.9,1445.0,0.46,4.5,5.0,0
Hamburg,9,40.8,15.1,1158.0,0.66,4.5,4.0,1
Berlin,12,24.7,9.1,815.0,0.62,1.6,7.9,0
Cologne,5,34.3,14.5,994.0,0.56,3.7,5.5,0
Frankfurt,8,64.1,23.3,1836.0,0.9,6.2,4.8,1
Berlin,7,32.2,7.8,800.0,0.4,3.1,7.1,0
Munich,2,46.9,12.6,800.0,0.9,5.0,6.4,0
Frankfurt,2,55.1,19.3,1420.0,0.81,3.5,5.8,1
Hamburg,4,32.5,13.8,1136.0,0.49,3.3,7.6,0
Munich,1,46.8,16.0,1268.0,0.63,4.9,7.9,0
Hamburg,10,54.4,13.4,981.0,0.9,5.6,4.7,1
Hamburg,5,45.1,11.9,1070.0,0.87,4.2,6.7,0
Cologne,5,70.0,25.4,1891.0,0.9,8.7,2.0,1
Hamburg,1,28.3,8.4,800.0,0.51,2.3,6.3,0
Frankfurt,5,55.6,18.9,1747.0,0.9,5.9,4.7,1
Frankfurt,4,43.3,17.6,1618.0,0.9,6.3,4.0,0
Frankfurt,12,52.7,14.0,997.0,0.5,5.2,4.6,0
Berlin,10,49.4,15.2,1205.0,0.75,5.3,3.9,1
Cologne,11,37.7,11.0,1048.0,0.78,3.6,7.1,0
Cologne,5,47.3,16.8,1355.0,0.63,6.6,2.4,1
Frankfurt,4,26.4,11.1,996.0,0.85,2.3,9.9,0
Berlin,9,51.0,12.6,1101.0,0.9,7.0,3.1,1
Hamburg,9,48.0,16.0,1214.0,0.48,4.6,4.1,0
Hamburg,3,51.4,19.7,1682.0,0.9,3.8,5.6,1
Hamburg,3,55.6,13.0,844.0,0.77,6.6,3.1,1
Cologne,3,48.7,16.0,1361.0,0.69,4.4,8.0,0
Hamburg,7,46.5,11.8,933.0,0.9,5.6,3.5,1
Berlin,1,36.2,10.1,800.0,0.64,1.0,8.9,0
Berlin,4,37.9,5.1,800.0,0.65,3.8,5.7,0
Hamburg,9,56.9,23.1,1877.0,0.61,5.0,5.5,1
Cologne,12,59.4,18.7,1505.0,0.73,4.3,5.1,1
Munich,8,42.6,11.8,800.0,0.72,3.4,5.4,0
Frankfurt,3,45.5,16.1,972.0,0.76,3.7,6.1,0
Hamburg,8,36.0,8.9,800.0,0.74,3.5,6.2,0
Hamburg,6,56.7,15.5,1189.0,0.75,3.6,5.8,1
Frankfurt,10,51.7,21.7,1801.0,0.77,5.6,3.8,1
Munich,11,64.4,26.9,2522.0,0.9,8.5,2.7,1
Hamburg,3,36.2,10.3,815.0,0.58,4.0,5.6,0
Hamburg,12,41.2,16.9,1030.0,0.56,5.3,3.5,0
Munich,9,47.3,16.8,1306.0,0.88,6.4,3.2,1
Frankfurt,10,51.5,12.9,1283.0,0.58,7.0,3.1,1
Berlin,7,42.8,11.5,800.0,0.59,7.1,1.6,1
Hamburg,8,36.3,16.7,1563.0,0.49,2.9,8.7,0
Hamburg,10,53.8,13.7,1128.0,0.53,4.3,6.6,0
Cologne,11,52.2,24.2,2069.0,0.74,6.4,5.0,1
Munich,2,35.8,10.2,1190.0,0.66,4.6,5.7,0
Hamburg,3,58.6,24.3,1573.0,0.62,7.0,1.0,1
Cologne,7,56.7,18.0,1618.0,0.77,8.5,3.0,1
Berlin,2,46.3,17.8,1409.0,0.44,4.7,4.5,0
Munich,6,45.8,19.5,1366.0,0.67,5.2,4.0,1
Berlin,7,50.5,21.0,1661.0,0.86,3.6,6.6,1
Cologne,11,36.4,10.4,1168.0,0.7,6.8,4.5,0
Frankfurt,11,45.3,12.5,1269.0,0.79,4.0,7.0,0
Munich,6,23.5,7.6,800.0,0.35,1.9,9.0,0
Frankfurt,5,53.8,14.0,968.0,0.45,4.9,4.8,0
Cologne,9,29.4,10.5,1030.0,0.6,2.0,7.7,0
Munich,3,60.0,17.5,1400.0,0.72,4.9,5.4,1
Hamburg,5,41.7,17.1,1368.0,0.48,3.4,6.5,0
Cologne,5,42.9,12.6,800.0,0.48,2.2,8.6,0
Cologne,8,38.7,7.7,800.0,0.35,2.7,8.1,0
Berlin,8,42.1,18.2,1188.0,0.9,7.1,3.5,1
Frankfurt,1,59.2,20.3,1292.0,0.73,7.0,1.0,1
Munich,6,20.1,6.8,800.0,0.5,3.4,6.7,0
Munich,12,57.8,22.5,1618.0,0.9,7.5,2.3,1
Hamburg,6,48.4,18.7,1347.0,0.6,7.6,2.6,1
Munich,11,32.9,8.7,800.0,0.42,1.0,8.2,0
Hamburg,10,34.2,10.1,1009.0,0.44,1.6,7.1,0
Munich,2,61.8,17.2,1199.0,0.61,5.0,5.5,1
Berlin,5,35.5,7.5,882.0,0.35,2.8,6.8,0
Cologne,6,33.5,12.9,935.0,0.9,2.9,7.7,0
Munich,3,56.4,20.0,1685.0,0.9,5.0,4.4,1
Cologne,1,48.4,18.4,1567.0,0.71,5.2,6.2,0
Frankfurt,9,35.6,15.7,1078.0,0.65,3.6,7.4,0
Cologne,2,47.2,18.0,1378.0,0.7,3.6,6.7,0
Frankfurt,4,34.7,14.2,1033.0,0.54,1.0,8.8,0
Munich,9,56.0,12.4,1069.0,0.87,4.1,6.7,1
Berlin,9,55.6,17.6,1384.0,0.73,4.7,5.7,1
Berlin,8,50.3,19.7,1424.0,0.55,4.7,5.6,0
Cologne,4,48.6,12.7,1040.0,0.43,3.2,7.9,0
Berlin,1,62.6,21.1,1760.0,0.9,5.5,5.9,1
Frankfurt,11,45.0,16.6,1695.0,0.37,2.8,5.9,0
Berlin,11,33.2,12.4,1005.0,0.9,3.1,5.8,0
Berlin,7,49.5,17.6,1410.0,0.78,3.3,5.9,0
Berlin,2,65.9,23.8,1986.0,0.71,5.3,3.2,1
Hamburg,8,34.9,12.2,800.0,0.39,1.5,8.4,0
Hamburg,10,41.4,9.4,800.0,0.58,3.9,6.7,0
Cologne,10,49.2,17.9,1370.0,0.7,3.6,6.4,0
Munich,11,44.5,15.7,1468.0,0.88,5.8,3.7,1
Munich,2,35.2,7.4,837.0,0.82,4.1,7.0,0
Frankfurt,10,56.2,22.9,1454.0,0.74,5.5,4.6,1
Frankfurt,3,68.2,24.3,2080.0,0.71,5.6,4.7,1
Cologne,6,47.0,11.5,800.0,0.9,5.3,5.9,0
Hamburg,4,36.0,9.5,855.0,0.9,4.6,5.2,0
Berlin,2,29.5,8.1,800.0,0.9,3.2,8.9,0
Hamburg,1,47.6,14.2,800.0,0.89,7.2,2.4,1
Hamburg,3,56.0,19.6,1765.0,0.56,6.3,5.7,0
Cologne,4,49.8,13.7,1441.0,0.56,6.3,2.7,0
Hamburg,9,45.0,18.4,1458.0,0.68,4.7,5.8,0
Munich,9,39.1,16.2,1322.0,0.89,4.9,4.4,0
Hamburg,5,34.1,13.2,1353.0,0.61,2.2,8.9,0
Munich,12,53.3,17.9,1208.0,0.81,4.6,4.9,1
Frankfurt,5,54.1,20.9,1448.0,0.9,5.9,4.4,1
Frankfurt,7,29.5,9.0,800.0,0.4,3.5,5.9,0
Cologne,8,60.9,18.1,1457.0,0.9,6.9,4.1,1
Berlin,3,50.7,20.5,1646.0,0.73,6.7,2.6,1
Hamburg,12,59.0,20.6,1539.0,0.42,3.8,7.9,0
Berlin,5,31.6,8.5,800.0,0.79,1.7,7.3,0
Munich,7,31.3,9.2,800.0,0.9,3.5,5.2,0
Berlin,11,43.5,12.3,885.0,0.82,3.3,7.7,0
Hamburg,2,50.0,22.7,1666.0,0.9,10.0,1.0,1
Berlin,9,63.0,21.0,1528.0,0.9,7.1,2.9,1
Berlin,3,52.1,17.8,1026.0,0.77,5.1,4.6,1
Berlin,7,42.6,16.4,1264.0,0.78,3.5,5.2,0
Cologne,12,34.7,7.9,800.0,0.51,2.8,7.2,0
Berlin,9,57.3,22.4,1941.0,0.64,5.8,5.5,1
Hamburg,9,35.4,10.0,800.0,0.75,3.7,7.3,0
Hamburg,3,61.3,25.9,2050.0,0.9,5.4,4.8,1
Berlin,2,42.2,13.1,974.0,0.63,3.8,7.3,0
Cologne,11,60.9,23.4,1824.0,0.85,8.1,1.0,1
Munich,5,51.8,9.8,1034.0,0.9,7.3,2.4,1
Berlin,5,43.6,11.0,800.0,0.75,4.7,5.7,0
Cologne,8,39.8,12.4,800.0,0.89,2.0,7.9,0
Frankfurt,6,41.6,7.8,800.0,0.9,5.0,4.8,0
Hamburg,12,49.3,18.2,1359.0,0.9,7.3,1.5,1
Frankfurt,7,45.8,16.2,1368.0,0.54,6.6,1.3,0
Hamburg,11,39.1,10.0,947.0,0.63,5.0,5.8,0
Munich,8,43.3,14.4,931.0,0.77,6.5,3.8,1
Cologne,9,45.8,17.7,1535.0,0.82,4.7,6.2,0
Munich,4,23.7,5.0,800.0,0.6,3.3,6.2,0
Frankfurt,5,49.6,12.7,1031.0,0.89,3.9,5.4,0
Cologne,4,35.2,10.7,800.0,0.8,4.0,6.0,0
Frankfurt,9,33.5,11.2,925.0,0.68,5.3,5.5,0
Berlin,12,28.1,9.2,800.0,0.77,1.9,7.8,0
Frankfurt,2,27.1,11.7,800.0,0.45,1.4,9.4,0
Munich,8,31.4,11.9,800.0,0.4,3.3,5.7,0
Munich,11,37.9,14.7,1328.0,0.48,3.5,6.4,0
Berlin,7,64.5,17.3,1297.0,0.57,7.4,2.5,1
Cologne,7,39.7,13.7,1297.0,0.86,3.3,7.9,0
Frankfurt,8,46.8,14.7,1065.0,0.9,7.3,3.0,1
Frankfurt,11,49.0,20.7,1918.0,0.69,3.0,8.8,0
Frankfurt,11,46.3,16.0,1087.0,0.9,6.5,2.1,1
Cologne,1,44.2,12.7,1313.0,0.76,3.3,6.9,0
Munich,1,33.0,13.6,1121.0,0.59,1.0,9.2,0
Berlin,7,59.5,21.5,1802.0,0.9,6.3,4.3,1
Cologne,2,63.1,18.6,1284.0,0.76,5.9,3.3,1
Berlin,12,28.2,8.3,813.0,0.74,1.2,10.0,0
Hamburg,4,34.8,10.6,1000.0,0.72,1.0,9.0,0
Berlin,12,42.2,17.7,1355.0,0.53,4.2,4.7,0
Hamburg,6,35.4,12.4,800.0,0.72,5.0,5.0,0
Berlin,5,50.1,18.9,1287.0,0.9,5.9,3.8,1
Hamburg,5,37.7,11.1,800.0,0.89,3.9,8.9,0
Frankfurt,11,66.7,23.2,1948.0,0.58,7.4,3.7,1
Cologne,6,56.9,22.9,1737.0,0.62,5.6,4.4,1
Frankfurt,10,47.1,14.6,1081.0,0.58,2.6,7.3,0
Munich,7,55.3,18.8,1388.0,0.4,3.4,7.6,0
Cologne,2,56.1,14.6,1462.0,0.62,5.3,5.7,1
Frankfurt,12,39.4,10.8,875.0,0.54,3.7,3.4,0
Berlin,11,36.8,11.3,942.0,0.58,5.0,5.7,0
Cologne,4,45.8,12.1,842.0,0.72,5.7,4.3,0
Berlin,7,53.6,21.8,1741.0,0.9,6.3,2.4,1
Frankfurt,5,46.4,12.9,841.0,0.56,4.2,6.7,0
Cologne,11,29.2,12.1,1037.0,0.6,1.0,10.0,0
Frankfurt,12,37.0,12.9,801.0,0.75,4.3,6.2,0
Munich,10,44.3,14.8,1337.0,0.9,5.2,5.9,0
Frankfurt,9,44.2,19.2,1390.0,0.49,1.0,10.0,0
Munich,6,64.7,14.8,1373.0,0.6,5.2,3.9,1
Frankfurt,4,31.1,9.8,1165.0,0.84,2.1,6.1,0
Cologne,11,50.1,13.4,1076.0,0.9,5.2,5.5,1
Berlin,11,59.9,14.1,1389.0,0.81,4.8,5.0,1
Cologne,12,67.7,19.0,1669.0,0.59,6.7,1.9,1
Frankfurt,10,41.0,13.7,810.0,0.4,3.8,6.1,0
Frankfurt,4,49.9,14.5,1179.0,0.55,4.8,6.0,0
Frankfurt,3,50.7,19.6,1667.0,0.52,4.0,5.9,0
Hamburg,6,47.0,15.0,1320.0,0.47,3.7,5.5,0
Munich,8,44.0,13.7,1131.0,0.5,2.8,7.0,0
Berlin,1,49.4,15.5,1272.0,0.68,5.5,4.5,0
Munich,2,20.0,6.4,800.0,0.8,2.9,5.2,0
Frankfurt,4,51.8,16.0,1308.0,0.83,4.0,5.8,1
Frankfurt,7,46.3,12.9,800.0,0.61,6.9,1.7,1
Munich,12,42.8,17.2,1331.0,0.9,3.8,6.9,0
Munich,2,65.5,20.0,1305.0,0.9,8.8,1.0,1
Munich,11,38.3,11.6,828.0,0.44,2.9,8.2,0
Hamburg,12,41.0,14.9,1077.0,0.33,1.1,8.5,0
Munich,10,64.9,22.6,1677.0,0.61,7.1,2.4,1
Frankfurt,12,36.7,9.5,800.0,0.84,4.0,6.3,0
Berlin,8,39.5,15.4,1288.0,0.54,4.0,5.1,0
Cologne,3,43.5,16.1,1226.0,0.41,3.4,6.9,0
Munich,2,53.4,18.3,1383.0,0.72,5.3,4.0,1
Munich,7,47.1,14.4,870.0,0.82,3.9,5.5,0
Munich,11,32.1,9.5,800.0,0.52,2.8,7.7,0
Berlin,12,39.7,12.6,1239.0,0.75,5.2,3.6,1
Munich,10,38.9,9.3,975.0,0.52,4.2,4.6,0
Munich,9,44.2,14.6,1245.0,0.72,5.3,4.9,0
Munich,4,49.3,19.1,1469.0,0.64,4.6,5.4,0
Berlin,2,49.2,19.0,1634.0,0.68,4.4,5.8,0
Cologne,9,27.2,7.9,800.0,0.53,1.0,9.3,0
Frankfurt,10,55.6,21.7,1679.0,0.51,5.0,5.0,0
Berlin,5,47.5,21.6,1576.0,0.31,1.0,9.6,0
Munich,10,58.8,18.7,1675.0,0.61,5.0,5.1,1
Hamburg,7,49.4,18.6,1640.0,0.51,4.8,3.2,0
Berlin,10,56.0,11.9,944.0,0.67,6.4,1.8,1
Munich,5,49.7,12.8,1369.0,0.44,4.6,7.4,0
Munich,12,58.5,19.8,1663.0,0.73,6.4,3.6,1
Frankfurt,5,50.2,13.7,1169.0,0.42,1.8,9.2,0
Berlin,6,44.0,20.8,1713.0,0.9,4.3,5.3,0
Berlin,5,67.7,24.4,1697.0,0.9,4.3,5.7,1
Frankfurt,8,53.9,20.9,1490.0,0.56,3.6,6.0,0
Hamburg,11,50.7,16.8,1335.0,0.72,4.8,7.7,1
Hamburg,12,32.2,7.7,800.0,0.9,5.1,5.1,0
Cologne,11,32.1,9.1,850.0,0.7,3.8,5.7,0
Cologne,4,47.9,16.7,1206.0,0.9,4.8,3.5,1
Frankfurt,3,46.5,13.6,1100.0,0.9,4.6,7.4,0
Berlin,3,38.9,15.0,1215.0,0.9,2.8,7.0,0
Munich,2,46.4,17.6,1434.0,0.57,3.8,6.9,0
Hamburg,8,60.9,20.3,1628.0,0.56,6.7,4.1,0
Berlin,7,52.0,11.8,800.0,0.42,3.1,6.4,0
Cologne,6,33.6,16.3,855.0,0.76,4.2,6.4,0
Hamburg,2,43.9,14.0,931.0,0.71,3.8,5.6,0
Munich,2,37.0,20.4,1529.0,0.63,4.9,4.1,0
Cologne,10,41.1,15.7,1018.0,0.63,5.6,5.6,0
Munich,1,40.9,13.0,1028.0,0.7,1.6,8.3,0
Cologne,12,40.2,14.8,1398.0,0.56,3.1,7.4,0
Munich,10,32.4,5.0,800.0,0.66,2.0,8.4,0
Hamburg,2,43.7,17.7,1505.0,0.71,1.7,9.0,0
Frankfurt,9,39.4,20.8,1864.0,0.58,2.4,6.1,0
Munich,1,20.0,5.0,800.0,0.6,5.7,3.8,0
Hamburg,10,65.5,21.0,1587.0,0.9,7.5,2.2,1
Berlin,4,55.9,18.3,1588.0,0.68,8.5,1.0,1
Berlin,2,41.2,16.4,1215.0,0.9,5.4,5.1,0
Cologne,5,45.2,21.4,1626.0,0.87,3.4,7.8,0
Frankfurt,10,33.3,12.2,1352.0,0.68,2.8,8.6,0
Cologne,8,62.0,27.1,2185.0,0.9,7.1,2.6,1
Munich,1,64.0,21.8,2100.0,0.77,7.1,3.2,1
Frankfurt,9,46.6,16.9,985.0,0.89,3.8,6.7,0
Munich,7,55.2,19.4,1426.0,0.52,3.3,7.4,0
Hamburg,5,46.8,19.2,1621.0,0.9,9.6,1.0,1
Frankfurt,5,31.6,9.3,800.0,0.35,3.0,8.9,0
Berlin,9,40.9,16.1,875.0,0.9,3.6,7.3,0
Hamburg,9,46.3,11.7,894.0,0.9,4.8,6.2,0
Hamburg,2,40.5,12.6,1505.0,0.81,3.7,7.5,0
Munich,8,42.8,12.4,1038.0,0.68,4.5,6.1,0
Cologne,5,44.1,15.0,1318.0,0.62,6.3,2.6,1
Munich,2,44.2,13.8,974.0,0.71,4.2,5.6,0
Hamburg,9,45.5,18.6,1534.0,0.82,2.8,5.5,0
Frankfurt,4,34.4,8.8,800.0,0.72,3.2,7.2,0
Berlin,5,37.8,7.4,817.0,0.67,3.1,6.7,0
Hamburg,7,32.2,6.6,800.0,0.9,5.4,4.6,0
Cologne,2,54.8,21.2,1781.0,0.75,7.2,4.0,1
Cologne,5,23.9,5.1,800.0,0.84,2.6,7.0,0
Frankfurt,8,56.5,20.0,1267.0,0.65,3.7,6.0,1
Cologne,12,58.9,18.7,1156.0,0.4,4.0,6.0,0
Frankfurt,11,42.0,16.5,1334.0,0.85,4.2,3.9,1
Cologne,1,20.0,6.0,800.0,0.85,2.5,7.2,0
Munich,12,41.4,22.1,2033.0,0.67,3.6,3.9,1
Berlin,11,44.4,20.5,1460.0,0.66,3.7,5.7,0
Berlin,8,34.9,10.7,800.0,0.81,2.6,8.3,0
Hamburg,2,39.8,11.9,1141.0,0.9,3.9,6.5,0
Hamburg,4,60.3,29.5,2197.0,0.9,2.5,6.9,1
Munich,11,51.6,14.0,803.0,0.58,3.5,6.5,0
Munich,12,35.8,11.8,842.0,0.69,2.6,6.3,0
Berlin,3,29.0,9.7,800.0,0.9,4.7,5.3,0
Hamburg,2,41.7,13.9,1376.0,0.67,3.0,10.0,0
Hamburg,10,42.9,9.1,899.0,0.7,4.6,7.3,0
Berlin,10,50.0,18.1,1304.0,0.81,5.3,4.7,0
Frankfurt,2,39.6,10.3,1104.0,0.71,5.9,4.2,0
Munich,10,50.1,21.0,1706.0,0.66,6.9,2.1,1
Hamburg,6,64.4,17.1,1579.0,0.56,6.3,2.8,1
Berlin,3,53.2,17.9,1697.0,0.8,4.6,5.8,1
Munich,10,44.5,8.2,800.0,0.6,3.5,6.0,0
Berlin,4,43.2,7.9,800.0,0.9,4.0,6.9,0
Frankfurt,4,41.4,11.3,822.0,0.51,3.5,8.1,0
Cologne,2,56.8,16.8,1533.0,0.71,6.5,3.8,1
Hamburg,4,38.7,17.3,1403.0,0.9,4.5,5.6,0
Munich,2,45.5,15.0,1394.0,0.81,5.4,2.9,1
Berlin,4,45.5,19.0,1829.0,0.73,6.4,4.3,0
Berlin,8,40.0,12.2,1084.0,0.9,6.8,2.1,1
Munich,9,31.3,12.2,961.0,0.81,3.3,6.3,0
Hamburg,4,48.2,13.9,1097.0,0.87,6.5,4.5,0
Hamburg,4,44.4,12.4,800.0,0.9,3.9,7.1,0
Berlin,7,50.0,11.2,800.0,0.6,6.8,2.8,1
Hamburg,1,39.7,14.2,1325.0,0.71,5.6,4.0,0
Cologne,7,57.2,19.9,1782.0,0.9,7.2,2.1,1
Frankfurt,9,36.2,14.4,1006.0,0.62,3.8,5.0,0
Frankfurt,4,62.1,21.4,1741.0,0.9,5.2,4.2,1
Cologne,2,27.5,15.3,1182.0,0.34,1.0,7.4,0
Hamburg,4,49.3,17.0,1496.0,0.65,4.9,5.8,0
Berlin,2,49.8,19.6,2007.0,0.82,7.3,3.1,1
Hamburg,10,37.0,11.4,1052.0,0.77,3.2,7.3,0
Munich,7,49.2,13.7,961.0,0.62,6.1,2.9,1
Munich,6,57.8,21.4,1698.0,0.56,7.0,1.8,1
Hamburg,12,22.8,7.3,868.0,0.88,1.9,8.2,0
Cologne,11,50.0,19.2,1252.0,0.9,7.0,3.1,1
Munich,2,20.1,7.7,800.0,0.43,1.0,8.9,0
Frankfurt,6,35.3,9.4,894.0,0.58,1.7,8.0,0
Berlin,9,61.3,23.7,2151.0,0.73,4.8,7.0,1
Cologne,11,39.2,10.4,958.0,0.86,2.7,7.7,0
Munich,8,33.3,13.0,916.0,0.75,3.8,8.1,0
Berlin,9,43.0,18.2,1562.0,0.9,4.7,6.5,0
Frankfurt,5,65.7,20.7,1742.0,0.9,7.2,4.5,1
Munich,10,26.7,12.4,1059.0,0.72,3.6,5.4,0
Munich,2,34.5,12.7,996.0,0.47,2.0,8.6,0
Berlin,5,60.0,22.5,1814.0,0.71,4.2,5.4,1
Berlin,10,63.6,18.7,1313.0,0.9,7.0,1.4,1
Hamburg,3,44.0,15.3,1720.0,0.72,3.5,8.0,0
Munich,11,32.6,6.6,800.0,0.79,1.0,8.7,0
Frankfurt,4,66.0,27.1,2279.0,0.9,8.1,1.0,1
Berlin,7,60.9,14.3,1098.0,0.83,8.2,1.4,1
Cologne,2,51.8,16.2,1465.0,0.84,7.5,1.7,1
Munich,6,36.9,9.5,800.0,0.81,4.0,5.3,0
Cologne,11,44.5,16.9,1000.0,0.54,5.4,4.4,0
Munich,1,43.4,20.2,1613.0,0.8,6.4,5.3,0
Berlin,10,48.3,18.1,1856.0,0.48,3.9,5.5,0
Hamburg,3,59.5,28.7,2539.0,0.9,7.6,4.0,1
Munich,11,53.8,13.8,942.0,0.9,5.8,5.1,1
Berlin,7,34.2,7.5,800.0,0.52,4.8,5.6,0
Berlin,11,58.8,16.9,1226.0,0.9,6.2,4.6,1
Berlin,12,48.1,16.4,1398.0,0.9,6.8,3.3,1
Cologne,5,51.9,14.2,1238.0,0.9,5.5,5.8,1
Berlin,12,59.7,17.6,1596.0,0.8,3.7,6.8,1
Cologne,8,33.9,13.2,800.0,0.61,5.6,2.8,1
Frankfurt,7,44.6,11.2,800.0,0.53,3.0,7.3,0
Hamburg,7,39.7,9.8,800.0,0.59,5.8,4.9,0
Berlin,1,29.3,8.6,800.0,0.89,2.8,6.9,0
Frankfurt,1,48.5,15.2,997.0,0.84,6.6,3.5,1
Berlin,6,70.0,26.4,2163.0,0.9,8.7,1.0,1
Frankfurt,8,26.6,6.2,800.0,0.63,3.3,5.3,0
Berlin,3,44.7,12.7,1470.0,0.79,5.2,3.2,1
Hamburg,8,51.4,18.9,1404.0,0.9,5.8,2.7,1
Berlin,8,46.2,17.8,1371.0,0.76,1.6,9.1,0
Cologne,1,43.9,18.9,1572.0,0.57,4.6,2.9,0
Berlin,11,32.0,12.1,800.0,0.45,1.5,7.8,0
Munich,5,47.3,16.2,1395.0,0.51,5.0,4.2,0
Cologne,9,37.4,14.2,1204.0,0.78,2.0,7.7,0
Frankfurt,11,23.1,6.9,800.0,0.73,1.0,7.1,0
Berlin,10,56.9,18.2,1507.0,0.65,8.1,2.3,1
Berlin,10,54.6,12.9,1115.0,0.71,7.1,1.7,1
Berlin,11,45.5,17.9,1715.0,0.7,4.5,6.6,0
Munich,12,47.3,16.4,1812.0,0.78,5.0,4.4,0
Hamburg,3,55.7,20.9,1461.0,0.77,5.2,4.7,1
Hamburg,9,47.2,7.3,800.0,0.9,5.6,4.4,0
Cologne,11,54.0,17.9,1450.0,0.88,4.4,5.9,1
Cologne,9,42.0,11.4,800.0,0.55,5.7,4.3,0
Munich,1,58.1,23.9,2040.0,0.65,5.4,4.1,1
Munich,2,48.2,17.9,1456.0,0.62,4.2,6.2,0
Munich,3,46.9,16.3,1381.0,0.63,4.7,5.7,0
Frankfurt,4,32.3,9.5,800.0,0.79,2.3,6.9,0
Munich,12,47.9,17.1,1423.0,0.68,5.3,5.1,0
Munich,5,36.7,9.4,850.0,0.64,2.9,8.3,0
Munich,5,38.6,12.6,1046.0,0.75,4.6,6.1,0
Munich,10,36.8,10.5,800.0,0.64,5.5,5.4,0
Hamburg,11,34.3,18.2,1494.0,0.51,2.4,7.8,0
Berlin,5,66.2,26.5,2490.0,0.9,6.4,2.6,1
Berlin,3,58.3,22.6,1858.0,0.9,6.5,2.7,1
Hamburg,6,64.2,16.9,1382.0,0.51,5.8,4.6,0
Munich,4,32.8,13.5,1393.0,0.76,4.0,7.0,0
Frankfurt,9,45.7,15.8,1115.0,0.85,5.4,7.4,0
Frankfurt,12,32.1,14.4,1327.0,0.88,4.8,6.2,0
Cologne,2,38.0,13.6,986.0,0.76,2.9,5.9,0
Berlin,11,35.8,11.9,1171.0,0.83,2.2,7.1,0
Cologne,1,57.4,19.8,1746.0,0.51,5.3,7.0,0
Munich,7,41.0,8.3,800.0,0.57,2.7,7.1,0
Cologne,9,55.7,16.3,1248.0,0.9,6.4,3.6,1
Munich,10,51.0,18.1,1646.0,0.88,3.4,5.7,1
Cologne,9,68.0,26.1,1717.0,0.86,10.0,1.6,1
Hamburg,3,30.2,8.4,800.0,0.8,5.0,5.5,0
Munich,12,57.6,19.1,1650.0,0.6,5.8,3.4,1
Frankfurt,11,56.5,14.0,1060.0,0.9,6.9,2.1,1
Munich,1,35.3,16.1,1318.0,0.69,1.1,9.2,0
Frankfurt,9,55.1,21.7,1328.0,0.8,9.3,1.0,1
Frankfurt,7,48.4,18.1,1275.0,0.77,4.0,6.9,0
Cologne,8,42.7,15.5,1373.0,0.71,4.1,6.5,0
Berlin,11,36.8,16.9,1203.0,0.41,1.0,8.7,0
Berlin,6,37.8,10.2,800.0,0.9,4.5,4.9,0
Berlin,10,65.5,19.1,1740.0,0.53,4.9,4.9,0
Frankfurt,6,45.0,18.2,1558.0,0.71,4.7,4.8,0
Berlin,11,52.8,20.6,1429.0,0.77,4.5,5.4,1
Munich,4,37.1,8.8,800.0,0.8,2.1,7.9,0
Munich,2,37.2,10.8,800.0,0.42,2.5,6.6,0
Munich,1,55.8,23.7,1863.0,0.86,5.9,4.7,1
Frankfurt,6,31.5,11.7,974.0,0.27,1.2,8.4,0
Frankfurt,9,40.8,16.0,1116.0,0.84,3.0,6.2,0
Berlin,10,45.3,11.6,1079.0,0.62,5.5,4.1,0
Cologne,10,46.1,17.3,1567.0,0.9,8.5,1.7,1
Frankfurt,2,43.2,10.1,864.0,0.81,5.0,5.0,0
Hamburg,1,49.0,10.4,913.0,0.41,3.5,6.9,0
Munich,1,51.9,19.5,1269.0,0.54,4.6,6.3,0
Munich,7,52.3,21.8,2013.0,0.62,5.3,6.0,1
Berlin,1,35.1,11.0,858.0,0.88,3.0,7.3,0
Cologne,9,42.2,12.4,806.0,0.77,5.6,3.4,1
Munich,9,56.9,24.1,1958.0,0.9,6.0,3.7,1
Frankfurt,11,53.9,17.4,1541.0,0.57,6.8,2.2,1
Cologne,3,31.3,10.2,921.0,0.34,2.7,9.0,0
Munich,11,48.5,21.3,1483.0,0.9,6.8,5.1,0
Berlin,2,25.2,7.3,800.0,0.75,2.3,8.4,0
Berlin,9,45.5,13.2,1043.0,0.82,3.1,7.8,0
Berlin,3,64.0,23.8,2002.0,0.9,9.7,1.0,1
Frankfurt,2,35.5,9.7,800.0,0.84,1.0,9.4,0
Berlin,4,36.7,11.8,1152.0,0.39,2.6,5.8,0
Hamburg,7,52.6,13.6,1124.0,0.51,4.3,5.6,0
Frankfurt,4,29.6,10.4,1071.0,0.65,6.7,2.4,1
Hamburg,8,38.7,13.1,800.0,0.9,6.6,3.7,1
Berlin,12,51.0,19.9,1311.0,0.78,7.3,2.6,1
Cologne,5,38.7,15.5,1189.0,0.72,3.4,8.6,0
Frankfurt,2,42.6,15.9,1563.0,0.9,7.9,3.0,1
Hamburg,10,52.4,18.7,1886.0,0.9,5.8,4.5,1
Frankfurt,4,49.2,16.2,1117.0,0.56,6.4,3.3,0
Hamburg,12,47.7,17.7,1428.0,0.72,5.0,6.6,0
Frankfurt,7,41.6,10.5,874.0,0.44,4.1,5.9,0
Munich,1,48.7,9.2,879.0,0.71,4.5,5.8,0
Hamburg,7,43.8,18.1,1623.0,0.53,4.1,6.0,0
Hamburg,3,49.6,18.5,1261.0,0.49,5.9,3.7,0
Frankfurt,7,40.0,13.0,1050.0,0.9,4.6,5.5,0
Cologne,3,43.2,17.6,1008.0,0.9,4.3,3.8,1
Munich,12,35.1,9.5,923.0,0.9,5.8,2.7,1
Hamburg,12,44.6,12.8,954.0,0.43,1.0,9.3,0
Berlin,8,36.9,9.8,800.0,0.9,4.5,7.1,0
Berlin,4,33.9,13.0,1106.0,0.83,4.5,5.9,0
Frankfurt,1,47.6,11.1,815.0,0.9,6.5,2.8,1
Cologne,1,47.1,13.4,1325.0,0.9,4.6,3.9,1
Munich,4,52.8,18.5,1300.0,0.9,5.6,5.2,1
Hamburg,9,40.7,10.0,1241.0,0.57,5.5,3.9,0
Berlin,5,49.1,14.4,1321.0,0.9,7.1,3.5,1
Hamburg,5,50.5,10.2,1074.0,0.87,4.6,5.8,1
Berlin,3,49.4,18.3,1258.0,0.64,5.3,5.1,0
Frankfurt,5,36.7,10.2,1172.0,0.75,6.2,3.8,1
Frankfurt,7,46.5,12.2,800.0,0.38,1.5,8.9,0
Hamburg,3,48.6,12.3,944.0,0.9,3.8,6.1,0
Frankfurt,5,45.1,13.8,1362.0,0.9,6.7,2.7,1
Munich,12,24.1,5.0,800.0,0.77,4.1,5.0,0
Frankfurt,3,46.6,21.4,1461.0,0.78,5.4,2.2,1
Munich,1,67.1,15.2,1445.0,0.64,6.0,3.8,1
Frankfurt,6,41.4,12.4,1064.0,0.81,2.8,8.7,0
Hamburg,3,37.7,12.9,948.0,0.35,2.9,7.8,0
Munich,2,48.7,13.9,805.0,0.84,7.2,3.0,1
Cologne,3,48.1,16.7,1421.0,0.9,3.9,5.4,0
Hamburg,5,56.9,16.6,1293.0,0.86,5.8,5.2,1
Munich,5,32.4,15.4,1263.0,0.69,2.1,7.8,0
Berlin,9,52.3,14.1,809.0,0.57,6.5,5.1,0
Berlin,12,50.9,9.9,800.0,0.59,4.3,4.7,0
Cologne,11,43.6,10.6,947.0,0.81,4.2,5.0,0
Berlin,9,48.4,17.3,1758.0,0.35,2.3,6.8,0
Hamburg,2,55.3,18.1,1405.0,0.55,3.1,5.4,0
Munich,11,53.7,20.2,1902.0,0.68,5.4,3.7,1
Hamburg,6,33.6,12.7,1173.0,0.57,1.4,8.7,0
Frankfurt,9,53.2,15.8,1313.0,0.84,8.5,1.0,1
Frankfurt,9,44.4,13.3,863.0,0.54,1.3,4.8,0
Berlin,11,45.7,14.1,933.0,0.7,3.4,7.7,0
Cologne,6,45.7,20.9,1795.0,0.51,4.6,3.7,0
Cologne,1,43.5,16.6,1220.0,0.5,3.8,6.8,0
Frankfurt,1,56.9,24.6,1849.0,0.9,4.0,6.0,1
Cologne,9,44.2,17.2,1343.0,0.62,3.0,9.1,0
Cologne,3,33.8,11.1,853.0,0.51,1.9,9.1,0
Berlin,5,41.1,10.6,1031.0,0.64,3.7,5.8,0
Hamburg,6,46.8,16.2,1195.0,0.69,7.6,1.7,1
Hamburg,1,57.3,18.9,1673.0,0.64,5.8,5.7,1
Munich,1,51.0,16.7,1426.0,0.85,6.9,1.6,1
Hamburg,4,36.5,11.5,800.0,0.64,4.4,5.8,0
Hamburg,6,69.9,17.1,1429.0,0.9,8.7,1.2,1
Berlin,8,47.6,19.7,1040.0,0.34,1.0,8.7,0
Berlin,7,57.8,19.1,1349.0,0.56,5.3,5.0,0
Hamburg,2,43.5,10.3,913.0,0.75,6.3,3.9,1
Munich,4,50.3,18.2,1456.0,0.64,4.2,6.3,1
Hamburg,5,53.4,15.2,865.0,0.9,8.0,2.2,1
Hamburg,8,57.2,20.7,1436.0,0.62,7.9,2.5,1
Frankfurt,7,55.6,21.2,1172.0,0.9,4.9,5.2,1
Munich,4,53.7,21.0,1409.0,0.9,4.6,4.7,1
Hamburg,8,41.8,13.5,1193.0,0.66,2.7,7.3,0
Berlin,11,39.3,11.9,837.0,0.78,3.0,6.3,0
Hamburg,8,48.3,14.2,1173.0,0.9,3.0,6.2,0
Cologne,4,54.3,15.9,1278.0,0.65,6.1,3.6,1
Frankfurt,11,42.8,14.2,1143.0,0.49,2.1,7.8,0
Frankfurt,12,55.7,17.9,1638.0,0.59,6.5,3.6,1
Frankfurt,12,59.5,17.4,1349.0,0.88,6.9,4.0,1
Munich,2,35.8,8.5,863.0,0.35,1.1,8.4,0
Frankfurt,3,36.6,11.9,800.0,0.9,6.0,4.2,0
Hamburg,5,43.6,13.2,1281.0,0.72,5.1,5.0,0
Munich,1,48.1,12.6,800.0,0.9,5.9,3.5,1
Cologne,5,39.8,15.7,1045.0,0.46,2.8,7.2,0
Berlin,4,58.5,24.8,1845.0,0.9,6.8,4.2,1
Frankfurt,5,49.2,19.3,1761.0,0.9,6.6,3.6,1
Hamburg,12,45.4,13.0,860.0,0.66,4.4,5.8,0
Munich,12,30.6,10.1,800.0,0.9,6.1,3.2,1
Hamburg,1,31.8,15.2,1026.0,0.62,3.3,8.7,0
Frankfurt,10,47.8,12.4,1044.0,0.64,6.5,2.9,1
Berlin,7,23.7,10.2,968.0,0.9,2.8,5.5,0
Munich,10,55.1,14.0,1463.0,0.78,6.4,4.5,1
Hamburg,9,43.4,19.5,2042.0,0.42,1.8,8.1,0
Munich,5,70.0,22.0,1893.0,0.8,7.6,2.1,1
Frankfurt,3,68.1,29.4,2424.0,0.85,5.7,3.7,1
Frankfurt,9,43.2,19.6,1323.0,0.66,3.0,8.8,0
Cologne,6,43.9,14.3,1528.0,0.9,7.0,3.3,1
Cologne,12,55.0,16.2,1336.0,0.86,5.2,5.4,1
Frankfurt,6,62.0,21.3,1643.0,0.51,4.7,5.5,0
Munich,10,28.6,9.0,800.0,0.51,2.3,7.9,0
Hamburg,10,27.1,7.8,800.0,0.7,1.0,10.0,0
Hamburg,3,38.8,8.0,800.0,0.89,6.0,3.7,1
Munich,1,50.8,15.4,1346.0,0.45,4.0,4.5,0
Berlin,4,50.0,13.3,1334.0,0.68,5.8,5.1,0
Munich,4,55.7,20.2,1729.0,0.9,7.6,2.9,1
Frankfurt,3,33.0,14.0,1117.0,0.84,2.6,7.6,0
Frankfurt,11,21.8,9.5,800.0,0.75,3.0,7.5,0
Cologne,5,53.6,18.9,1545.0,0.43,3.8,5.8,0
Hamburg,9,36.7,9.7,803.0,0.9,7.3,2.7,1
Cologne,9,24.8,8.9,800.0,0.4,3.9,6.0,0
Hamburg,8,46.5,17.9,1434.0,0.81,4.4,5.1,0
Munich,12,52.9,15.9,1582.0,0.85,4.1,7.1,1
Berlin,10,43.8,15.0,1290.0,0.71,4.2,4.4,0
Hamburg,6,40.4,13.0,1064.0,0.38,3.5,8.8,0
Berlin,4,43.4,19.5,1688.0,0.9,7.3,3.6,1
Berlin,2,41.3,16.3,1437.0,0.81,2.3,5.9,0
Berlin,12,31.5,12.3,1176.0,0.72,3.4,6.4,0
Munich,10,37.9,7.5,800.0,0.81,3.8,6.1,0
Berlin,3,50.2,17.3,1284.0,0.5,4.8,5.5,0
Berlin,9,48.2,15.6,1086.0,0.86,4.7,4.4,0
Frankfurt,1,46.7,15.1,1359.0,0.79,4.5,5.5,0
Frankfurt,7,35.0,7.0,800.0,0.64,4.8,5.1,0
Hamburg,10,43.2,11.1,800.0,0.87,5.2,4.0,0
Frankfurt,6,23.2,7.5,800.0,0.73,3.0,6.2,0
Hamburg,2,46.8,18.9,1789.0,0.61,1.0,9.9,0
Berlin,5,59.3,18.0,1392.0,0.63,6.4,1.9,1
Frankfurt,2,30.3,8.9,800.0,0.43,1.0,9.5,0
Cologne,9,39.1,18.4,1617.0,0.9,4.9,5.9,0
Munich,5,48.3,15.2,952.0,0.81,7.0,2.7,1
Frankfurt,6,57.5,18.8,1534.0,0.45,4.4,5.7,0
Munich,4,40.5,13.2,1307.0,0.9,3.7,7.5,0
Frankfurt,1,38.1,8.7,800.0,0.45,2.9,6.4,0
Frankfurt,3,25.3,10.2,979.0,0.66,4.4,5.0,0
Cologne,5,46.0,13.4,1076.0,0.6,4.7,4.8,0
Berlin,3,65.4,21.7,1602.0,0.9,9.1,2.0,1
Hamburg,8,47.8,17.3,1361.0,0.7,5.4,5.9,0
Frankfurt,2,44.8,20.8,1555.0,0.87,4.8,3.8,1
Frankfurt,12,48.2,12.1,800.0,0.81,4.9,6.1,0
Munich,2,44.9,17.6,1354.0,0.51,5.7,5.1,0
Berlin,1,36.9,14.9,1205.0,0.48,1.1,10.0,0
Frankfurt,12,53.2,15.8,1233.0,0.71,5.5,4.9,1
Frankfurt,1,47.3,17.6,1351.0,0.9,4.6,5.3,0
Hamburg,4,45.2,20.0,1644.0,0.9,5.6,5.5,0
Berlin,8,35.2,9.5,863.0,0.88,3.2,7.5,0
Berlin,8,58.0,20.1,1377.0,0.6,4.2,8.0,1
Frankfurt,8,51.6,18.4,1424.0,0.66,5.2,5.8,1
Berlin,11,39.5,14.8,800.0,0.63,2.3,7.8,0
Berlin,1,55.0,20.6,1619.0,0.71,2.6,6.2,1
Hamburg,1,40.0,13.8,1137.0,0.89,5.1,4.3,0
Cologne,7,37.2,13.9,1229.0,0.9,4.6,4.0,1
Hamburg,7,37.4,9.7,809.0,0.9,4.4,5.3,0
Cologne,10,27.3,9.6,877.0,0.45,4.7,6.2,0
Hamburg,5,49.7,15.1,1224.0,0.88,4.0,6.0,0
Frankfurt,8,26.7,5.2,800.0,0.62,1.0,10.0,0
Hamburg,6,32.7,9.4,800.0,0.68,3.2,7.2,0
Berlin,1,24.2,8.9,800.0,0.67,1.9,7.7,0
Berlin,7,44.1,16.0,1128.0,0.89,3.2,6.9,0
Munich,8,43.5,10.7,832.0,0.74,4.2,6.2,0
Frankfurt,12,41.7,11.1,800.0,0.46,3.3,6.9,0
Berlin,8,34.6,13.7,1180.0,0.51,1.0,9.2,0
Frankfurt,10,33.3,12.6,1019.0,0.89,2.7,6.6,0
Hamburg,9,49.6,19.2,1626.0,0.85,3.3,6.3,0
Berlin,3,39.5,17.3,1470.0,0.54,4.3,8.0,0
Frankfurt,2,48.2,17.7,1378.0,0.82,3.8,7.4,0
Hamburg,8,36.1,10.8,841.0,0.62,5.3,3.2,1
Cologne,11,46.8,15.9,1376.0,0.76,7.1,1.0,1
Munich,4,58.0,24.3,2435.0,0.82,6.8,3.3,1
Hamburg,2,50.9,25.2,1822.0,0.6,2.8,8.1,1
Cologne,2,40.9,15.0,1210.0,0.53,6.3,3.1,0
Frankfurt,2,47.6,17.5,1158.0,0.9,7.1,3.9,1
Cologne,5,42.6,16.4,1306.0,0.9,4.3,5.8,0
Berlin,8,45.1,15.1,1073.0,0.84,6.5,3.3,1
Frankfurt,9,41.7,17.4,1369.0,0.47,3.3,7.4,0
Munich,11,43.4,17.5,1429.0,0.43,1.5,7.9,0
Munich,6,47.1,16.8,1244.0,0.45,3.6,6.1,0
Frankfurt,8,35.1,10.7,800.0,0.61,6.1,4.6,0
Berlin,6,34.8,7.1,849.0,0.79,1.2,8.7,0
Frankfurt,1,31.1,12.6,1173.0,0.64,3.1,8.8,0
Frankfurt,11,29.0,10.3,800.0,0.41,3.0,7.7,0
Frankfurt,9,32.8,8.7,800.0,0.48,2.5,8.1,0
Hamburg,10,46.6,12.1,988.0,0.9,4.0,6.0,0
Munich,7,36.1,14.0,1193.0,0.69,3.7,7.2,0
Munich,2,50.1,11.9,1107.0,0.72,4.2,5.5,1
Berlin,3,45.3,16.0,1454.0,0.64,2.4,7.9,0
Munich,2,25.3,11.0,1088.0,0.41,2.9,6.2,0
Berlin,9,51.5,18.8,1158.0,0.9,6.8,4.3,1
Berlin,8,53.1,16.5,1262.0,0.58,6.6,3.7,1
Munich,5,35.1,7.9,834.0,0.73,2.3,9.7,0
Frankfurt,4,49.2,18.2,1268.0,0.39,3.0,9.3,0
Frankfurt,7,36.4,15.7,1504.0,0.63,3.2,7.5,0
Hamburg,9,46.0,13.6,1451.0,0.9,6.9,3.1,1
Berlin,8,32.4,12.3,1223.0,0.87,4.2,4.9,0
Cologne,8,27.1,13.8,1234.0,0.59,3.8,7.1,0
Cologne,11,41.2,14.7,1090.0,0.8,5.5,4.8,0
Munich,2,43.8,13.4,1128.0,0.55,5.0,5.5,0
Munich,12,41.0,16.8,1075.0,0.9,4.3,7.4,0
Cologne,12,33.2,8.8,800.0,0.84,4.3,4.9,0
Hamburg,10,41.0,9.8,800.0,0.59,3.3,5.8,0
Berlin,9,47.7,18.3,1479.0,0.52,2.6,7.1,0
Berlin,2,44.6,13.6,1012.0,0.62,5.5,5.3,0
Munich,8,46.8,14.7,1225.0,0.9,6.5,4.0,0
Munich,5,38.3,10.9,1046.0,0.57,2.2,7.0,0
Frankfurt,11,56.7,17.5,1257.0,0.74,6.9,3.9,1
Hamburg,6,33.2,15.3,1253.0,0.9,5.8,3.0,1
Berlin,10,49.9,21.6,1646.0,0.54,5.0,4.2,0
Frankfurt,9,56.8,24.3,1984.0,0.58,4.5,5.4,0
Cologne,8,49.8,19.9,1727.0,0.67,5.2,4.3,0
Frankfurt,5,43.0,15.7,1442.0,0.53,3.5,7.4,0
Cologne,6,39.7,8.9,849.0,0.7,3.0,7.2,0
Cologne,5,55.4,17.9,1514.0,0.87,6.2,5.6,1
Berlin,9,30.8,16.7,1054.0,0.28,1.0,8.8,0
Frankfurt,11,35.3,10.5,800.0,0.35,1.4,8.5,0
Berlin,12,41.0,18.2,1293.0,0.53,4.1,7.1,0
Hamburg,5,57.4,19.3,1615.0,0.53,5.7,4.2,0
Hamburg,6,48.8,8.2,800.0,0.54,5.4,6.1,0
Hamburg,1,35.3,13.7,1163.0,0.66,6.3,4.2,0
Hamburg,8,41.9,17.8,1474.0,0.62,4.3,3.3,1
Cologne,8,38.9,12.8,800.0,0.9,4.8,6.4,0
Hamburg,8,37.9,16.3,1089.0,0.45,2.3,8.6,0
Berlin,12,54.8,13.3,1270.0,0.9,6.6,4.3,1
Frankfurt,7,31.3,6.3,800.0,0.35,2.3,5.8,0
Frankfurt,7,61.1,21.0,1508.0,0.9,6.2,3.1,1
Berlin,6,53.3,19.2,1328.0,0.9,5.2,4.2,1
Munich,7,55.9,22.7,1326.0,0.9,7.1,2.0,1
Munich,9,40.4,15.4,1524.0,0.42,2.1,9.7,0
Munich,5,43.5,10.9,882.0,0.45,1.0,9.0,0
Munich,9,30.7,10.9,1246.0,0.82,2.7,7.2,0
Cologne,9,39.8,15.1,1166.0,0.69,4.7,5.9,0
Cologne,4,49.9,11.0,938.0,0.61,5.2,5.3,0
Frankfurt,9,58.0,19.2,1713.0,0.9,7.6,1.0,1
Frankfurt,8,33.9,10.3,1152.0,0.78,4.0,5.3,0
Cologne,11,41.3,11.8,1046.0,0.85,3.3,5.3,0
Cologne,5,43.5,16.0,1280.0,0.26,1.0,9.4,0
Frankfurt,10,31.0,6.9,800.0,0.54,2.7,7.0,0
Berlin,11,50.9,18.2,1249.0,0.81,6.6,3.4,1
Cologne,3,37.8,14.3,1065.0,0.71,3.2,4.7,0
Berlin,9,43.0,17.6,1418.0,0.53,4.3,5.3,0
Hamburg,3,40.5,10.1,1086.0,0.73,4.7,6.4,0
Berlin,3,37.1,7.9,800.0,0.72,2.2,9.2,0
Berlin,3,44.9,15.8,1478.0,0.68,5.4,5.3,0
Cologne,1,42.8,13.4,1057.0,0.9,6.7,1.9,1
Hamburg,6,41.3,22.5,2046.0,0.63,3.9,7.4,0
Munich,3,37.7,13.9,1251.0,0.59,2.1,8.6,0
Berlin,10,48.2,16.2,1421.0,0.52,4.7,5.2,0
Hamburg,3,61.5,20.0,1795.0,0.73,2.8,5.2,1
Hamburg,9,46.4,11.8,1112.0,0.59,5.1,5.8,0
Cologne,7,55.0,20.0,1814.0,0.9,6.2,3.2,1
Hamburg,8,31.1,10.1,1237.0,0.81,5.6,4.7,0
Munich,1,46.6,15.3,1547.0,0.75,4.4,5.7,0
Cologne,8,34.0,11.6,1023.0,0.9,4.0,7.5,0
Berlin,8,30.2,10.7,800.0,0.39,1.7,8.1,0
Cologne,12,37.6,7.3,800.0,0.68,3.2,6.8,0
Berlin,12,56.9,21.5,1333.0,0.6,3.4,8.2,0
Cologne,8,54.5,15.6,1416.0,0.9,5.2,4.2,1
Hamburg,6,47.4,15.4,1020.0,0.89,4.3,6.5,0
Munich,10,29.7,13.7,1324.0,0.83,3.4,6.4,0
Cologne,5,43.0,19.7,1971.0,0.49,3.4,5.6,0
Frankfurt,4,48.0,10.9,800.0,0.59,4.9,5.1,0
Hamburg,11,46.8,15.7,1244.0,0.43,4.2,6.5,0
Cologne,9,26.6,9.7,800.0,0.69,2.2,9.2,0
Hamburg,7,36.1,7.5,800.0,0.61,3.7,7.7,0
Frankfurt,12,44.4,17.2,1354.0,0.61,4.5,5.2,0
Hamburg,1,50.4,17.1,1498.0,0.89,6.2,2.8,1
Hamburg,11,23.0,8.3,812.0,0.8,2.1,7.6,0
Cologne,1,43.4,11.7,967.0,0.47,3.8,5.0,0
Hamburg,1,46.4,16.7,1004.0,0.9,4.4,5.4,0
Cologne,4,53.5,20.3,1652.0,0.43,4.3,5.4,0
Munich,9,51.9,17.7,1117.0,0.49,4.7,6.1,0
Frankfurt,3,50.8,15.4,947.0,0.9,8.1,1.0,1
Berlin,10,37.0,11.0,800.0,0.61,2.3,6.9,0
Frankfurt,1,25.9,9.3,954.0,0.87,2.2,7.1,0
Hamburg,1,41.1,13.8,1216.0,0.65,3.5,7.7,0
Cologne,3,55.0,21.1,1749.0,0.9,5.1,3.8,1
Berlin,11,58.9,18.2,1284.0,0.61,5.4,4.8,1
Berlin,7,52.1,13.7,1020.0,0.85,5.6,4.2,1
Hamburg,8,49.3,17.5,1127.0,0.9,2.4,8.7,0
Berlin,4,48.8,14.8,1459.0,0.75,6.4,4.2,0
Cologne,12,39.4,15.5,1679.0,0.45,4.9,5.2,0
Hamburg,2,43.7,14.6,1278.0,0.36,2.5,6.9,0
Frankfurt,7,61.7,22.5,1949.0,0.85,2.8,5.4,1
Hamburg,9,35.6,8.8,800.0,0.6,2.1,8.2,0
Hamburg,10,61.1,20.8,1341.0,0.81,5.8,4.8,1
Berlin,6,41.8,11.8,800.0,0.9,8.0,1.0,1
Munich,2,58.3,15.8,1167.0,0.9,6.6,2.1,1
Berlin,9,30.9,7.7,800.0,0.54,1.0,9.3,0
Munich,7,50.9,15.3,1102.0,0.9,4.1,6.3,1
Hamburg,9,37.6,16.3,1312.0,0.67,3.7,5.3,0
Hamburg,11,30.8,8.6,800.0,0.78,3.5,6.0,0
Frankfurt,2,47.2,11.9,1387.0,0.36,2.7,5.4,0
Berlin,10,55.1,18.8,1228.0,0.55,5.3,6.1,0
Frankfurt,4,36.6,12.3,1159.0,0.84,2.6,6.1,0
Cologne,6,30.0,8.5,800.0,0.46,1.3,9.2,0
Hamburg,10,44.1,14.2,1229.0,0.64,4.8,5.2,0
Frankfurt,7,44.1,17.6,1513.0,0.88,5.6,5.7,0
Cologne,3,50.5,18.8,1539.0,0.87,6.3,2.9,1
Munich,10,54.5,19.9,1367.0,0.56,6.3,3.8,1
Berlin,11,44.4,11.3,834.0,0.84,3.7,4.6,0
Cologne,11,63.6,29.8,2421.0,0.9,7.4,1.0,1
Berlin,5,47.2,18.9,1533.0,0.9,5.2,5.4,0
Hamburg,11,41.5,15.4,1027.0,0.74,4.4,3.9,1
Munich,4,28.9,6.1,800.0,0.55,2.0,7.8,0
Hamburg,5,42.4,17.0,859.0,0.6,3.5,7.5,0
Cologne,6,41.6,12.4,940.0,0.42,4.3,6.5,0
Munich,6,54.6,17.6,1225.0,0.68,9.1,1.0,1
Cologne,7,49.6,11.5,956.0,0.55,5.4,3.0,0
Berlin,6,33.2,7.3,800.0,0.88,2.4,8.1,0
Hamburg,6,46.7,16.9,1070.0,0.9,3.4,7.9,0
Berlin,4,51.7,20.3,2091.0,0.72,4.4,4.9,1
Munich,2,60.3,22.1,1812.0,0.77,9.3,1.0,1
Frankfurt,10,53.9,19.9,1669.0,0.53,4.8,4.7,0
Berlin,7,52.6,17.3,1099.0,0.68,6.6,4.0,1
Munich,7,45.6,14.0,1109.0,0.9,4.0,7.2,0
Munich,11,48.9,17.2,1567.0,0.78,5.3,3.5,1
Cologne,3,57.5,21.6,1772.0,0.9,6.9,1.6,1
Berlin,5,31.7,10.6,874.0,0.62,2.3,10.0,0
Hamburg,6,41.5,17.5,1387.0,0.73,3.2,6.6,0
Berlin,10,37.3,11.8,800.0,0.88,6.2,4.0,0
Cologne,9,48.8,13.3,800.0,0.54,6.4,3.0,0
Munich,3,57.3,19.1,1759.0,0.81,6.9,3.6,1
Hamburg,3,39.0,13.3,1243.0,0.9,5.1,5.9,0
Frankfurt,5,21.1,6.8,800.0,0.63,2.8,7.5,0
Hamburg,2,40.9,17.5,1233.0,0.82,7.1,4.6,1
Berlin,3,54.1,20.5,1605.0,0.79,5.5,4.2,1
Hamburg,6,50.4,12.5,1246.0,0.72,5.9,3.8,1
Berlin,3,49.3,21.0,1437.0,0.65,2.8,7.5,0
Hamburg,1,42.2,5.8,800.0,0.43,3.0,7.5,0
Berlin,7,32.2,17.2,1258.0,0.85,1.4,8.8,0
Munich,7,50.2,15.9,1097.0,0.57,6.9,1.8,1
Munich,2,36.7,11.7,926.0,0.54,1.0,9.3,0
Berlin,5,66.8,22.1,1545.0,0.63,6.1,3.5,1
Berlin,9,50.7,18.1,1065.0,0.29,1.0,8.4,0
Frankfurt,3,39.2,13.1,1060.0,0.72,2.7,7.4,0
Berlin,8,38.9,12.6,1112.0,0.9,3.2,5.9,0
Cologne,4,44.1,18.6,1732.0,0.9,6.5,2.4,1
Berlin,3,42.6,15.9,1393.0,0.6,4.9,2.5,0
Munich,2,56.2,15.8,1661.0,0.71,4.4,7.4,1
Hamburg,9,46.9,17.8,1700.0,0.54,6.3,4.3,0
Munich,11,37.7,14.1,1278.0,0.71,3.8,6.1,0
Cologne,5,63.9,19.7,1667.0,0.58,6.4,2.9,1
Hamburg,9,45.5,17.5,1649.0,0.81,2.7,4.4,0
Munich,8,52.7,17.1,925.0,0.42,3.8,5.5,0
Berlin,3,38.9,12.3,889.0,0.34,2.7,8.1,0
Berlin,4,48.6,15.5,865.0,0.9,4.9,6.0,0
Hamburg,12,48.1,8.8,833.0,0.9,4.9,5.7,0
Frankfurt,6,26.1,7.1,800.0,0.5,4.9,5.2,0
Cologne,11,65.2,23.9,2512.0,0.72,7.1,4.2,1
Munich,10,57.9,19.2,1435.0,0.73,1.7,7.9,1
Munich,12,41.0,9.8,807.0,0.75,4.5,6.6,0
Cologne,5,34.0,14.2,1057.0,0.83,1.2,8.4,0
Munich,10,48.5,15.3,1123.0,0.6,3.4,5.7,0
Hamburg,10,45.9,11.6,800.0,0.37,3.4,5.6,0
Frankfurt,3,48.6,22.8,1568.0,0.4,3.9,5.1,0
Hamburg,5,46.9,12.5,800.0,0.67,2.6,8.0,0
Frankfurt,5,50.1,19.3,1655.0,0.9,5.3,3.9,1
Berlin,9,59.5,17.5,1316.0,0.87,3.8,5.1,1
Frankfurt,4,50.7,17.3,1771.0,0.9,5.6,5.1,1
Frankfurt,8,34.5,8.8,800.0,0.68,6.8,3.5,1
Frankfurt,4,58.6,15.8,1561.0,0.84,3.9,7.1,1
Munich,10,61.4,22.0,2077.0,0.9,5.7,4.8,1
Frankfurt,2,70.0,24.5,2219.0,0.86,3.2,6.0,1
Cologne,3,33.8,14.7,1222.0,0.59,2.9,7.2,0
Berlin,4,47.4,15.7,1189.0,0.86,5.7,4.4,0
Berlin,8,24.2,14.7,1433.0,0.71,3.5,5.6,0
Munich,9,50.5,17.6,1254.0,0.82,5.2,3.7,1
Hamburg,12,39.5,14.9,1244.0,0.63,5.3,4.0,0
Cologne,12,64.2,17.3,1378.0,0.9,10.0,2.0,1
Hamburg,6,37.3,10.6,800.0,0.9,6.3,3.3,1
Frankfurt,8,28.1,10.9,930.0,0.42,2.0,9.2,0
Hamburg,12,40.3,13.2,1202.0,0.56,1.9,7.7,0
Cologne,10,25.2,9.0,800.0,0.55,1.9,9.0,0
Munich,5,52.5,15.1,1296.0,0.84,3.8,7.1,1
Munich,5,24.3,8.5,800.0,0.76,3.1,7.8,0
Frankfurt,8,45.3,15.5,1026.0,0.62,2.8,7.6,0
Cologne,4,24.2,5.0,800.0,0.71,2.3,9.1,0
Munich,3,41.8,15.9,1340.0,0.63,5.4,4.9,0
Frankfurt,10,61.4,15.4,1404.0,0.64,6.0,5.7,1
Hamburg,2,48.6,16.8,1357.0,0.52,3.4,4.9,0
Cologne,12,36.4,17.4,1507.0,0.49,5.4,4.9,0
Munich,8,44.7,16.9,1323.0,0.7,1.7,8.6,0
Cologne,12,45.2,17.1,1448.0,0.9,4.0,5.0,0
Munich,12,49.7,13.9,1181.0,0.63,4.9,5.7,0
Munich,5,31.3,15.8,1158.0,0.9,3.2,5.4,0
Cologne,12,50.9,21.1,1617.0,0.83,5.4,4.0,1
Munich,6,20.0,5.0,800.0,0.48,2.9,5.1,0
Hamburg,9,38.7,11.5,1281.0,0.4,3.8,7.7,0
Frankfurt,3,40.1,17.1,1612.0,0.81,3.5,6.3,0
Berlin,4,51.3,22.5,1574.0,0.84,4.5,7.6,1
Cologne,12,45.2,11.3,800.0,0.52,3.6,7.2,0
Cologne,2,30.9,7.3,800.0,0.61,4.3,6.2,0
Frankfurt,6,35.2,11.3,923.0,0.87,2.5,6.9,0
Hamburg,9,47.0,9.1,800.0,0.59,6.0,3.0,0
Berlin,12,44.2,14.8,1432.0,0.9,4.4,6.1,0
Hamburg,2,39.2,16.6,1589.0,0.46,3.1,6.8,0
Cologne,5,40.2,9.1,800.0,0.74,4.9,3.7,1
Berlin,10,52.0,17.7,1371.0,0.7,4.1,4.4,1
Munich,1,39.8,11.5,1026.0,0.73,4.9,4.1,0
Cologne,12,44.1,19.6,1783.0,0.61,4.7,7.1,0
Hamburg,4,66.7,20.5,1752.0,0.64,5.8,6.4,1
Frankfurt,8,30.8,14.8,1099.0,0.83,3.9,6.3,0
Munich,3,26.5,7.0,800.0,0.54,3.5,6.7,0
Berlin,4,52.8,19.9,1372.0,0.9,7.0,2.6,1
Cologne,2,38.2,13.5,1118.0,0.9,5.3,3.8,1
Frankfurt,9,41.8,13.5,1207.0,0.9,4.9,6.5,0
Frankfurt,5,37.2,10.0,949.0,0.4,2.0,9.8,0
Hamburg,3,42.4,15.1,1439.0,0.9,7.9,1.2,1
Frankfurt,11,61.0,19.0,1817.0,0.76,4.0,5.9,1
Hamburg,11,53.0,15.6,973.0,0.71,6.7,2.8,1
Berlin,10,53.6,22.3,1864.0,0.74,6.0,3.6,1
Cologne,12,30.8,11.9,1042.0,0.44,1.3,9.9,0
Berlin,7,33.5,13.1,1033.0,0.68,3.2,5.5,0
Hamburg,11,20.0,5.5,800.0,0.78,1.9,8.6,0
Berlin,1,36.9,11.7,1228.0,0.9,5.6,5.1,0
Cologne,9,54.6,17.4,1278.0,0.85,4.4,5.5,1
Cologne,7,50.2,17.7,980.0,0.72,4.6,6.3,1
Frankfurt,1,42.8,16.2,1299.0,0.82,1.0,9.1,0
Hamburg,4,44.8,14.8,1139.0,0.89,7.1,4.1,1
Berlin,7,38.1,10.3,1198.0,0.6,2.2,6.3,0
Frankfurt,4,47.0,18.0,1535.0,0.9,5.2,4.5,0
Frankfurt,7,52.7,17.7,1351.0,0.57,5.1,4.8,0
Berlin,3,28.8,5.3,800.0,0.43,2.7,4.6,0
Hamburg,4,48.0,9.6,800.0,0.9,6.0,2.9,1
Hamburg,12,54.3,19.0,1964.0,0.9,7.9,1.2,1
Cologne,3,40.8,11.1,1025.0,0.47,4.5,6.5,0
Hamburg,4,52.0,18.6,1209.0,0.9,6.2,3.1,1
Frankfurt,12,70.0,21.0,1632.0,0.83,7.5,1.7,1
Cologne,10,44.0,15.1,1199.0,0.9,5.9,4.9,0
Munich,3,48.9,15.2,993.0,0.49,4.2,4.2,0
Cologne,10,37.6,17.8,1067.0,0.9,5.4,2.6,1
Frankfurt,10,46.8,18.5,1596.0,0.9,6.3,3.3,1
Berlin,5,49.6,20.6,1485.0,0.77,6.6,2.0,1
Berlin,4,46.9,15.7,1507.0,0.9,3.7,4.9,0
Berlin,3,34.8,14.1,1127.0,0.9,3.2,7.3,0
Frankfurt,5,47.1,16.0,1182.0,0.73,5.1,5.8,0
Cologne,10,59.6,24.3,1459.0,0.9,3.9,6.9,1
Berlin,9,49.5,16.3,1547.0,0.9,7.3,3.8,1
Hamburg,11,54.6,14.0,1180.0,0.6,5.4,5.8,1
Munich,1,42.6,8.2,800.0,0.47,4.7,3.2,0
Berlin,4,52.5,22.5,1622.0,0.62,4.4,6.1,1
Berlin,7,47.8,17.4,1709.0,0.63,2.8,6.7,0
Munich,4,35.5,13.5,864.0,0.39,2.6,6.6,0
Hamburg,8,48.2,20.5,1569.0,0.54,5.1,5.4,0
Munich,7,35.1,6.7,800.0,0.9,4.5,3.8,1
Berlin,5,38.7,11.8,1235.0,0.85,4.1,4.1,0
Berlin,10,46.9,14.9,1151.0,0.9,5.2,5.4,0
Cologne,4,48.0,18.2,1310.0,0.9,4.3,6.2,0
Frankfurt,8,33.1,9.0,800.0,0.63,4.1,6.1,0
Cologne,1,55.5,14.9,1374.0,0.9,7.8,1.3,1
Cologne,2,50.7,13.3,1288.0,0.62,6.1,4.6,1
Cologne,5,38.0,16.1,1013.0,0.78,5.0,5.7,0
Cologne,10,29.6,7.6,800.0,0.5,3.4,6.7,0
Cologne,7,43.6,12.9,800.0,0.4,2.1,6.7,0
Hamburg,9,40.5,15.4,1410.0,0.38,2.5,7.1,0
Frankfurt,3,46.1,13.3,1147.0,0.81,5.3,5.5,0
Frankfurt,5,41.4,8.7,800.0,0.9,4.1,7.2,0
Frankfurt,11,24.9,5.0,800.0,0.43,3.2,6.5,0
Hamburg,2,41.1,13.5,1150.0,0.83,6.6,3.1,1
Hamburg,6,41.9,15.5,1283.0,0.88,5.3,4.6,0
Hamburg,6,51.3,16.5,1285.0,0.85,7.0,3.3,1
Berlin,4,38.0,14.0,1116.0,0.9,3.9,5.5,0
Frankfurt,2,61.8,15.8,1184.0,0.55,5.0,2.1,1
Munich,8,25.9,5.0,800.0,0.34,2.5,8.7,0
Cologne,8,58.1,26.1,2336.0,0.66,4.6,7.2,1
Berlin,1,42.8,18.0,1338.0,0.86,6.6,2.8,1
Berlin,2,53.6,20.2,1508.0,0.68,6.5,2.4,1
Cologne,4,45.8,13.3,1037.0,0.57,5.4,4.5,0
Berlin,12,56.4,18.1,1732.0,0.9,7.5,2.3,1
Hamburg,12,41.1,13.7,1323.0,0.37,1.1,9.9,0
Berlin,1,34.0,15.3,1144.0,0.68,4.3,5.8,0
Frankfurt,6,59.2,20.9,1921.0,0.9,4.0,5.3,1
Frankfurt,11,43.9,16.2,1318.0,0.79,4.4,4.3,0
Munich,2,47.2,15.2,1050.0,0.71,4.3,6.6,0
Frankfurt,3,57.3,21.5,1624.0,0.75,6.7,3.9,1
Cologne,11,34.7,12.5,1272.0,0.7,3.8,7.3,0
Cologne,9,51.0,17.1,1786.0,0.9,7.1,1.9,1
Frankfurt,7,39.1,10.8,928.0,0.84,3.0,8.8,0
Hamburg,4,43.7,14.2,1024.0,0.86,5.4,2.8,1
Frankfurt,12,45.7,12.0,935.0,0.9,4.8,5.9,0
Hamburg,10,30.0,9.9,800.0,0.3,1.0,7.1,0
Cologne,1,37.2,12.7,890.0,0.33,2.3,6.9,0
Frankfurt,4,58.5,12.3,840.0,0.9,5.6,5.9,1
Munich,10,53.9,17.3,1365.0,0.71,7.1,3.8,1
Cologne,6,44.4,11.3,925.0,0.9,5.1,4.3,0
Munich,8,47.4,17.3,1355.0,0.67,3.0,6.5,0
Cologne,11,42.1,15.9,1230.0,0.69,4.0,6.1,0
Berlin,9,58.6,18.2,1612.0,0.9,8.9,1.6,1
Berlin,4,43.0,16.0,1232.0,0.87,4.5,6.8,0
Berlin,6,47.3,17.5,1371.0,0.83,4.2,5.3,0
Munich,2,56.5,18.1,1415.0,0.9,6.4,2.0,1
Hamburg,2,37.2,17.0,1670.0,0.75,4.9,5.3,0
Cologne,6,60.6,18.0,1343.0,0.9,5.4,4.2,1
Berlin,9,29.7,14.3,1264.0,0.9,3.7,5.0,0
Munich,3,61.3,19.8,1431.0,0.68,5.6,4.7,1
Cologne,4,41.3,11.2,968.0,0.9,5.2,4.6,0
Berlin,11,42.6,13.1,1160.0,0.9,4.5,5.8,0
Berlin,9,26.1,5.4,800.0,0.74,3.3,5.8,0
Berlin,9,40.5,15.8,1190.0,0.68,2.9,7.6,0
Munich,11,34.6,6.7,800.0,0.71,2.2,6.5,0
Hamburg,5,38.9,17.1,1215.0,0.56,5.3,3.9,0
Berlin,9,43.6,11.7,1132.0,0.46,4.2,5.5,0
Berlin,5,54.6,20.7,2073.0,0.9,5.9,5.9,1
Hamburg,5,47.1,15.8,1428.0,0.76,4.2,6.5,0
Hamburg,7,48.1,16.8,1095.0,0.58,6.2,4.9,0
Frankfurt,6,34.0,9.6,926.0,0.57,2.5,8.9,0
Berlin,10,36.2,13.1,861.0,0.55,3.4,10.0,0
Cologne,11,63.0,21.4,1642.0,0.9,7.5,2.6,1
Frankfurt,7,37.6,8.2,800.0,0.78,5.5,5.9,0
Cologne,10,61.6,17.6,1482.0,0.82,5.4,5.6,1
Hamburg,2,42.6,12.6,1018.0,0.7,7.2,3.8,1
Frankfurt,9,45.0,12.7,899.0,0.9,5.0,6.8,0
Munich,6,55.7,22.3,1998.0,0.9,4.0,5.6,1
Frankfurt,9,57.7,19.3,1435.0,0.9,6.3,3.2,1
Frankfurt,1,43.9,12.3,1234.0,0.69,3.8,6.5,0
Hamburg,2,41.1,12.2,800.0,0.9,4.8,5.1,0
Berlin,7,44.4,13.3,1107.0,0.53,4.4,5.9,0
Hamburg,12,48.4,15.3,976.0,0.52,4.9,6.6,0
Hamburg,2,53.9,14.7,1013.0,0.66,4.0,5.5,1
Hamburg,6,45.0,12.6,903.0,0.61,6.0,3.7,1
Cologne,2,51.2,19.4,1853.0,0.52,3.4,6.8,0
Munich,10,61.4,21.0,1943.0,0.77,4.5,5.3,1
Cologne,5,48.8,15.8,1440.0,0.71,5.4,2.7,1
Frankfurt,6,48.1,16.0,1290.0,0.9,7.2,2.2,1
Hamburg,7,29.8,9.8,822.0,0.46,2.5,8.2,0
Berlin,1,20.0,6.0,800.0,0.9,3.1,8.4,0
Hamburg,2,48.9,17.8,1568.0,0.74,6.5,2.3,1
Cologne,2,44.1,16.0,1285.0,0.79,5.6,3.2,1
Munich,1,39.9,8.6,983.0,0.46,3.5,6.5,0
Cologne,3,47.4,15.4,1396.0,0.7,3.1,4.8,0
Hamburg,12,44.4,10.3,871.0,0.83,1.1,8.4,0
Munich,6,56.3,20.7,1561.0,0.9,5.2,3.0,1
Berlin,12,45.9,17.6,1297.0,0.66,6.4,5.0,0
Cologne,11,37.5,10.7,800.0,0.57,2.1,7.2,0
Cologne,9,54.9,18.0,1527.0,0.78,6.5,5.1,1
Frankfurt,3,42.8,7.9,803.0,0.4,2.9,8.3,0
Munich,12,50.3,19.7,1285.0,0.9,5.2,4.2,1
Cologne,3,40.2,15.5,854.0,0.68,5.1,3.8,1
Frankfurt,2,38.5,16.3,1112.0,0.64,2.9,6.9,0
Berlin,2,45.8,19.7,1498.0,0.62,4.8,5.1,0
Cologne,7,45.1,11.4,1149.0,0.49,3.9,6.5,0
Cologne,4,49.8,19.3,1485.0,0.9,6.0,3.2,1
Hamburg,6,42.3,18.5,1534.0,0.45,4.6,6.2,0
Cologne,8,26.6,5.0,800.0,0.58,2.7,7.5,0
Berlin,5,40.7,13.0,839.0,0.9,6.4,3.3,1
Frankfurt,3,52.9,16.6,1616.0,0.7,6.3,3.0,1
Munich,2,42.0,16.6,1193.0,0.63,3.2,6.6,0
Berlin,6,42.5,7.0,872.0,0.74,4.1,5.1,0
Munich,11,54.9,23.7,1874.0,0.9,5.4,4.7,1
Berlin,12,37.9,12.3,916.0,0.85,3.9,6.2,0
Frankfurt,8,29.6,12.6,800.0,0.9,6.7,3.5,1
Hamburg,11,43.4,14.3,1182.0,0.86,4.9,6.9,0
Frankfurt,10,40.2,14.9,1640.0,0.41,1.0,8.9,0
Munich,4,35.3,5.0,800.0,0.51,2.7,8.3,0
Munich,2,43.2,13.3,1115.0,0.76,1.4,8.8,0
Cologne,3,49.9,19.2,1401.0,0.68,4.5,5.3,0
Hamburg,3,44.9,15.8,1385.0,0.5,1.5,8.4,0
Frankfurt,9,48.1,11.1,921.0,0.9,3.5,6.4,0
Frankfurt,10,63.1,21.2,1686.0,0.41,4.0,6.2,0
Munich,4,41.6,11.4,1011.0,0.75,4.7,4.3,0
Hamburg,6,47.8,13.2,800.0,0.9,4.8,3.8,1
Frankfurt,9,39.9,8.7,800.0,0.86,4.4,6.2,0
Hamburg,12,36.5,14.0,883.0,0.6,3.5,7.4,0
Hamburg,10,39.2,16.4,1317.0,0.61,1.8,8.9,0
Frankfurt,8,40.2,19.8,1436.0,0.44,4.8,5.4,0
Hamburg,12,48.6,11.8,811.0,0.9,7.7,3.0,1
Berlin,9,68.5,25.1,1744.0,0.9,7.5,3.3,1
Munich,6,37.8,15.1,1432.0,0.88,3.1,7.6,0
Hamburg,2,40.8,11.9,814.0,0.42,1.9,7.2,0
Hamburg,5,44.4,12.0,838.0,0.85,3.1,5.8,0
Berlin,10,49.0,13.1,1351.0,0.9,5.6,4.0,0
Cologne,3,47.6,14.3,1257.0,0.9,6.4,3.6,1
Hamburg,3,57.8,19.9,1184.0,0.75,6.2,3.6,1
Frankfurt,10,20.7,11.0,1156.0,0.58,3.3,4.8,0
Cologne,12,21.1,10.4,1158.0,0.78,3.2,8.5,0
Cologne,1,40.0,8.5,991.0,0.9,4.8,5.0,0
Berlin,11,56.0,16.3,1437.0,0.67,4.6,5.6,1
Frankfurt,4,29.3,13.7,874.0,0.9,3.2,8.0,0
Cologne,7,20.0,5.0,800.0,0.6,1.0,6.7,0
Hamburg,3,50.7,16.7,1049.0,0.9,5.1,4.4,1
Berlin,7,47.4,10.7,800.0,0.59,5.2,4.4,0
Berlin,6,34.1,14.8,964.0,0.9,5.9,3.7,1
Berlin,12,35.1,6.0,800.0,0.78,1.5,8.3,0
Munich,1,35.3,6.8,800.0,0.9,4.3,7.2,0
Cologne,5,46.1,18.5,1393.0,0.9,6.8,3.8,1
Frankfurt,11,38.7,18.7,1396.0,0.63,5.0,5.9,0
Frankfurt,6,49.9,15.8,1204.0,0.83,6.2,3.8,1
Munich,11,20.0,6.5,822.0,0.52,2.9,5.7,0
Hamburg,9,36.4,14.9,1622.0,0.69,5.6,2.3,1
Cologne,10,33.7,12.1,879.0,0.47,1.7,6.7,0
Berlin,6,42.4,13.0,1109.0,0.48,2.2,8.2,0
Munich,11,39.6,11.8,800.0,0.81,4.0,6.1,0
Munich,8,53.0,13.0,1190.0,0.69,2.1,7.7,1
Cologne,2,26.4,9.5,800.0,0.55,4.5,5.1,0
Frankfurt,1,45.5,14.9,1048.0,0.9,6.4,5.6,0
Cologne,1,50.6,15.5,1644.0,0.6,4.4,4.8,0
Frankfurt,7,63.6,18.2,1183.0,0.61,5.8,5.1,1
Cologne,8,40.2,10.7,800.0,0.84,3.9,6.1,0
Frankfurt,8,48.2,17.9,1582.0,0.66,4.9,5.0,0
Munich,12,27.0,11.6,857.0,0.69,2.9,8.3,0
Frankfurt,3,21.1,6.0,800.0,0.47,2.9,8.5,0
Cologne,5,53.4,16.5,1868.0,0.82,5.1,4.7,1
Hamburg,7,44.9,12.4,1140.0,0.62,5.9,4.9,0
Cologne,9,56.8,21.7,1727.0,0.62,6.3,4.0,1
Munich,5,31.3,10.5,800.0,0.54,2.2,7.8,0
Frankfurt,4,50.2,17.8,1516.0,0.9,7.0,3.2,1
Frankfurt,4,63.7,22.3,1438.0,0.52,4.3,5.0,0
Frankfurt,6,49.2,15.5,1135.0,0.51,4.8,4.9,0
Munich,9,47.8,12.4,987.0,0.53,6.2,3.2,0
Cologne,1,45.1,12.0,1006.0,0.62,3.4,7.5,0
Frankfurt,1,29.3,13.1,1023.0,0.54,3.4,6.5,0
Hamburg,1,58.6,17.3,1249.0,0.71,6.7,2.0,1
Hamburg,4,38.9,11.7,1123.0,0.9,2.6,6.7,0
Berlin,4,50.0,13.3,800.0,0.56,4.9,1.9,1
Hamburg,11,29.4,6.1,800.0,0.61,2.7,6.8,0
Berlin,8,33.2,8.8,800.0,0.9,2.5,7.5,0
Frankfurt,5,59.4,24.8,2190.0,0.69,9.4,1.0,1
Munich,10,41.5,15.8,1174.0,0.77,3.0,9.0,0
Munich,4,59.5,18.3,1549.0,0.8,7.5,3.1,1
Munich,8,44.2,18.0,1506.0,0.9,3.8,6.7,0
Frankfurt,7,26.6,8.4,800.0,0.8,1.0,7.3,0
Frankfurt,6,53.9,22.0,1750.0,0.71,5.5,4.1,1
Cologne,2,39.1,19.7,1225.0,0.58,4.9,4.6,0
Hamburg,5,52.0,20.4,1703.0,0.79,6.6,2.6,1
Frankfurt,12,45.3,15.4,1083.0,0.9,6.9,2.3,1
Hamburg,2,29.6,12.0,1194.0,0.74,7.4,1.0,1
Munich,6,46.6,15.6,1211.0,0.9,5.0,3.7,1
Hamburg,9,67.0,16.8,1191.0,0.9,5.7,5.2,1
Cologne,9,49.9,14.7,1414.0,0.64,5.7,4.2,0
Munich,6,44.4,12.0,800.0,0.88,4.0,5.5,0
Hamburg,4,55.8,16.6,1503.0,0.58,7.0,3.0,1
Cologne,10,47.1,21.1,1780.0,0.67,2.8,8.4,0
Hamburg,12,47.1,19.1,1452.0,0.83,8.3,1.7,1
Cologne,9,34.1,12.7,800.0,0.69,4.7,5.8,0
Hamburg,5,47.3,18.2,1706.0,0.59,2.2,6.9,0
Munich,8,55.4,12.8,1122.0,0.73,4.5,4.9,1
Munich,12,36.6,14.4,997.0,0.84,4.9,5.5,0
Berlin,9,59.2,22.6,1854.0,0.9,7.7,4.2,1
Cologne,5,44.1,8.0,839.0,0.9,2.5,8.9,0
Hamburg,6,36.1,14.3,1169.0,0.89,4.7,5.9,0
Hamburg,4,55.0,14.1,1172.0,0.74,2.6,7.6,1
Hamburg,12,42.1,8.1,857.0,0.64,4.1,7.3,0
Frankfurt,1,52.6,21.5,2028.0,0.62,6.9,3.9,1
Cologne,1,42.1,11.0,857.0,0.4,3.4,4.3,0
Hamburg,5,44.4,12.7,800.0,0.6,2.2,6.8,0
Berlin,3,49.9,19.6,1309.0,0.86,5.2,5.1,0
Munich,7,47.9,15.1,1066.0,0.78,3.9,4.3,0
Frankfurt,4,25.0,7.8,800.0,0.9,3.4,5.7,0
Frankfurt,4,33.8,10.7,800.0,0.53,2.1,7.2,0
Munich,4,54.3,19.1,1901.0,0.79,4.3,5.5,1
Frankfurt,6,43.7,13.9,1216.0,0.8,1.3,8.4,0
Berlin,9,39.8,13.6,983.0,0.65,4.2,5.5,0
Berlin,12,31.4,9.0,800.0,0.63,2.9,7.9,0
Munich,12,34.2,12.5,800.0,0.84,1.6,8.1,0
Cologne,9,24.8,9.2,968.0,0.67,2.8,6.8,0
Frankfurt,11,44.0,20.4,1239.0,0.9,5.9,2.7,1
Hamburg,5,39.0,11.9,1051.0,0.9,3.6,7.4,0
Hamburg,11,35.3,11.2,800.0,0.74,3.9,5.4,0
Berlin,8,44.3,15.5,1156.0,0.51,4.8,4.1,0
Cologne,4,48.6,19.1,1777.0,0.85,3.1,7.2,0
Cologne,12,65.9,18.7,1169.0,0.9,9.7,1.0,1
Frankfurt,8,29.9,10.3,800.0,0.38,2.3,7.2,0
Frankfurt,10,56.6,11.3,1033.0,0.86,6.6,3.6,1
Munich,9,54.7,17.4,1487.0,0.82,6.6,3.0,1
Berlin,12,37.2,15.6,1264.0,0.88,3.5,8.8,0
Munich,8,47.0,13.5,1179.0,0.65,5.6,4.3,0
Munich,8,40.4,14.0,998.0,0.68,4.4,6.2,0
Cologne,9,46.9,14.0,1509.0,0.69,2.6,5.5,0
Frankfurt,10,60.1,17.5,1074.0,0.79,5.5,3.6,1
Hamburg,8,51.1,19.9,1827.0,0.9,4.2,4.7,1
Munich,4,50.1,13.6,1123.0,0.9,4.3,4.7,1
Berlin,5,40.7,14.4,1279.0,0.35,2.1,8.3,0
Munich,10,30.2,11.0,1037.0,0.61,4.7,6.3,0
Hamburg,6,42.9,11.7,1051.0,0.54,6.7,3.7,0
Hamburg,5,57.1,19.5,1397.0,0.81,7.2,2.6,1
Berlin,9,29.7,7.1,800.0,0.84,4.9,4.5,0
Hamburg,2,34.4,13.0,800.0,0.63,2.9,8.2,0
Hamburg,6,46.3,11.5,858.0,0.42,3.7,8.4,0
Hamburg,10,35.2,10.7,920.0,0.43,2.3,7.8,0
Munich,2,37.1,11.6,1049.0,0.54,4.7,6.3,0
Berlin,11,40.8,16.9,1432.0,0.73,4.4,5.9,0
Munich,8,31.3,10.9,800.0,0.76,3.0,7.7,0
Berlin,8,35.3,14.6,1057.0,0.66,5.5,3.4,1
Hamburg,5,52.0,19.0,1388.0,0.57,5.8,3.7,1
Hamburg,12,31.9,12.3,800.0,0.78,1.9,8.5,0
Frankfurt,10,29.0,8.7,800.0,0.81,1.9,9.3,0
Hamburg,8,38.7,16.0,1277.0,0.61,4.9,4.3,0
Berlin,5,52.3,16.4,1592.0,0.79,6.8,1.2,1
Cologne,4,43.0,9.2,800.0,0.51,5.1,4.4,0
Berlin,9,40.4,12.8,800.0,0.68,6.9,4.1,0
Hamburg,8,45.4,16.5,1201.0,0.9,7.0,1.4,1
Hamburg,4,27.5,5.0,800.0,0.59,3.4,5.4,0
Cologne,2,49.9,14.0,1364.0,0.75,3.7,6.4,0
Hamburg,2,48.8,12.6,990.0,0.9,2.9,7.0,0
Frankfurt,2,40.9,16.0,990.0,0.81,3.5,7.1,0
Cologne,11,55.1,23.4,1623.0,0.8,6.6,2.1,1
Munich,12,33.7,10.6,887.0,0.73,6.1,3.6,1
Frankfurt,10,56.3,20.4,1827.0,0.63,6.3,4.9,1
Berlin,12,46.5,17.0,1726.0,0.9,6.4,2.4,1
Frankfurt,8,41.6,18.5,1247.0,0.46,3.8,7.7,0
Frankfurt,6,44.8,13.0,1066.0,0.51,5.4,3.5,0
Hamburg,1,43.9,14.0,913.0,0.54,5.6,5.2,0
Munich,12,57.2,18.0,1264.0,0.48,2.8,6.9,0
Cologne,10,34.2,11.6,800.0,0.72,2.8,6.1,0
Frankfurt,4,37.4,20.0,1531.0,0.9,5.2,4.3,0
Hamburg,3,55.4,18.5,1307.0,0.9,5.9,4.6,1
Frankfurt,10,39.0,10.5,1332.0,0.74,2.1,7.9,0
Munich,11,54.0,14.5,1071.0,0.38,1.8,9.4,0
Cologne,7,62.0,24.4,2151.0,0.65,5.7,5.8,1
Hamburg,10,41.0,11.1,800.0,0.48,4.0,4.8,0
Frankfurt,5,51.8,19.3,1988.0,0.46,3.9,4.9,0
Munich,1,33.5,9.1,800.0,0.72,3.6,5.1,0
Berlin,12,52.5,13.7,1265.0,0.9,6.0,3.1,1
Berlin,6,47.0,17.5,1280.0,0.9,5.7,5.4,0
Munich,4,49.7,14.7,1370.0,0.75,1.4,9.1,0
Cologne,10,38.5,14.1,1197.0,0.6,1.9,7.6,0
Frankfurt,6,28.4,11.0,801.0,0.6,2.4,7.6,0
Frankfurt,7,50.0,18.3,1249.0,0.9,5.9,5.5,1
Munich,9,24.4,7.3,800.0,0.79,3.2,8.7,0
Frankfurt,1,41.8,16.0,1215.0,0.72,4.9,5.4,0
Cologne,6,54.4,15.4,1403.0,0.64,4.9,2.5,1
Munich,11,46.9,8.3,800.0,0.47,4.2,6.1,0
Berlin,8,64.5,23.6,1505.0,0.9,5.4,5.6,1
Berlin,4,55.3,18.9,1642.0,0.64,6.7,3.5,1
Hamburg,10,38.5,11.0,1138.0,0.63,2.5,8.3,0
Berlin,9,45.3,10.7,800.0,0.87,5.8,4.6,0
Frankfurt,4,44.5,8.7,1060.0,0.88,4.8,4.0,0
Cologne,4,29.2,9.9,1070.0,0.39,2.9,6.3,0
Cologne,12,35.6,16.8,1219.0,0.34,2.6,7.1,0
Hamburg,9,39.4,12.7,800.0,0.72,1.9,9.2,0
Frankfurt,4,24.6,7.1,800.0,0.55,1.5,7.7,0
Munich,9,45.5,15.1,933.0,0.51,4.1,6.4,0
Hamburg,1,42.5,20.7,1523.0,0.84,1.0,9.3,0
Frankfurt,8,28.3,11.7,800.0,0.8,2.5,9.1,0
Munich,2,49.0,13.5,1085.0,0.86,6.3,3.7,1
Berlin,8,52.2,17.5,1691.0,0.9,6.1,2.2,1
Berlin,5,47.3,16.8,1415.0,0.49,4.0,6.7,0
Munich,1,41.8,10.8,1064.0,0.9,4.2,7.9,0
Hamburg,1,50.9,19.2,1470.0,0.9,4.3,6.5,1
Munich,6,51.8,14.8,1205.0,0.86,5.4,3.8,1
Frankfurt,1,48.1,11.5,800.0,0.9,7.1,1.8,1
Munich,2,36.8,12.5,979.0,0.88,5.1,3.9,1
Frankfurt,11,47.8,15.7,1105.0,0.88,5.6,6.4,0
Frankfurt,3,57.0,19.0,1486.0,0.71,5.0,4.7,1
Berlin,11,39.0,10.7,812.0,0.78,5.0,4.3,0
Frankfurt,11,66.0,20.1,1547.0,0.57,4.1,5.8,0
Cologne,2,39.7,16.6,1752.0,0.65,3.6,6.1,0
Berlin,9,45.3,16.4,1668.0,0.73,5.4,6.2,0
Berlin,10,38.3,9.9,1074.0,0.62,4.9,4.0,0
Munich,12,47.2,9.9,1150.0,0.9,5.7,5.5,0
Frankfurt,6,27.6,6.4,800.0,0.61,3.2,6.9,0
Munich,9,39.5,13.7,1088.0,0.71,3.7,7.5,0
Frankfurt,5,34.1,9.5,800.0,0.5,4.2,7.4,0
Berlin,4,46.4,13.3,1113.0,0.65,3.2,6.9,0
Cologne,12,54.9,16.5,1282.0,0.87,4.2,5.5,1
Berlin,2,51.5,16.9,1147.0,0.73,5.2,4.8,1
Hamburg,4,21.3,9.4,815.0,0.65,2.4,7.5,0
Munich,8,65.4,21.8,1431.0,0.81,3.8,4.5,1
Cologne,2,48.0,16.2,1321.0,0.71,5.5,6.1,0
Munich,12,37.2,11.7,800.0,0.66,4.9,5.4,0
Frankfurt,8,46.6,14.0,1106.0,0.48,4.5,4.3,0
Munich,2,46.8,18.3,1500.0,0.9,8.2,1.0,1
Berlin,1,38.3,15.0,1130.0,0.76,2.8,4.9,0
Berlin,4,47.0,21.8,1416.0,0.76,4.2,6.6,0
Munich,7,38.9,14.8,947.0,0.54,3.3,6.1,0
Frankfurt,2,41.0,12.2,1064.0,0.56,4.0,5.6,0
Frankfurt,11,38.1,10.0,800.0,0.46,3.3,7.2,0
Cologne,3,30.7,13.1,1159.0,0.28,1.0,8.5,0
Berlin,12,46.5,13.0,1045.0,0.65,3.8,6.7,0
Munich,6,50.9,19.4,1511.0,0.54,4.9,5.2,0
Cologne,2,50.1,14.4,1224.0,0.9,6.9,3.1,1
Hamburg,9,53.2,18.8,1367.0,0.9,8.6,1.0,1
Cologne,6,48.2,12.9,1112.0,0.59,6.8,2.4,0
Hamburg,6,39.7,15.6,1161.0,0.88,2.8,7.8,0
Hamburg,12,53.4,14.1,1635.0,0.81,4.3,5.0,1
Cologne,8,31.4,11.3,800.0,0.86,2.9,8.3,0
Berlin,1,36.0,11.4,841.0,0.61,6.3,6.1,0
Cologne,10,35.4,12.1,904.0,0.9,3.3,7.4,0
Cologne,3,55.8,17.4,1123.0,0.9,3.6,7.9,1
Berlin,2,54.4,16.9,1496.0,0.9,4.7,6.0,1
Berlin,1,49.9,17.1,1281.0,0.9,6.1,3.3,1
Berlin,11,55.7,15.6,800.0,0.58,6.6,3.6,1
Berlin,12,36.2,9.0,863.0,0.5,3.3,8.7,0
Berlin,11,48.5,15.1,1080.0,0.9,5.9,3.6,1
Berlin,6,43.7,13.4,1050.0,0.39,1.0,8.0,0
Cologne,4,53.5,14.8,1320.0,0.68,5.5,3.4,1
Munich,6,43.8,17.4,1318.0,0.51,5.7,4.1,0
Munich,8,41.2,12.7,942.0,0.72,2.9,6.1,0
Munich,7,50.4,16.1,1783.0,0.73,3.8,7.9,1
Cologne,12,53.8,13.9,800.0,0.9,2.6,7.6,1
Berlin,3,38.3,19.0,1262.0,0.9,6.2,4.8,0
Hamburg,3,44.4,22.1,1548.0,0.67,3.4,6.3,0
Berlin,6,34.4,9.1,1088.0,0.76,3.8,5.1,0
Frankfurt,1,20.0,10.4,800.0,0.59,2.9,5.8,0
Berlin,3,47.0,15.4,1279.0,0.63,7.0,2.1,1
Munich,8,51.1,21.8,1652.0,0.9,4.9,5.5,1
Berlin,3,47.6,16.9,1471.0,0.73,4.0,6.6,0
Berlin,1,25.5,8.8,800.0,0.6,2.8,7.8,0
Frankfurt,10,41.5,6.3,800.0,0.54,6.1,2.4,0
Hamburg,12,22.8,5.0,800.0,0.7,2.0,8.0,0
Hamburg,9,58.7,19.6,1658.0,0.66,4.4,4.5,1
Munich,2,34.1,12.0,811.0,0.41,1.1,9.3,0
Hamburg,7,57.6,15.5,1306.0,0.9,3.9,6.6,1
Munich,8,54.5,16.0,1761.0,0.65,6.7,2.1,1
Cologne,3,36.0,13.7,1206.0,0.66,3.1,7.8,0
Frankfurt,7,33.7,7.1,800.0,0.8,2.5,9.9,0
Berlin,10,48.5,16.6,1051.0,0.9,3.8,7.1,0
Frankfurt,4,36.6,15.9,1417.0,0.88,3.8,6.1,0
Hamburg,2,46.0,16.5,1494.0,0.9,4.2,5.4,0
Berlin,4,40.2,14.4,1214.0,0.47,3.6,6.2,0
Frankfurt,8,27.2,5.0,800.0,0.9,4.7,4.5,0
Frankfurt,2,22.7,5.1,974.0,0.44,4.6,5.7,0
Munich,6,47.3,21.9,1925.0,0.47,2.3,6.5,0
Cologne,10,39.4,11.3,1154.0,0.47,4.4,3.7,0
Frankfurt,3,39.5,16.9,1369.0,0.9,2.8,7.4,0
Berlin,3,52.0,15.5,1213.0,0.7,4.8,5.2,1
Cologne,6,56.7,18.1,1573.0,0.7,6.1,3.3,1
Cologne,3,42.3,15.6,1225.0,0.5,3.9,4.8,0
Berlin,2,41.6,14.2,1123.0,0.52,4.5,5.8,0
Cologne,2,50.0,17.8,1518.0,0.87,6.0,3.0,1
Hamburg,3,31.4,8.0,800.0,0.41,3.6,6.3,0
Cologne,2,47.2,12.3,1031.0,0.74,3.8,8.0,0
Munich,6,50.5,14.2,1151.0,0.87,4.1,6.5,1
Cologne,4,51.8,15.7,1447.0,0.71,3.0,5.6,1
Frankfurt,1,25.6,7.9,800.0,0.76,1.3,7.4,0
Cologne,3,37.4,15.6,846.0,0.69,6.7,3.5,1
Munich,10,36.2,12.3,925.0,0.37,2.4,6.2,0
Munich,11,46.0,16.8,1422.0,0.77,2.8,5.2,0
Cologne,3,49.8,17.0,1555.0,0.9,5.5,5.1,0
Hamburg,4,60.0,16.6,1193.0,0.79,5.8,4.5,1
Cologne,6,40.1,13.4,1181.0,0.88,3.7,6.7,0
Berlin,1,40.0,13.7,1326.0,0.78,6.1,4.1,0
Munich,2,56.5,21.1,1839.0,0.64,6.5,3.5,1
Cologne,10,48.0,12.8,864.0,0.68,4.0,5.3,0
Hamburg,3,57.7,13.1,912.0,0.59,5.1,5.4,0
Hamburg,5,47.9,16.5,1406.0,0.68,4.0,7.5,0
Hamburg,11,33.4,12.2,1301.0,0.52,4.7,4.8,0
Frankfurt,12,31.7,10.0,804.0,0.45,2.7,6.3,0
Frankfurt,7,29.5,9.9,800.0,0.78,1.0,7.9,0
Frankfurt,1,51.6,19.8,1314.0,0.52,5.1,4.0,0
Berlin,12,56.9,17.6,1334.0,0.5,3.4,6.8,0
Berlin,2,63.5,20.3,1483.0,0.9,9.6,1.0,1
Cologne,4,53.4,18.0,1449.0,0.74,3.9,6.5,1
Frankfurt,10,56.6,15.2,915.0,0.82,5.4,5.2,1
Frankfurt,1,39.2,12.6,943.0,0.9,4.3,3.9,1
Berlin,11,33.4,11.0,800.0,0.66,2.9,6.1,0
Hamburg,1,53.5,22.7,2008.0,0.58,4.9,5.2,0
Hamburg,11,49.2,15.5,1068.0,0.73,5.6,4.3,0
Munich,9,46.1,16.0,1162.0,0.9,6.9,3.6,1
Cologne,6,48.9,19.0,1580.0,0.9,6.0,3.8,1
Cologne,2,48.2,13.6,994.0,0.72,7.0,4.2,1
Frankfurt,10,57.8,23.4,2344.0,0.57,4.2,5.5,0
Berlin,7,57.9,24.6,2155.0,0.71,6.3,2.7,1
Cologne,10,50.4,16.7,1342.0,0.82,5.3,3.7,1
Hamburg,6,53.5,16.2,1370.0,0.66,5.9,4.9,1
Berlin,11,50.1,21.6,1257.0,0.9,7.1,3.0,1
Frankfurt,6,40.4,15.8,1514.0,0.9,3.7,6.9,0
Frankfurt,8,52.6,17.8,1524.0,0.84,4.6,6.0,1
Cologne,10,31.1,14.6,1156.0,0.9,3.9,4.1,0
Cologne,3,55.5,22.5,1911.0,0.52,2.9,6.0,0
Munich,10,33.1,10.0,938.0,0.84,3.0,6.0,0
Cologne,2,47.9,16.7,1253.0,0.84,4.6,4.6,0
Cologne,9,36.5,13.9,1189.0,0.47,2.3,7.3,0
Hamburg,5,50.5,16.9,1564.0,0.72,6.6,4.4,1
Hamburg,6,44.7,10.7,948.0,0.64,2.9,8.3,0
Berlin,11,29.1,6.9,800.0,0.81,2.7,7.0,0
Cologne,7,49.2,12.3,1046.0,0.9,5.4,4.4,0
Cologne,2,39.2,14.6,1441.0,0.88,6.0,3.3,1
Frankfurt,11,53.8,14.4,1308.0,0.9,5.4,4.7,1
Hamburg,6,45.0,15.6,1014.0,0.65,5.9,4.3,0
Frankfurt,12,49.0,21.8,1862.0,0.9,5.9,4.9,0
Cologne,1,35.4,16.1,1378.0,0.75,3.7,7.1,0
Hamburg,9,39.1,7.5,835.0,0.45,2.3,5.4,0
Cologne,12,40.4,9.6,800.0,0.86,1.9,8.0,0
Munich,6,53.6,15.5,1168.0,0.78,5.5,5.9,1
Frankfurt,11,61.8,17.1,1093.0,0.9,5.4,4.2,1
Hamburg,7,36.9,7.4,800.0,0.77,5.1,6.1,0
Hamburg,12,55.8,18.6,1726.0,0.9,6.7,3.0,1
Cologne,5,23.3,9.9,830.0,0.39,2.1,8.1,0
Cologne,2,33.1,13.9,1091.0,0.61,1.6,7.3,0
Berlin,4,35.4,10.4,1090.0,0.43,4.3,4.6,0
Berlin,12,31.5,9.7,992.0,0.4,1.6,9.1,0
Frankfurt,5,29.2,10.8,800.0,0.46,1.8,9.1,0
Hamburg,11,49.1,16.1,1524.0,0.66,3.4,6.6,0
Cologne,10,42.9,16.7,1006.0,0.9,4.1,4.7,0
Frankfurt,2,48.8,17.6,1496.0,0.81,6.6,3.4,1
Hamburg,9,51.9,16.2,1362.0,0.8,5.2,6.1,1
Cologne,2,47.7,10.3,1055.0,0.9,4.1,7.6,0
Berlin,2,51.6,21.7,1811.0,0.8,2.9,6.8,1
Hamburg,2,44.3,12.7,968.0,0.49,5.3,3.1,0
Cologne,2,33.1,12.1,936.0,0.41,2.1,8.7,0
Frankfurt,5,55.6,12.8,1561.0,0.51,5.7,4.0,1
Frankfurt,7,39.1,13.0,1057.0,0.41,3.4,7.6,0
Munich,1,35.6,12.2,1094.0,0.64,4.8,5.5,0
Hamburg,12,43.2,14.9,800.0,0.84,4.1,5.0,0
Frankfurt,9,35.9,21.0,1514.0,0.52,3.5,6.6,0
Hamburg,11,40.8,11.7,1041.0,0.68,4.8,6.5,0
Frankfurt,6,48.4,18.6,1166.0,0.84,8.0,1.8,1
Hamburg,12,48.5,17.7,1528.0,0.86,6.2,2.8,1
Hamburg,1,36.0,10.0,800.0,0.9,3.5,4.9,0
Hamburg,1,40.1,15.8,1057.0,0.9,4.0,5.2,0
Munich,9,55.7,18.1,1301.0,0.8,4.8,4.8,1
Berlin,9,50.0,19.3,1848.0,0.68,3.6,7.2,0
Hamburg,1,65.8,27.8,2291.0,0.9,5.7,3.1,1
Berlin,1,56.8,19.4,1369.0,0.83,4.5,7.0,1
Berlin,5,56.4,18.0,1593.0,0.85,6.6,2.0,1
Berlin,5,31.1,13.5,1248.0,0.72,1.5,10.0,0
Frankfurt,7,52.6,21.7,1663.0,0.86,7.3,4.5,1
Cologne,4,44.5,12.2,1166.0,0.9,5.6,4.6,0
Berlin,10,39.5,11.8,1146.0,0.43,4.0,4.4,0
Hamburg,1,46.7,17.6,1577.0,0.7,4.7,5.3,0
Cologne,6,54.5,17.8,1286.0,0.67,4.6,5.0,1
Frankfurt,10,50.0,13.8,869.0,0.9,5.4,3.3,1
Munich,3,36.2,13.7,800.0,0.58,5.3,5.0,0
Berlin,7,52.4,19.5,1428.0,0.67,4.2,5.0,1
Berlin,1,38.6,11.9,876.0,0.7,1.6,7.7,0
Frankfurt,4,47.2,15.9,1215.0,0.85,5.8,4.0,0
Hamburg,10,42.0,12.3,971.0,0.76,4.7,4.7,0
Hamburg,12,42.8,11.0,1225.0,0.59,2.6,9.5,0
Cologne,9,52.7,16.1,1217.0,0.86,4.2,5.3,1
Cologne,10,34.6,11.8,931.0,0.7,2.2,8.3,0
Hamburg,6,64.5,17.1,1001.0,0.9,5.4,4.8,1
Munich,2,26.8,7.7,1058.0,0.75,2.2,8.2,0
Hamburg,6,39.0,13.3,800.0,0.46,3.5,6.9,0
Munich,9,48.7,19.8,1444.0,0.77,3.9,7.0,0
Frankfurt,11,50.8,16.0,1420.0,0.42,3.9,6.3,0
Munich,1,44.0,10.9,923.0,0.64,4.1,6.2,0
Frankfurt,12,44.4,14.2,1463.0,0.68,4.7,5.4,0
Berlin,5,49.1,14.7,1318.0,0.9,4.4,5.4,0
Hamburg,8,42.7,15.9,1255.0,0.61,6.0,3.1,1
Cologne,7,58.9,18.6,1699.0,0.9,6.7,3.3,1
Berlin,10,53.4,9.7,1006.0,0.46,3.0,7.3,0
Cologne,2,53.7,29.0,2187.0,0.9,6.2,4.2,1
Munich,8,35.3,12.2,1169.0,0.74,4.4,5.7,0
Hamburg,9,44.2,15.0,1156.0,0.81,3.8,6.0,0
Hamburg,10,42.0,9.4,800.0,0.69,2.0,8.0,0
Hamburg,8,34.9,7.3,800.0,0.56,3.5,5.9,0
Berlin,12,48.6,15.9,1198.0,0.9,4.8,5.5,0
Frankfurt,6,39.6,14.2,1050.0,0.69,2.3,7.5,0
Munich,9,51.6,19.3,1740.0,0.66,3.0,7.2,1
Berlin,8,34.3,12.1,800.0,0.68,3.3,7.7,0
Berlin,4,62.2,17.2,1161.0,0.9,5.9,3.4,1
Frankfurt,12,36.0,5.0,800.0,0.38,3.0,7.6,0
Cologne,6,47.2,15.4,1220.0,0.66,4.6,5.4,0
Cologne,5,52.9,16.0,1481.0,0.89,3.6,8.4,1
Hamburg,10,39.3,9.3,816.0,0.39,3.3,6.5,0
Berlin,9,53.5,20.3,1359.0,0.89,6.2,4.5,1
Frankfurt,11,32.7,6.2,800.0,0.58,2.7,7.3,0
Frankfurt,4,59.5,21.7,1842.0,0.49,3.4,5.2,0
Cologne,1,45.1,10.8,912.0,0.76,3.8,5.7,0
Frankfurt,11,39.0,13.4,979.0,0.81,2.3,8.6,0
Cologne,9,42.0,16.8,1290.0,0.71,4.6,5.0,0
Cologne,11,53.1,16.7,1223.0,0.58,5.8,2.0,1
Berlin,9,39.2,18.1,1185.0,0.46,1.4,8.5,0
Munich,7,37.5,18.3,1168.0,0.9,4.9,4.0,0
Hamburg,5,42.8,15.0,1276.0,0.4,2.6,7.5,0
Munich,11,33.2,12.7,842.0,0.58,5.7,5.9,0
Frankfurt,7,63.2,24.3,2055.0,0.9,6.2,4.5,1
Munich,9,39.3,14.7,1061.0,0.83,2.1,9.5,0
Munich,3,53.3,19.1,1264.0,0.81,3.6,5.8,1
Cologne,5,47.1,14.1,1048.0,0.55,5.2,4.6,0
Berlin,3,35.2,6.7,951.0,0.49,2.9,6.0,0
Frankfurt,8,44.9,10.8,846.0,0.53,4.3,5.0,0
Hamburg,11,52.8,24.8,2110.0,0.9,7.7,1.4,1
Cologne,1,43.1,15.3,1261.0,0.6,3.3,5.4,0
Hamburg,4,56.9,18.2,1178.0,0.52,5.8,5.6,0
Berlin,7,55.2,22.2,2065.0,0.76,7.7,1.0,1
Munich,9,54.2,15.8,1216.0,0.9,5.8,5.5,1
Munich,10,40.4,15.2,955.0,0.76,1.6,9.6,0
Berlin,11,34.2,11.6,828.0,0.79,4.2,6.3,0
Frankfurt,2,38.9,14.3,1106.0,0.36,2.1,6.7,0
Cologne,9,47.0,14.6,1321.0,0.9,6.8,1.6,1
Munich,6,50.5,13.9,978.0,0.71,3.8,5.6,1
Berlin,7,23.3,5.3,947.0,0.84,6.8,3.8,1
Cologne,4,44.9,12.6,822.0,0.9,6.7,3.3,1
Cologne,5,46.6,15.5,1364.0,0.38,3.5,5.5,0
Berlin,1,42.2,9.4,800.0,0.75,4.3,6.9,0
Munich,4,57.9,15.6,1220.0,0.9,6.9,4.8,1
Frankfurt,8,49.2,16.8,1418.0,0.54,6.1,3.7,0
Munich,6,58.1,19.0,1295.0,0.74,6.5,3.6,1
Munich,7,42.8,14.9,1488.0,0.9,6.2,2.3,1
Munich,1,54.4,18.0,1526.0,0.59,5.3,4.3,0
Munich,7,61.4,28.0,2177.0,0.8,5.6,4.9,1
Hamburg,6,58.1,19.8,1665.0,0.9,5.3,5.1,1
Berlin,4,34.1,10.2,800.0,0.67,4.7,4.8,0
Frankfurt,2,42.5,14.5,1407.0,0.68,4.8,4.9,0
Frankfurt,12,41.5,16.9,1556.0,0.47,4.6,5.0,0
Hamburg,2,49.9,16.5,1393.0,0.62,6.2,3.5,1
Frankfurt,7,51.9,19.3,1670.0,0.83,2.1,8.3,1
Hamburg,3,36.6,13.4,800.0,0.9,4.1,3.9,1
Hamburg,2,45.7,14.4,1442.0,0.63,4.9,5.0,0
Frankfurt,10,24.8,8.6,800.0,0.68,5.0,5.4,0
Frankfurt,3,59.4,24.6,2173.0,0.65,3.6,5.8,1
Munich,10,39.9,14.0,1272.0,0.72,6.3,3.2,1
Hamburg,2,45.6,12.2,1180.0,0.83,4.7,4.9,0
Cologne,11,41.9,13.0,831.0,0.45,4.9,4.6,0
Berlin,3,56.5,12.5,814.0,0.9,8.2,1.8,1
Munich,5,20.0,7.1,1016.0,0.52,2.8,7.3,0
Hamburg,10,44.8,18.9,1207.0,0.9,5.1,2.8,1
Munich,10,43.9,10.6,800.0,0.71,4.8,5.9,0
Munich,10,40.5,13.9,1124.0,0.83,3.3,6.4,0
Berlin,5,62.3,23.7,1906.0,0.9,6.2,5.7,1
Frankfurt,7,36.1,15.3,1117.0,0.51,2.5,6.3,0
Frankfurt,10,52.7,21.4,1836.0,0.84,5.2,3.9,1
Berlin,11,48.6,10.6,1027.0,0.63,1.4,8.4,0
Munich,3,57.6,20.7,1654.0,0.81,6.4,4.0,1
Hamburg,11,38.3,8.3,800.0,0.66,3.7,4.4,0
Frankfurt,3,37.7,9.6,800.0,0.55,3.3,5.9,0
Cologne,7,56.0,21.1,1590.0,0.68,5.9,4.7,1
Hamburg,6,49.3,16.9,1012.0,0.67,2.8,6.3,0
Munich,6,29.6,12.0,1023.0,0.51,5.8,5.5,0
Cologne,4,39.6,10.4,986.0,0.9,3.8,5.7,0
Hamburg,11,48.9,20.7,1626.0,0.82,4.7,4.4,0
Berlin,4,53.4,19.9,1136.0,0.66,3.9,6.7,1
Cologne,2,38.2,15.4,1118.0,0.43,3.9,7.8,0
Munich,11,20.0,5.0,800.0,0.78,4.1,6.3,0
Cologne,6,50.2,20.3,1333.0,0.54,6.6,4.7,0
Berlin,10,32.8,10.0,938.0,0.84,4.6,7.1,0
Frankfurt,11,24.8,6.4,800.0,0.41,3.3,5.8,0
Frankfurt,3,20.0,8.5,800.0,0.67,1.5,9.5,0
Frankfurt,6,53.1,19.5,1420.0,0.6,3.1,5.3,1
Berlin,12,46.3,12.9,804.0,0.81,4.3,6.1,0
Hamburg,3,42.7,20.4,1920.0,0.48,3.9,6.0,0
Berlin,3,58.9,25.1,2169.0,0.64,7.5,3.8,1
Cologne,1,51.4,18.9,1644.0,0.63,5.6,5.6,1
Hamburg,5,61.2,21.7,1916.0,0.87,8.5,2.0,1
Frankfurt,2,31.1,11.3,1008.0,0.6,4.9,5.4,0
Berlin,10,44.7,10.2,1008.0,0.44,3.8,6.7,0
Munich,12,28.8,9.9,800.0,0.45,1.0,9.1,0
Frankfurt,2,42.7,14.5,1438.0,0.9,6.3,3.6,1
Munich,9,42.5,12.4,1253.0,0.86,6.3,5.2,0
Hamburg,2,51.3,16.2,1369.0,0.9,3.1,8.5,1
Frankfurt,11,45.5,8.0,800.0,0.8,6.8,3.0,1
Berlin,2,51.2,13.8,858.0,0.68,5.7,4.5,1
Munich,6,52.0,20.1,1655.0,0.89,5.4,4.6,1
Berlin,10,66.5,27.4,2527.0,0.9,9.1,1.0,1
Frankfurt,11,41.8,11.1,800.0,0.88,6.2,3.5,1
Berlin,1,35.6,12.4,1197.0,0.9,4.5,7.1,0
Frankfurt,8,47.5,19.1,1435.0,0.77,5.5,3.8,1
Cologne,1,37.0,10.8,800.0,0.73,4.6,7.5,0
Berlin,9,59.8,22.0,1522.0,0.9,5.4,5.8,1
Cologne,4,42.2,14.0,966.0,0.86,4.1,6.3,0
Munich,12,39.3,16.7,1464.0,0.64,2.6,8.0,0
Berlin,3,40.3,9.6,921.0,0.42,3.5,5.6,0
Berlin,7,52.2,14.1,1174.0,0.9,4.7,5.1,1
Munich,8,43.4,15.3,1125.0,0.6,3.4,8.1,0
Berlin,12,38.6,13.1,831.0,0.59,4.1,5.3,0
Frankfurt,5,61.7,20.4,1643.0,0.9,5.7,5.4,1
Cologne,3,36.4,13.9,1037.0,0.9,4.4,4.2,0
Hamburg,4,45.4,12.3,1028.0,0.5,2.1,6.7,0
Frankfurt,10,51.5,13.1,981.0,0.63,5.0,6.9,1
Hamburg,6,28.7,8.1,800.0,0.79,3.1,6.9,0
Munich,12,49.8,15.4,1267.0,0.63,4.5,4.9,0
Munich,5,34.4,10.6,921.0,0.51,3.2,8.2,0
Berlin,4,53.2,21.5,1969.0,0.9,2.9,8.3,1
Frankfurt,3,35.4,14.1,1061.0,0.74,4.1,6.8,0
Hamburg,6,51.9,18.9,1622.0,0.9,6.2,3.3,1
Cologne,7,56.1,19.4,1909.0,0.9,6.3,3.4,1
Frankfurt,2,53.6,16.6,1440.0,0.9,6.9,3.4,1
Munich,6,47.5,13.3,1295.0,0.9,5.1,5.6,0
Frankfurt,3,42.7,10.6,800.0,0.75,5.0,4.5,0
Cologne,10,39.2,11.0,800.0,0.86,4.2,6.0,0
Frankfurt,8,59.7,19.8,1550.0,0.9,7.0,3.3,1
Berlin,2,38.0,9.2,800.0,0.84,1.4,9.9,0
Cologne,5,34.6,12.1,1178.0,0.73,2.1,8.6,0
Hamburg,8,51.7,16.6,1185.0,0.9,7.5,1.0,1
Munich,9,37.0,11.2,875.0,0.31,1.0,8.8,0
Frankfurt,7,35.5,15.3,1440.0,0.44,3.3,5.7,0
Cologne,9,30.6,5.0,800.0,0.54,4.8,5.8,0
Berlin,9,40.2,12.2,977.0,0.48,3.9,7.0,0
Berlin,8,44.2,7.7,800.0,0.44,3.8,6.3,0
Hamburg,7,47.4,16.5,1097.0,0.52,4.9,4.8,0
Munich,6,54.5,20.5,1408.0,0.9,4.9,5.1,1
Berlin,12,50.3,12.7,800.0,0.62,5.1,5.1,1
Munich,11,43.1,10.7,897.0,0.65,3.3,6.1,0
Cologne,3,43.0,9.2,923.0,0.9,6.0,2.8,1
Frankfurt,8,50.1,16.9,1504.0,0.63,7.1,1.0,1
Hamburg,3,57.7,18.2,1686.0,0.67,5.6,5.7,1
Berlin,11,46.3,14.6,1458.0,0.42,2.5,7.9,0
Frankfurt,9,40.3,12.3,1016.0,0.4,3.2,7.1,0
Berlin,9,35.1,8.8,800.0,0.9,3.2,8.0,0
Hamburg,10,30.5,13.6,1381.0,0.9,3.8,4.9,0
Berlin,10,51.7,18.0,1303.0,0.9,3.7,4.6,1
Hamburg,9,50.8,13.4,834.0,0.9,3.9,6.5,1
Frankfurt,4,50.8,14.8,1118.0,0.58,5.8,4.4,0
Cologne,9,43.7,12.0,865.0,0.9,5.8,2.5,1
Hamburg,12,59.1,23.9,1922.0,0.89,5.0,5.4,1
Cologne,2,40.2,15.5,1072.0,0.86,2.0,7.6,0
Munich,1,54.6,17.8,1498.0,0.83,10.0,1.0,1
Frankfurt,8,44.6,20.0,1486.0,0.73,5.6,4.0,0
Hamburg,6,38.9,17.3,1632.0,0.55,3.5,4.1,0
Frankfurt,11,50.9,16.3,1064.0,0.67,6.4,3.0,1
Cologne,10,49.1,15.1,1183.0,0.83,4.7,4.6,0
Cologne,9,48.6,15.1,1141.0,0.61,6.2,4.4,0
Frankfurt,9,45.8,12.4,1039.0,0.72,4.8,5.0,0
Frankfurt,3,44.6,20.1,1791.0,0.82,4.6,6.0,0
Cologne,2,68.9,19.9,1649.0,0.61,6.7,1.0,1
Frankfurt,7,56.8,21.6,1698.0,0.53,3.5,5.6,0
Cologne,5,52.2,19.5,1697.0,0.9,8.1,2.4,1
Munich,10,46.1,14.5,1325.0,0.84,3.2,6.5,0
Cologne,6,55.1,23.8,1957.0,0.78,3.5,7.4,1
Berlin,5,50.2,12.0,1041.0,0.9,4.7,3.5,1
Cologne,4,45.3,14.8,1317.0,0.36,3.1,7.6,0
Munich,1,42.0,12.5,800.0,0.41,4.1,5.2,0
Cologne,4,44.2,17.6,1339.0,0.56,5.5,3.8,0
Frankfurt,10,20.0,7.7,800.0,0.67,3.5,7.5,0
Munich,3,47.1,10.5,800.0,0.84,5.9,5.2,0
Hamburg,3,40.1,17.1,1310.0,0.45,3.6,7.5,0
Cologne,5,60.9,21.8,1816.0,0.55,6.2,5.9,0
Frankfurt,1,45.2,12.0,1036.0,0.9,5.1,6.1,0
Hamburg,11,33.1,10.0,892.0,0.53,1.0,8.2,0
Hamburg,6,44.5,10.9,800.0,0.9,5.3,4.8,0
Hamburg,2,34.5,11.0,800.0,0.4,1.3,8.4,0
Berlin,1,49.7,17.0,1523.0,0.9,8.0,4.0,1
Frankfurt,11,47.9,15.0,1049.0,0.89,4.2,6.9,0
Berlin,8,54.6,16.8,1185.0,0.9,5.2,4.6,1
Frankfurt,10,37.1,7.5,800.0,0.51,2.6,8.3,0
Frankfurt,3,45.3,16.1,1520.0,0.5,3.6,5.2,0
Munich,6,31.3,5.0,800.0,0.66,6.5,3.7,1
Hamburg,2,52.0,17.4,1463.0,0.9,6.6,2.5,1
Cologne,5,50.2,11.3,1044.0,0.65,2.7,5.6,1
Munich,9,50.0,16.8,1336.0,0.9,7.3,3.5,1
Cologne,7,45.0,15.0,1402.0,0.53,6.3,4.6,0
Hamburg,4,49.1,17.6,1168.0,0.66,4.5,6.0,0
Frankfurt,3,61.0,22.9,1618.0,0.71,6.6,3.3,1
Munich,9,42.1,17.2,1147.0,0.9,4.2,4.5,0
Berlin,4,46.4,10.6,935.0,0.9,7.6,1.2,1
Frankfurt,5,34.1,11.2,998.0,0.57,2.2,6.8,0
Berlin,6,36.3,18.1,1357.0,0.77,3.9,5.9,0
Frankfurt,10,46.0,15.7,1208.0,0.43,4.0,7.1,0
Frankfurt,5,56.0,16.2,1548.0,0.76,3.5,7.6,1
Hamburg,9,42.4,13.9,974.0,0.63,7.5,1.0,1
Munich,1,42.6,13.1,1104.0,0.75,2.5,6.8,0
Cologne,11,40.9,10.1,800.0,0.77,4.4,4.9,0
Hamburg,6,39.7,15.8,1485.0,0.45,1.4,6.1,0
Cologne,4,47.9,17.7,1545.0,0.63,4.2,6.4,0
Frankfurt,4,30.0,6.0,800.0,0.44,3.6,6.1,0
Berlin,3,57.8,19.0,1467.0,0.62,4.5,5.3,1
Cologne,5,38.3,11.1,800.0,0.9,4.7,6.6,0
Berlin,8,52.2,12.6,1188.0,0.73,4.8,5.3,1
Cologne,4,32.3,6.5,931.0,0.73,5.0,4.6,0
Berlin,7,51.7,13.4,800.0,0.9,7.2,3.4,1
Hamburg,8,51.7,17.1,1080.0,0.71,4.3,6.8,1
Cologne,5,48.8,14.9,1226.0,0.66,5.0,5.3,0
Hamburg,10,35.1,8.8,800.0,0.47,3.8,6.9,0
Hamburg,1,47.5,14.7,1090.0,0.86,5.7,4.2,0
Berlin,8,33.2,13.3,800.0,0.82,3.3,6.6,0
Cologne,10,42.5,15.2,1283.0,0.9,4.5,5.6,0
Cologne,3,55.3,21.4,1892.0,0.46,5.2,4.1,0
Munich,4,53.0,17.0,1927.0,0.51,5.5,4.0,1
Berlin,10,45.2,19.9,1850.0,0.9,6.5,4.9,0
Cologne,7,35.3,12.8,800.0,0.8,4.5,7.5,0
Frankfurt,9,51.5,15.7,1252.0,0.9,6.2,5.4,1
Munich,4,45.2,15.3,1346.0,0.74,5.6,3.1,1
Cologne,4,21.8,5.0,800.0,0.55,1.9,6.6,0
Berlin,6,52.8,16.7,1491.0,0.69,5.8,3.0,1
Frankfurt,9,44.8,16.2,1437.0,0.43,2.8,7.3,0
Cologne,4,57.0,20.8,1915.0,0.81,7.6,1.0,1
Hamburg,10,34.0,10.1,970.0,0.26,1.0,8.4,0
Hamburg,8,20.0,14.9,1246.0,0.6,1.9,9.5,0
Frankfurt,3,47.8,15.4,1106.0,0.9,6.5,4.5,0
Frankfurt,2,47.9,10.9,800.0,0.53,2.7,6.7,0
Frankfurt,4,28.1,13.0,1084.0,0.43,3.4,6.2,0
Frankfurt,4,35.2,13.6,1004.0,0.9,2.5,8.1,0
Berlin,7,70.0,24.0,1861.0,0.6,6.4,4.5,0
Hamburg,7,41.9,12.6,1231.0,0.8,5.6,3.9,1
Cologne,9,52.3,18.6,1763.0,0.9,5.5,4.2,1
Cologne,10,38.5,17.7,1168.0,0.4,1.0,8.4,0
Hamburg,2,24.1,8.6,800.0,0.75,1.0,7.7,0
Cologne,4,43.3,10.0,800.0,0.82,5.8,4.0,1
Hamburg,3,42.3,5.0,800.0,0.64,4.9,4.8,0
Munich,12,41.0,14.8,800.0,0.9,6.7,2.0,1
Hamburg,3,43.9,11.7,800.0,0.9,6.9,3.7,1
Cologne,7,47.6,15.6,1223.0,0.78,4.3,6.2,0
Munich,12,43.5,12.1,1123.0,0.9,8.1,2.6,1
Cologne,10,32.4,8.1,800.0,0.53,3.3,6.0,0
Berlin,6,49.9,14.3,1280.0,0.56,3.5,4.5,0
Cologne,3,25.5,6.5,800.0,0.33,1.6,8.9,0
Munich,8,24.5,10.5,1095.0,0.4,1.0,8.3,0
Hamburg,8,52.4,19.2,1832.0,0.75,7.6,1.5,1
Cologne,7,50.1,13.1,893.0,0.61,7.4,1.3,1
Hamburg,9,44.4,11.6,1104.0,0.41,2.9,6.8,0
Cologne,3,31.0,11.5,1020.0,0.5,2.8,8.8,0
Frankfurt,5,37.9,15.8,1765.0,0.8,3.9,5.6,0
Cologne,6,42.4,17.2,1219.0,0.45,2.8,6.1,0
Frankfurt,9,29.0,6.7,800.0,0.56,1.0,9.7,0
Cologne,4,37.6,15.5,1034.0,0.68,3.4,6.7,0
Cologne,5,51.5,11.8,800.0,0.9,4.7,3.2,1
Frankfurt,9,59.3,19.1,1609.0,0.83,5.3,5.3,1
Berlin,12,40.8,15.1,1246.0,0.9,4.4,7.7,0
Hamburg,11,52.6,11.3,1011.0,0.9,7.4,1.0,1
Munich,4,25.9,14.9,1296.0,0.32,2.1,6.6,0
Cologne,2,51.6,21.2,1647.0,0.7,5.4,1.7,1
Munich,9,37.0,14.3,1092.0,0.86,4.8,5.1,0
Berlin,11,48.1,13.1,856.0,0.77,5.6,5.4,0
Cologne,12,42.5,14.0,977.0,0.62,3.3,6.8,0
Frankfurt,3,58.2,21.8,1730.0,0.9,6.0,5.4,1
Frankfurt,11,36.3,8.7,800.0,0.59,4.4,6.4,0
Cologne,6,51.3,16.6,1466.0,0.9,3.4,8.3,1
Frankfurt,9,42.2,16.8,1466.0,0.75,6.1,5.0,0
Berlin,3,43.4,10.0,1110.0,0.9,6.5,3.1,1
Hamburg,8,43.2,15.4,1036.0,0.9,3.2,6.8,0
Hamburg,9,36.5,6.9,800.0,0.87,3.9,5.2,0
Berlin,3,44.9,12.1,800.0,0.79,5.4,4.3,0
Frankfurt,3,44.4,13.3,1318.0,0.9,3.6,6.4,0
Hamburg,4,47.4,17.3,1287.0,0.81,5.5,4.5,0
Frankfurt,1,45.8,13.2,1285.0,0.71,4.8,6.5,0
Frankfurt,2,53.0,18.0,1733.0,0.88,3.1,6.6,1
Munich,1,54.2,16.0,1364.0,0.52,6.1,3.0,1
Hamburg,3,34.5,9.9,851.0,0.53,1.8,7.3,0
Frankfurt,6,53.7,21.6,1740.0,0.74,6.8,3.9,1
Munich,8,33.1,7.6,800.0,0.74,2.3,6.3,0
Berlin,5,50.9,19.2,1451.0,0.45,4.8,5.0,0
Hamburg,8,51.2,17.1,1336.0,0.9,7.2,4.1,1
Berlin,6,25.9,6.9,917.0,0.57,3.3,7.0,0
Berlin,1,45.9,11.7,800.0,0.41,3.0,7.0,0
Cologne,3,40.3,10.0,841.0,0.9,2.5,7.5,0
Hamburg,2,37.4,10.3,963.0,0.47,2.8,6.1,0
Berlin,6,58.5,19.1,1467.0,0.73,6.4,2.7,1
Berlin,8,38.5,14.6,1254.0,0.54,4.4,5.4,0
Berlin,6,36.9,11.4,800.0,0.72,2.4,7.8,0
Frankfurt,4,45.8,14.6,1429.0,0.81,2.8,8.1,0
Hamburg,4,51.9,17.0,1589.0,0.9,5.6,4.5,1
Hamburg,9,43.6,16.0,1257.0,0.59,4.1,7.3,0
Hamburg,1,56.7,20.8,1490.0,0.9,8.9,2.7,1
Hamburg,2,50.3,12.6,1167.0,0.85,5.1,5.7,1
Hamburg,4,23.2,6.9,800.0,0.83,5.0,6.2,0
Berlin,3,39.7,16.9,1152.0,0.74,2.2,6.8,0
Munich,9,39.4,9.2,800.0,0.74,1.6,7.3,0
Cologne,5,49.8,16.8,1649.0,0.42,3.3,7.2,0
Hamburg,8,20.0,6.2,800.0,0.49,3.8,4.9,0
Frankfurt,4,70.0,21.6,1601.0,0.9,9.6,1.0,1
Munich,11,50.3,21.5,1387.0,0.68,3.9,6.9,1
Frankfurt,4,46.5,15.6,1257.0,0.65,4.0,7.5,0
Berlin,10,56.8,23.5,1928.0,0.67,3.9,5.8,1
Cologne,11,68.4,22.8,1812.0,0.63,4.1,5.2,1
Berlin,3,53.7,19.3,1904.0,0.88,6.4,3.9,1
Berlin,9,54.5,16.4,1288.0,0.68,5.8,3.1,1
Hamburg,10,46.3,13.7,800.0,0.81,4.6,5.2,0
Frankfurt,2,43.6,15.8,1179.0,0.43,2.3,7.7,0
Hamburg,11,40.2,14.7,1267.0,0.9,6.5,3.5,1
Berlin,12,36.7,14.0,1201.0,0.81,2.9,7.2,0
Cologne,11,38.1,13.8,1072.0,0.78,4.6,4.6,0
Munich,3,31.5,6.5,800.0,0.47,1.0,8.3,0
Berlin,3,44.2,12.3,800.0,0.42,4.1,5.1,0
Berlin,11,28.2,11.9,972.0,0.44,3.3,5.1,0
Berlin,11,46.9,9.8,800.0,0.51,5.2,5.2,0
Frankfurt,3,44.6,15.8,1310.0,0.44,4.7,6.2,0
Munich,4,46.5,15.2,1311.0,0.9,5.4,5.4,0
Cologne,5,39.8,15.8,1513.0,0.89,2.3,7.5,0
Berlin,6,70.0,24.6,1776.0,0.57,7.3,1.9,1
Munich,5,58.6,17.5,1145.0,0.57,6.0,4.7,0
Berlin,9,32.6,8.7,800.0,0.9,3.6,7.0,0
Munich,7,47.3,14.2,990.0,0.86,4.8,5.4,0
Munich,7,38.9,14.7,1012.0,0.54,2.0,9.8,0
Frankfurt,7,34.9,5.0,800.0,0.87,1.5,8.5,0
Frankfurt,12,31.6,11.0,910.0,0.59,1.0,8.7,0
Munich,11,49.3,13.8,1498.0,0.9,6.2,3.4,1
Hamburg,7,38.2,13.3,1063.0,0.84,5.1,3.4,1
Berlin,2,54.7,19.3,1306.0,0.67,6.7,3.9,1
Frankfurt,8,54.9,13.3,904.0,0.79,6.0,3.9,1
Munich,12,58.7,18.9,1717.0,0.46,2.7,7.8,0
Hamburg,10,36.5,12.6,800.0,0.61,2.1,9.7,0
Munich,1,49.8,16.8,1459.0,0.48,5.2,4.4,0
Cologne,6,51.3,16.7,1268.0,0.7,5.3,2.3,1
Munich,12,40.3,9.8,800.0,0.61,3.7,6.8,0
Cologne,11,37.3,9.2,1015.0,0.59,4.3,5.9,0
Frankfurt,3,61.1,16.2,1181.0,0.55,6.1,3.1,1
Frankfurt,6,47.3,17.4,1228.0,0.9,4.9,5.5,0
Munich,6,51.4,16.8,1326.0,0.66,4.2,6.6,1
Frankfurt,8,36.8,12.1,867.0,0.9,5.2,3.9,1
Munich,4,32.8,5.8,909.0,0.83,2.6,7.1,0
Munich,12,39.3,13.0,1252.0,0.42,1.9,9.5,0
Cologne,3,43.8,16.5,1201.0,0.61,3.2,6.1,0
Berlin,2,34.4,5.9,800.0,0.78,2.9,7.2,0
Munich,12,44.9,13.4,800.0,0.8,6.0,1.4,1
Berlin,6,28.1,5.0,800.0,0.85,2.7,5.8,0
Hamburg,3,33.8,10.0,800.0,0.7,3.1,7.1,0
Frankfurt,4,51.7,14.5,1180.0,0.74,3.3,7.9,1
Hamburg,9,51.0,18.2,1059.0,0.9,6.3,2.4,1
Hamburg,7,41.1,14.2,1131.0,0.43,3.1,6.9,0
Munich,1,34.8,15.5,1578.0,0.72,3.3,6.3,0
Hamburg,4,34.7,11.4,924.0,0.54,5.7,5.3,0
Munich,11,41.3,14.8,1027.0,0.6,4.9,3.9,1
Frankfurt,8,51.4,15.5,1234.0,0.46,2.7,7.7,0
Frankfurt,10,54.3,14.8,1170.0,0.68,2.8,6.6,1
Hamburg,4,40.0,15.8,1706.0,0.9,3.9,6.3,0
Munich,1,33.5,14.9,1124.0,0.36,1.5,8.5,0
Cologne,10,47.7,18.0,1200.0,0.9,5.7,4.0,0
Cologne,2,36.8,12.6,1016.0,0.47,3.7,6.7,0
Berlin,5,39.8,10.4,867.0,0.53,4.2,5.8,0
Berlin,6,58.3,22.8,1940.0,0.9,4.8,5.1,1
Berlin,1,53.3,19.5,1711.0,0.6,7.9,1.7,1
Hamburg,5,46.6,21.6,2119.0,0.76,8.9,1.2,1
Munich,8,32.3,7.3,800.0,0.47,2.8,7.4,0
Berlin,8,47.1,18.3,1326.0,0.63,5.2,3.8,1
Munich,2,55.6,20.2,1244.0,0.7,5.7,3.9,1
Hamburg,9,41.2,12.7,1150.0,0.45,3.7,5.2,0
Munich,2,58.5,23.6,1710.0,0.71,4.6,5.4,1
Munich,4,57.9,20.5,1820.0,0.65,4.2,5.2,1
Hamburg,10,61.6,17.7,1320.0,0.8,4.5,6.3,1
Cologne,4,48.1,15.7,1598.0,0.9,5.4,5.3,0
Munich,4,50.9,14.1,842.0,0.59,4.3,4.8,0
Munich,7,59.1,18.3,1669.0,0.63,2.0,8.0,1
Frankfurt,8,49.5,18.6,1669.0,0.7,5.6,5.0,0
Frankfurt,8,40.0,16.3,1409.0,0.42,3.9,5.9,0
Berlin,4,40.5,14.2,910.0,0.9,6.1,3.2,1
Berlin,4,47.4,13.5,1190.0,0.85,5.3,3.6,1
Hamburg,6,32.1,11.8,973.0,0.25,1.0,9.9,0
Hamburg,9,43.6,16.7,969.0,0.4,1.0,9.9,0
Frankfurt,5,56.0,12.7,1331.0,0.61,4.5,5.3,1
Frankfurt,2,23.1,8.0,800.0,0.76,1.4,9.4,0
Berlin,9,60.3,19.5,1860.0,0.9,7.4,1.0,1
Frankfurt,12,56.2,21.6,1715.0,0.72,5.6,5.7,1
Munich,9,40.4,14.6,1366.0,0.58,5.7,4.1,0
Munich,11,50.4,18.3,1289.0,0.58,3.1,7.1,0
Frankfurt,1,45.0,13.6,1128.0,0.9,6.0,3.7,1
Hamburg,9,57.3,19.1,1557.0,0.81,6.8,4.6,1
Berlin,7,54.8,21.1,1624.0,0.39,2.5,6.5,0
Munich,1,31.0,10.1,800.0,0.48,5.1,6.4,0
Hamburg,2,50.9,17.5,800.0,0.66,5.2,5.2,1
Frankfurt,2,42.9,9.7,800.0,0.53,4.9,5.7,0
Berlin,8,45.8,15.1,1346.0,0.81,3.3,6.4,0
Berlin,1,37.7,6.5,800.0,0.65,5.7,3.0,1
Hamburg,11,62.5,19.3,1305.0,0.9,4.5,6.5,1
Hamburg,3,55.4,18.7,1206.0,0.9,6.8,3.5,1
Hamburg,1,37.6,14.8,1229.0,0.69,5.0,6.4,0
Frankfurt,5,31.7,7.6,800.0,0.65,1.7,8.1,0
Frankfurt,4,41.1,14.8,1431.0,0.73,7.1,2.5,1
Hamburg,3,49.3,20.9,1815.0,0.55,5.3,6.1,0
Frankfurt,8,47.4,13.9,1150.0,0.9,5.7,6.2,0
Berlin,12,57.5,14.5,1224.0,0.71,3.5,6.5,1
Cologne,7,52.9,18.5,1328.0,0.63,8.5,1.0,1
Frankfurt,4,54.7,14.7,1020.0,0.57,3.6,7.2,0
Berlin,1,48.3,13.6,1233.0,0.61,6.4,3.4,1
Cologne,7,31.1,13.1,1234.0,0.44,1.6,9.0,0
Cologne,3,43.0,20.0,1739.0,0.4,3.4,6.4,0
Hamburg,5,55.6,15.5,1148.0,0.68,6.7,4.8,1
Hamburg,12,44.5,12.6,931.0,0.9,6.0,3.3,1
Berlin,8,50.0,15.4,1042.0,0.85,3.1,7.4,1
Hamburg,9,41.8,12.3,1137.0,0.7,5.8,3.7,1
Cologne,10,34.7,17.4,997.0,0.77,5.0,4.7,0
Berlin,11,43.8,13.0,800.0,0.37,3.0,6.6,0
Berlin,10,48.1,14.9,800.0,0.61,7.2,3.5,1
Berlin,7,38.4,17.7,984.0,0.61,1.7,9.3,0
Hamburg,6,42.6,15.9,1547.0,0.87,3.3,7.2,0
Hamburg,5,35.6,14.8,1343.0,0.47,4.3,5.6,0
Hamburg,5,56.2,16.0,1041.0,0.67,4.3,5.8,1
Frankfurt,11,42.1,12.4,973.0,0.9,4.6,6.3,0
Frankfurt,4,59.5,16.7,1631.0,0.9,6.3,4.6,1
Frankfurt,7,60.3,22.5,1900.0,0.61,5.7,1.6,1
Berlin,1,44.2,18.4,1895.0,0.65,5.7,4.1,0
Hamburg,12,34.9,9.8,800.0,0.9,3.1,6.6,0
Frankfurt,3,24.1,7.0,800.0,0.47,2.8,7.9,0
Berlin,6,30.3,9.1,800.0,0.7,4.7,5.2,0
Cologne,10,31.3,5.8,800.0,0.63,4.3,6.4,0
Frankfurt,1,58.8,17.6,1593.0,0.85,7.1,1.9,1
Berlin,7,46.2,17.7,1436.0,0.49,2.9,7.4,0
Munich,2,48.9,13.7,1022.0,0.88,5.7,5.2,0
Frankfurt,7,22.8,7.9,882.0,0.39,1.0,7.5,0
Cologne,4,33.0,7.1,800.0,0.63,1.4,10.0,0
Berlin,9,53.9,17.5,1379.0,0.68,5.3,5.9,1
Frankfurt,5,47.9,14.3,988.0,0.52,3.4,6.6,0
Frankfurt,1,43.5,10.8,817.0,0.89,5.5,3.6,1
Munich,12,50.6,19.3,1635.0,0.9,6.3,3.5,1
Berlin,11,61.4,23.0,1683.0,0.89,3.3,6.8,1
Berlin,4,42.8,11.4,800.0,0.4,3.0,7.4,0
Berlin,11,45.7,14.6,1071.0,0.59,2.4,9.1,0
Hamburg,4,46.9,15.8,1252.0,0.82,4.0,5.5,0
Munich,12,68.9,17.5,1675.0,0.9,7.6,3.0,1
Berlin,4,24.0,5.0,800.0,0.74,2.0,6.7,0
Munich,12,51.8,21.1,1736.0,0.9,4.3,5.3,1
Hamburg,3,43.9,11.4,858.0,0.72,6.3,4.0,0
Berlin,3,50.7,20.7,1608.0,0.74,1.6,9.1,1
Munich,10,38.4,8.8,1010.0,0.54,5.7,3.5,0
Munich,5,44.5,16.8,1361.0,0.9,3.6,5.9,0
Hamburg,5,52.1,16.4,1132.0,0.9,5.1,6.4,1
Munich,11,70.0,22.8,2003.0,0.82,6.2,5.0,1
Hamburg,2,53.1,23.3,2024.0,0.9,7.6,2.6,1
Frankfurt,10,36.5,8.4,800.0,0.69,1.8,6.0,0
Munich,12,40.8,15.4,991.0,0.74,4.1,8.4,0
Hamburg,10,40.5,15.1,1294.0,0.9,4.8,5.1,0
Cologne,9,27.0,19.1,1520.0,0.33,1.0,8.7,0
Berlin,3,41.7,10.7,800.0,0.9,2.8,6.7,0
Berlin,4,52.3,15.6,1456.0,0.54,5.0,5.4,0
Berlin,2,32.3,13.2,938.0,0.58,1.9,8.5,0
Hamburg,8,55.5,17.9,1516.0,0.56,4.3,6.6,0
Hamburg,7,49.9,15.2,1454.0,0.59,4.5,4.6,0
Berlin,3,37.7,15.4,1166.0,0.82,4.7,4.9,0
Hamburg,11,43.6,13.7,800.0,0.41,3.8,8.2,0
Munich,11,61.0,17.7,1332.0,0.9,7.7,2.5,1
Munich,5,52.3,19.6,1608.0,0.55,3.7,6.1,0
Munich,12,45.1,16.2,1493.0,0.5,2.6,6.4,0
Frankfurt,1,42.6,13.3,957.0,0.9,7.2,3.4,1
Berlin,12,45.8,14.2,1479.0,0.84,3.6,7.4,0
Cologne,6,39.9,10.5,800.0,0.7,2.0,8.9,0
Berlin,10,24.0,10.2,846.0,0.34,1.0,8.7,0
Munich,6,65.4,20.7,1610.0,0.9,8.2,2.2,1
Berlin,12,46.6,13.2,1326.0,0.62,4.1,7.5,0
Frankfurt,5,49.0,12.5,800.0,0.9,4.5,6.6,0
Munich,9,44.4,16.0,1364.0,0.81,4.2,5.0,0
Frankfurt,4,37.6,11.0,833.0,0.9,5.3,2.2,1
Frankfurt,2,43.1,8.3,973.0,0.84,4.0,6.3,0
Frankfurt,12,29.0,6.1,800.0,0.88,6.4,4.4,0
Munich,7,67.8,21.9,1834.0,0.9,7.0,1.9,1
Frankfurt,5,32.7,10.3,800.0,0.8,4.9,5.1,0
Frankfurt,7,34.7,10.8,904.0,0.46,4.7,5.1,0
Cologne,7,40.6,12.4,917.0,0.61,4.0,6.1,0
Berlin,7,57.9,14.9,1112.0,0.64,4.9,4.5,1
Cologne,3,45.1,12.4,800.0,0.88,5.0,6.3,0
Berlin,5,32.6,14.4,1237.0,0.75,4.0,6.1,0
Munich,1,57.5,22.3,1567.0,0.81,4.9,4.2,1
Cologne,6,52.3,19.2,1310.0,0.9,5.5,5.4,1
Hamburg,4,50.4,18.3,1150.0,0.86,6.9,1.8,1
Munich,2,52.2,20.1,1397.0,0.75,8.3,3.0,1
Munich,3,68.9,19.6,1670.0,0.62,8.2,2.8,1
Berlin,3,66.9,22.4,1881.0,0.77,9.5,1.9,1
Berlin,1,38.1,9.4,881.0,0.36,2.9,7.0,0
Frankfurt,7,61.2,17.1,1163.0,0.7,7.2,2.3,1
Hamburg,10,48.8,17.4,1433.0,0.9,6.9,3.2,1
Munich,3,50.0,19.5,1437.0,0.47,3.7,6.3,0
Munich,7,28.1,8.8,893.0,0.35,2.1,7.3,0
Cologne,10,43.3,19.4,1636.0,0.9,6.9,2.5,1
Berlin,10,36.9,12.9,903.0,0.9,2.2,7.4,0
Cologne,12,53.3,15.4,1443.0,0.75,3.3,5.5,1
Berlin,9,55.7,15.3,1326.0,0.66,7.9,2.8,1
Berlin,6,24.3,11.1,800.0,0.9,4.2,5.7,0
Cologne,8,44.8,15.3,891.0,0.78,5.1,4.6,0
Cologne,11,56.2,20.8,1392.0,0.59,5.6,3.3,1
Cologne,11,43.1,6.4,842.0,0.73,3.7,5.2,0
Berlin,1,52.3,18.2,1250.0,0.51,5.7,6.3,0
Hamburg,8,48.5,14.6,1546.0,0.9,7.2,2.2,1
Cologne,8,48.4,12.0,800.0,0.9,5.2,5.4,0
Berlin,12,42.3,13.9,878.0,0.73,7.5,2.7,1
Cologne,3,32.8,14.2,1314.0,0.55,1.9,5.3,0
Hamburg,6,33.8,18.1,1630.0,0.6,3.3,8.4,0
Hamburg,6,52.1,18.1,1558.0,0.9,4.6,6.0,1
Frankfurt,7,45.2,12.9,1170.0,0.56,2.9,6.3,0
Frankfurt,3,43.6,12.2,818.0,0.44,4.1,5.8,0
Hamburg,10,40.8,16.5,1485.0,0.56,4.7,4.1,0
Cologne,1,41.9,11.0,927.0,0.58,5.0,6.8,0
Frankfurt,9,55.5,20.4,1556.0,0.9,8.8,1.0,1
Berlin,6,41.6,14.8,1200.0,0.9,4.9,4.6,0
Hamburg,5,31.6,11.1,1098.0,0.62,4.9,4.4,0
Cologne,2,52.4,12.8,1100.0,0.47,5.3,4.7,0
Berlin,4,43.0,13.2,800.0,0.85,6.8,4.6,0
Hamburg,5,45.3,10.7,1037.0,0.9,8.1,3.7,1
Hamburg,10,61.1,18.6,1650.0,0.71,6.9,2.7,1
Cologne,4,44.8,17.7,1339.0,0.61,3.0,7.4,0
Cologne,10,47.9,19.7,1596.0,0.5,4.0,6.1,0
Munich,4,33.2,11.7,960.0,0.58,3.7,5.3,0
Cologne,11,42.8,12.6,800.0,0.9,5.0,7.5,0
Berlin,6,51.1,21.8,1663.0,0.76,6.2,5.2,1
Frankfurt,4,29.4,8.1,800.0,0.65,3.6,6.6,0
Cologne,12,47.0,12.3,949.0,0.9,4.7,6.9,0
Cologne,9,46.0,17.4,1289.0,0.84,3.6,7.6,0
Frankfurt,12,45.4,16.5,1453.0,0.57,5.1,4.9,0
Frankfurt,2,55.4,16.8,1185.0,0.87,8.3,2.0,1
Hamburg,5,48.3,16.4,1495.0,0.9,6.4,5.1,0
Hamburg,3,59.8,21.3,1823.0,0.81,6.8,2.3,1
Frankfurt,8,35.1,12.3,1256.0,0.85,5.1,6.6,0
Frankfurt,3,46.4,16.8,1693.0,0.59,4.1,5.7,0
Frankfurt,8,45.8,13.8,1449.0,0.43,3.8,7.7,0
Berlin,8,34.3,13.0,804.0,0.41,2.3,7.7,0
Munich,2,54.6,18.2,1528.0,0.7,5.3,5.1,1
Berlin,11,68.2,21.3,1563.0,0.72,6.2,3.8,1
Munich,10,44.8,14.2,1793.0,0.9,6.3,3.2,1
Hamburg,7,50.1,16.4,1434.0,0.74,4.3,5.4,1
Frankfurt,11,45.8,10.9,1159.0,0.75,3.4,8.0,0
Berlin,6,37.9,10.7,944.0,0.9,6.7,1.0,1
Frankfurt,11,26.8,9.1,800.0,0.62,2.0,6.8,0
Frankfurt,1,37.9,8.6,800.0,0.86,4.0,5.3,0
Frankfurt,2,31.1,8.5,800.0,0.86,3.8,5.1,0
Berlin,4,62.0,27.8,2149.0,0.64,4.5,7.0,1
Frankfurt,2,43.8,11.2,970.0,0.56,6.2,5.0,0
Hamburg,5,41.5,12.7,1116.0,0.9,5.1,5.5,0
Munich,3,53.9,15.5,800.0,0.9,7.7,1.6,1
Cologne,6,33.8,10.9,825.0,0.74,2.4,9.0,0
Hamburg,9,37.3,10.0,800.0,0.85,3.9,4.5,0
Munich,10,45.7,14.5,1436.0,0.8,4.6,7.5,0
Cologne,7,55.3,16.3,1420.0,0.78,5.9,3.4,1
Frankfurt,5,50.0,19.8,1550.0,0.9,2.8,6.9,1
Hamburg,1,47.5,16.1,1331.0,0.88,4.9,4.7,0
Cologne,1,45.8,12.3,800.0,0.83,2.4,6.5,0
Cologne,1,49.0,18.9,1641.0,0.74,5.4,6.5,0
Cologne,3,47.0,12.8,945.0,0.82,1.5,9.3,0
Frankfurt,7,34.7,6.9,800.0,0.69,1.0,10.0,0
Munich,9,45.5,15.1,1474.0,0.9,5.8,3.0,1
Munich,6,34.3,17.1,1426.0,0.38,2.6,7.6,0
Hamburg,7,45.8,9.8,800.0,0.73,3.1,7.4,0
Frankfurt,11,40.2,9.4,800.0,0.7,5.9,4.3,0
Munich,3,70.0,25.6,2120.0,0.9,7.5,1.3,1
Hamburg,11,44.6,12.9,1093.0,0.83,5.8,5.3,0
Munich,8,31.0,12.2,978.0,0.41,2.8,7.3,0
Berlin,10,43.7,12.0,800.0,0.9,8.4,1.0,1
Frankfurt,6,50.2,17.2,1161.0,0.68,4.1,4.0,1
Berlin,3,61.7,25.8,1915.0,0.9,8.8,1.8,1
Munich,12,39.1,9.5,800.0,0.69,3.8,8.6,0
Munich,2,29.2,12.8,1015.0,0.54,1.0,8.0,0
Berlin,9,53.2,19.8,1549.0,0.9,6.0,4.1,1
Frankfurt,11,31.2,5.9,800.0,0.78,3.6,7.5,0
Hamburg,7,40.6,15.2,1594.0,0.9,2.5,6.2,0
Cologne,10,42.4,14.4,1319.0,0.55,2.9,6.7,0
Berlin,10,44.3,15.0,1441.0,0.83,4.4,4.7,0
Frankfurt,9,51.9,18.3,1557.0,0.59,5.7,5.3,0
Frankfurt,4,38.2,11.7,948.0,0.73,1.0,10.0,0
Cologne,4,42.3,14.3,1226.0,0.9,5.8,4.4,0
Hamburg,6,44.9,15.7,1299.0,0.82,3.7,5.4,0
Hamburg,2,46.5,17.7,1581.0,0.4,2.7,6.9,0
Munich,10,46.0,10.7,800.0,0.9,6.0,3.4,1
Munich,1,49.4,20.3,1771.0,0.9,4.9,4.1,0
Berlin,10,53.4,14.3,1181.0,0.78,7.2,2.7,1
Hamburg,3,48.9,18.6,1126.0,0.82,5.5,5.0,0
Berlin,12,49.5,16.8,1357.0,0.9,5.0,5.5,0
Munich,11,29.2,5.9,800.0,0.63,2.7,7.3,0
Berlin,5,45.5,16.8,1233.0,0.82,5.3,4.8,0
Cologne,2,49.8,13.8,1069.0,0.78,4.4,5.6,0
Berlin,9,52.3,20.6,1349.0,0.79,4.0,4.8,1
Munich,1,38.1,10.6,834.0,0.78,4.7,5.4,0
Munich,3,38.4,8.3,800.0,0.62,3.6,5.8,0
Cologne,5,39.3,17.7,1566.0,0.72,4.0,4.7,0
Cologne,1,50.4,17.3,1296.0,0.9,6.7,3.7,1
Hamburg,4,55.3,21.0,1739.0,0.9,5.4,4.0,1
Cologne,10,40.9,11.1,868.0,0.87,4.1,6.1,0
Cologne,1,54.1,12.4,904.0,0.67,4.5,6.3,1
Hamburg,11,46.2,20.4,1301.0,0.9,5.3,3.8,1
Cologne,11,43.8,14.6,1143.0,0.68,4.9,5.2,0
Frankfurt,12,42.9,15.8,1410.0,0.88,5.6,2.5,1
Frankfurt,11,52.5,19.5,1370.0,0.76,4.4,7.2,1
Frankfurt,7,48.3,15.1,1163.0,0.59,4.1,4.5,0
Cologne,1,67.8,23.3,1847.0,0.87,8.0,1.5,1
Munich,3,36.5,16.9,1576.0,0.9,4.0,7.3,0
Munich,4,50.2,16.6,1336.0,0.9,3.7,6.1,1
Hamburg,4,39.7,16.1,1343.0,0.62,5.9,2.9,1
Munich,7,36.3,6.1,800.0,0.53,1.1,9.6,0
Munich,5,44.9,18.3,1368.0,0.74,5.7,5.0,0
Hamburg,11,46.4,10.9,800.0,0.63,2.7,6.6,0
Frankfurt,8,70.0,26.4,2052.0,0.9,9.8,1.0,1
Hamburg,3,43.2,15.6,1323.0,0.61,2.0,7.6,0
Munich,8,33.7,10.9,900.0,0.9,5.1,4.7,0
Munich,11,47.7,15.6,1545.0,0.83,4.7,3.5,1
Hamburg,11,24.3,7.3,800.0,0.36,1.9,7.9,0
Cologne,9,44.1,12.2,1227.0,0.85,4.7,7.1,0
Munich,9,45.2,14.4,800.0,0.86,5.5,3.6,1
Munich,9,52.9,24.3,2258.0,0.85,3.9,5.5,1
Hamburg,1,54.7,22.2,1826.0,0.46,4.2,4.6,0
Munich,9,40.0,10.7,938.0,0.59,5.0,5.6,0
Cologne,8,43.5,15.3,1403.0,0.75,1.8,9.4,0
Cologne,2,37.3,12.7,1023.0,0.57,2.9,8.3,0
Hamburg,3,33.7,10.8,800.0,0.9,7.9,1.0,1
Berlin,7,48.1,13.0,1331.0,0.68,3.4,7.1,0
Frankfurt,3,32.3,12.1,814.0,0.45,4.9,6.5,0
Cologne,2,40.9,16.2,1095.0,0.78,3.2,7.3,0
Cologne,4,35.0,9.2,800.0,0.72,4.3,6.2,0
Frankfurt,9,50.5,22.7,1739.0,0.69,6.0,3.5,1
Hamburg,2,63.0,25.6,2046.0,0.61,8.0,2.2,1
Munich,1,32.0,12.3,965.0,0.46,2.9,8.3,0
Hamburg,10,26.5,5.1,800.0,0.58,5.6,4.7,0
Berlin,7,43.8,15.8,1355.0,0.72,3.5,5.3,0
Berlin,11,45.2,15.9,1100.0,0.9,4.9,4.7,0
Frankfurt,1,47.2,17.3,1237.0,0.6,5.1,6.1,0
Berlin,6,40.5,18.3,1385.0,0.74,2.4,8.0,0
Berlin,5,43.0,13.8,1027.0,0.9,3.9,6.2,0
Frankfurt,11,48.7,22.4,1687.0,0.83,5.1,4.3,0
Frankfurt,8,55.4,19.7,1355.0,0.9,4.9,6.3,1
Frankfurt,3,25.4,7.6,800.0,0.63,6.2,5.5,0
Frankfurt,3,41.3,21.0,1586.0,0.39,2.9,8.4,0
Frankfurt,1,47.1,18.2,1266.0,0.74,6.5,5.0,0
Cologne,4,35.8,10.6,943.0,0.87,4.9,4.8,0
Munich,10,62.3,21.0,1851.0,0.9,6.2,3.3,1
Frankfurt,10,38.6,14.8,1134.0,0.9,2.6,7.3,0
Munich,6,44.6,14.4,1509.0,0.74,3.3,6.7,0
Berlin,5,50.6,17.3,1824.0,0.66,4.3,7.2,1
Cologne,7,39.1,10.6,946.0,0.74,1.2,9.9,0
Frankfurt,12,26.5,5.0,800.0,0.35,1.1,9.4,0
Cologne,11,40.7,13.9,1165.0,0.78,1.8,6.7,0
Hamburg,10,55.3,18.9,1263.0,0.8,7.5,1.0,1
Munich,1,41.6,15.5,1062.0,0.55,5.1,5.1,0
Frankfurt,3,36.5,10.4,800.0,0.54,4.8,6.0,0
Munich,11,54.3,14.1,999.0,0.9,6.3,3.6,1
Munich,4,41.7,11.0,800.0,0.79,4.4,7.5,0
Hamburg,6,39.9,16.5,1442.0,0.61,6.2,2.7,1
Munich,4,46.5,13.5,930.0,0.55,3.7,5.1,0
Berlin,7,52.7,16.2,1355.0,0.69,5.4,3.9,1
Munich,10,68.8,22.0,1910.0,0.63,8.0,1.3,1
Hamburg,10,53.3,15.9,1506.0,0.43,3.3,7.2,0
Hamburg,3,56.6,16.8,1272.0,0.9,10.0,1.0,1
Frankfurt,8,39.9,10.7,918.0,0.87,4.0,4.4,0
Berlin,7,34.7,15.8,1331.0,0.9,3.7,7.2,0
Munich,3,45.6,17.2,1634.0,0.56,6.4,1.8,0
Hamburg,9,46.1,19.1,1685.0,0.9,6.0,2.9,1
Hamburg,10,34.2,15.8,1521.0,0.56,3.5,4.9,0
Munich,5,43.2,7.4,800.0,0.62,4.5,5.7,0
Munich,2,49.0,17.4,1256.0,0.41,2.6,7.5,0
Frankfurt,9,48.6,14.4,1362.0,0.9,4.0,7.9,0
Frankfurt,8,50.0,20.0,1719.0,0.9,5.8,5.1,1
Berlin,8,47.9,13.7,1075.0,0.9,5.5,6.0,0
Frankfurt,1,39.9,10.1,800.0,0.55,5.8,4.5,0
Frankfurt,4,39.9,9.0,877.0,0.9,3.8,5.2,0
Cologne,7,33.0,10.1,800.0,0.64,1.2,8.9,0
Munich,6,62.8,23.7,2054.0,0.67,7.9,2.7,1
Frankfurt,12,45.1,15.8,1283.0,0.69,6.7,4.0,0
Cologne,9,42.8,10.6,800.0,0.89,5.6,3.9,1
Cologne,8,35.7,18.4,1569.0,0.85,3.3,7.2,0
Frankfurt,9,70.0,25.3,1945.0,0.9,8.6,1.0,1
Hamburg,4,34.3,13.8,1106.0,0.9,8.6,1.0,1
Frankfurt,8,40.7,17.4,1385.0,0.73,4.2,4.6,0
Frankfurt,12,49.2,11.5,1066.0,0.76,2.9,7.1,0
Munich,6,51.0,14.3,1173.0,0.88,4.2,4.6,1
Hamburg,9,54.6,20.7,1271.0,0.62,6.4,3.2,1
Berlin,10,63.1,18.6,1209.0,0.84,3.9,7.0,1
Frankfurt,1,50.1,15.9,1052.0,0.67,5.3,3.7,1
Frankfurt,6,34.4,11.2,991.0,0.63,4.0,5.5,0
Munich,10,42.4,10.3,936.0,0.57,6.5,3.5,0
Berlin,10,48.1,14.9,1530.0,0.89,6.8,3.5,1
Cologne,2,65.7,24.6,1768.0,0.65,7.9,1.6,1
Hamburg,12,31.0,12.5,1264.0,0.8,1.0,9.8,0
Berlin,3,57.0,22.3,1400.0,0.9,7.1,3.5,1
Frankfurt,9,46.8,18.6,1494.0,0.9,5.7,5.4,0
Cologne,5,53.4,19.0,1570.0,0.63,5.7,4.2,1
Munich,5,44.0,15.6,1300.0,0.7,1.8,7.7,0
Frankfurt,1,36.6,13.0,974.0,0.9,2.5,6.8,0
Munich,10,52.5,15.6,1273.0,0.55,3.5,6.8,0
Hamburg,12,51.5,14.1,880.0,0.36,2.1,7.5,0
Munich,12,54.7,16.2,1467.0,0.85,5.5,4.0,1
Berlin,2,44.9,14.0,1168.0,0.58,3.3,6.3,0
Berlin,9,39.0,11.0,955.0,0.76,7.8,1.5,1
Hamburg,7,29.4,11.0,828.0,0.9,2.7,7.5,0
Hamburg,4,53.2,18.3,1401.0,0.9,7.3,1.3,1
Hamburg,7,49.2,17.3,1492.0,0.62,2.6,7.7,0
Berlin,10,35.3,12.8,1345.0,0.37,2.7,7.9,0
Frankfurt,12,39.6,16.8,1065.0,0.52,4.1,5.3,0
Berlin,2,40.3,13.4,800.0,0.51,2.7,9.3,0
Munich,12,30.2,13.1,1100.0,0.61,2.4,7.6,0
Hamburg,5,36.8,13.8,1039.0,0.67,3.4,5.1,0
Cologne,12,33.7,14.6,1194.0,0.37,3.0,6.7,0
Berlin,9,40.9,18.5,1473.0,0.9,6.9,3.2,1
Cologne,11,37.6,14.3,1266.0,0.74,4.3,6.1,0
Frankfurt,2,28.7,9.9,800.0,0.39,3.6,6.2,0
Berlin,3,65.2,22.0,1521.0,0.9,7.3,1.7,1
Frankfurt,5,57.5,17.8,1263.0,0.58,6.7,2.2,1
Frankfurt,5,37.2,10.9,839.0,0.81,3.6,5.7,0
Berlin,8,47.7,18.6,1238.0,0.84,4.3,5.2,0
Berlin,7,49.2,13.5,1073.0,0.9,5.2,3.7,1
Frankfurt,3,56.9,23.8,1917.0,0.78,7.4,1.8,1
Hamburg,5,36.8,11.8,874.0,0.56,5.4,5.3,0
Berlin,8,55.9,27.2,2220.0,0.52,5.2,6.4,0
Frankfurt,5,39.5,11.1,800.0,0.5,5.1,5.7,0
Munich,2,31.6,11.3,800.0,0.83,2.9,8.4,0
Cologne,10,52.2,16.4,1080.0,0.89,5.3,5.7,1
Munich,2,57.9,16.9,1530.0,0.9,5.1,5.8,1
Berlin,1,70.0,26.5,2583.0,0.72,6.7,2.9,1
Berlin,6,33.0,7.7,800.0,0.9,5.3,4.8,0
Berlin,1,52.0,15.3,1177.0,0.52,5.3,4.2,0
Berlin,8,40.9,15.4,1093.0,0.9,4.3,5.5,0
Munich,1,52.8,19.8,1632.0,0.39,3.1,7.0,0
Hamburg,8,30.3,5.9,800.0,0.8,2.6,8.1,0
Frankfurt,6,32.4,12.5,1059.0,0.53,2.9,7.5,0
Frankfurt,9,37.2,12.8,1157.0,0.43,2.5,7.4,0
Frankfurt,3,45.8,12.5,800.0,0.85,4.6,5.4,0
Cologne,7,38.6,10.5,894.0,0.9,3.2,7.2,0
Berlin,2,51.6,11.1,800.0,0.9,5.3,5.4,1
Munich,5,55.3,23.6,1835.0,0.67,5.7,2.8,1
Munich,12,51.0,20.0,1539.0,0.6,3.7,5.3,0
Munich,1,61.2,16.5,1276.0,0.59,5.5,5.6,0
Hamburg,5,49.2,18.8,1440.0,0.9,5.0,4.9,0
Berlin,8,32.8,9.2,800.0,0.52,5.1,4.5,0
Frankfurt,10,58.6,22.3,1730.0,0.9,6.2,3.5,1
Frankfurt,3,38.9,11.5,967.0,0.71,2.9,6.8,0
Berlin,6,54.1,16.9,1409.0,0.85,6.0,4.5,1
Frankfurt,4,60.7,19.4,1573.0,0.9,8.6,1.0,1
Frankfurt,8,49.6,14.6,1049.0,0.9,6.3,3.7,1
Berlin,2,30.0,14.2,1353.0,0.57,3.8,6.4,0
Munich,5,35.8,14.6,1476.0,0.64,4.7,5.7,0
Cologne,6,58.2,19.7,1321.0,0.7,8.0,2.2,1
Berlin,11,43.3,17.5,1434.0,0.78,5.9,4.6,0
Frankfurt,8,45.8,10.4,800.0,0.54,5.4,4.0,0
Frankfurt,2,52.6,13.8,1293.0,0.9,6.9,2.2,1
Cologne,9,52.0,18.7,1497.0,0.48,3.6,8.9,0
Cologne,7,47.8,18.1,1462.0,0.84,2.5,7.2,0
Cologne,10,42.9,15.1,1310.0,0.85,4.5,5.3,0
Berlin,4,41.9,8.3,800.0,0.9,4.3,6.4,0
Munich,10,53.6,14.7,1509.0,0.48,4.5,7.1,0
Cologne,2,50.5,18.1,1550.0,0.9,6.3,3.2,1
Hamburg,8,42.4,21.4,1900.0,0.8,1.4,7.6,0
Munich,2,55.8,22.3,1737.0,0.47,4.8,4.0,1
Cologne,2,43.7,19.3,1520.0,0.9,3.6,7.9,0
Frankfurt,9,36.5,13.2,1217.0,0.44,1.2,7.8,0
Berlin,4,37.4,13.5,1220.0,0.63,6.0,4.0,1
Frankfurt,7,35.2,8.6,800.0,0.52,1.5,7.5,0
Frankfurt,10,42.3,16.9,1381.0,0.37,3.3,5.2,0
Berlin,4,57.3,18.9,1606.0,0.9,7.1,2.6,1
Munich,5,36.9,14.4,1126.0,0.59,4.7,4.4,0
Frankfurt,1,46.9,15.7,1333.0,0.66,3.0,6.3,0
Munich,10,38.4,13.6,1074.0,0.82,4.9,7.1,0
Berlin,1,42.4,13.9,800.0,0.9,4.7,5.8,0
Cologne,10,29.9,10.6,800.0,0.67,6.5,4.4,0
Frankfurt,10,42.8,17.3,1576.0,0.87,4.9,5.9,0
Frankfurt,3,43.1,10.6,800.0,0.48,4.1,5.8,0
Berlin,6,50.4,12.3,1024.0,0.81,3.8,5.8,1
Berlin,12,47.2,17.0,1361.0,0.9,3.6,6.6,0
Cologne,1,33.0,15.3,1061.0,0.35,2.1,8.1,0
Berlin,12,55.8,23.7,1802.0,0.65,7.6,1.8,1
Hamburg,12,47.1,12.0,1028.0,0.77,4.7,5.4,0
Hamburg,4,47.0,14.5,1242.0,0.51,5.5,3.7,0
Berlin,9,44.9,10.5,1280.0,0.65,6.8,3.1,1
Cologne,2,39.8,11.6,834.0,0.36,1.0,8.7,0
Hamburg,2,47.2,19.1,1862.0,0.82,6.6,2.1,1
Frankfurt,2,49.8,16.5,1152.0,0.6,5.1,2.6,1
Cologne,10,27.5,8.1,800.0,0.66,3.4,5.7,0
Berlin,10,39.6,14.8,1223.0,0.65,2.7,9.1,0
Hamburg,7,42.5,11.8,916.0,0.79,3.1,6.6,0
Cologne,7,47.6,20.6,1649.0,0.9,5.5,5.3,0
Frankfurt,6,56.9,19.0,1395.0,0.9,9.3,1.0,1
Berlin,2,37.3,11.2,1079.0,0.67,5.2,3.8,1
Munich,5,40.0,15.1,1040.0,0.65,5.9,2.7,1
Hamburg,6,39.9,16.1,1352.0,0.77,3.7,6.1,0
Frankfurt,6,37.0,17.1,1520.0,0.9,2.8,9.6,0
Cologne,10,41.5,13.2,1334.0,0.81,3.0,7.5,0
Hamburg,6,52.7,20.8,1861.0,0.55,4.5,7.2,0
Hamburg,6,34.5,11.8,1058.0,0.79,1.0,8.7,0
Berlin,1,49.3,14.6,1040.0,0.83,3.8,7.5,0
Frankfurt,12,28.0,7.0,800.0,0.37,2.0,10.0,0
Hamburg,4,39.4,9.8,800.0,0.81,3.7,6.2,0
Hamburg,1,41.7,11.7,800.0,0.59,4.4,5.1,0
Frankfurt,12,61.7,23.9,1914.0,0.83,6.7,2.0,1
Cologne,3,42.3,16.2,1151.0,0.59,4.2,5.5,0
Berlin,12,23.0,5.0,800.0,0.32,1.4,8.7,0
Hamburg,11,25.0,5.0,800.0,0.71,1.0,10.0,0
Frankfurt,11,45.3,11.8,961.0,0.88,3.7,5.0,0
Munich,11,51.1,14.7,1124.0,0.52,3.7,6.4,0
Cologne,11,48.8,15.3,947.0,0.62,5.6,2.6,1
Berlin,2,46.7,19.1,1744.0,0.76,6.0,3.5,1
Munich,2,56.6,17.2,1518.0,0.9,7.1,3.2,1
Cologne,6,39.6,18.2,1622.0,0.5,5.1,5.4,0
Hamburg,1,53.9,12.9,1154.0,0.9,5.2,5.4,1
Berlin,4,28.7,8.5,800.0,0.86,2.1,8.3,0
Cologne,9,36.0,14.3,999.0,0.66,2.5,8.1,0
Cologne,3,26.9,11.5,1012.0,0.29,1.0,9.0,0
Cologne,8,42.3,13.1,1355.0,0.65,5.7,3.2,1
Cologne,9,44.5,17.9,1505.0,0.48,4.2,4.0,0
Munich,2,46.1,17.8,1621.0,0.49,2.7,6.7,0
Berlin,5,45.6,13.2,948.0,0.85,3.3,6.5,0
Hamburg,6,35.7,12.9,1248.0,0.35,2.3,9.0,0
Berlin,5,43.1,16.5,1234.0,0.59,4.4,5.5,0
Munich,6,30.0,8.2,800.0,0.74,4.6,5.2,0
Berlin,5,58.6,24.6,1897.0,0.9,5.3,5.0,1
Munich,7,42.0,11.5,1096.0,0.4,1.0,8.7,0
Munich,5,40.1,13.8,1285.0,0.85,3.7,7.1,0
Munich,5,60.9,16.5,1028.0,0.84,5.9,6.1,1
Munich,12,32.6,11.2,1159.0,0.75,2.9,9.3,0
Cologne,7,33.7,8.0,1119.0,0.84,2.4,7.7,0
Berlin,3,34.0,10.5,800.0,0.4,3.7,6.6,0
Frankfurt,10,44.3,10.0,800.0,0.74,4.5,7.0,0
Munich,7,49.3,18.8,1755.0,0.89,4.9,5.0,0
Munich,8,52.4,18.5,1496.0,0.9,5.9,4.8,1
Berlin,5,70.0,26.6,2127.0,0.6,6.4,2.5,1
Cologne,4,22.5,6.5,896.0,0.48,1.5,8.2,0
Hamburg,2,51.1,20.4,1364.0,0.61,7.2,4.0,1
Munich,5,39.4,13.3,903.0,0.9,4.8,4.5,0
Cologne,6,39.1,13.4,1154.0,0.9,5.2,4.7,0
Cologne,11,38.8,19.3,1218.0,0.78,5.7,2.7,1
Frankfurt,9,35.9,10.5,800.0,0.43,4.4,7.6,0
Munich,6,61.8,24.3,1867.0,0.64,7.6,3.7,1
Cologne,6,53.4,19.2,1732.0,0.72,3.0,7.2,1
Frankfurt,6,45.2,13.4,1207.0,0.9,4.8,5.7,0
Cologne,8,58.5,15.6,908.0,0.9,5.6,4.8,1
Frankfurt,6,29.9,6.9,800.0,0.9,5.5,5.9,0
Frankfurt,11,31.7,14.0,978.0,0.68,4.6,4.9,0
Frankfurt,11,23.2,12.9,992.0,0.86,1.4,9.4,0
Cologne,1,38.0,12.9,816.0,0.9,4.4,6.7,0
Hamburg,1,46.6,16.0,1368.0,0.65,4.9,6.3,0
Berlin,10,46.0,17.7,1275.0,0.9,5.3,2.5,1
Frankfurt,12,46.5,15.7,1375.0,0.62,3.1,6.3,0
Munich,2,30.9,13.6,1087.0,0.78,3.6,5.4,0
Berlin,1,53.0,18.6,1290.0,0.9,5.0,5.2,1
Hamburg,3,47.4,16.2,1574.0,0.61,5.2,2.8,1
Berlin,3,52.3,15.3,1511.0,0.88,4.1,3.8,1
Berlin,4,26.1,5.9,800.0,0.64,1.7,10.0,0
Hamburg,6,48.1,6.6,800.0,0.9,6.6,4.0,0
Munich,10,33.1,14.7,968.0,0.37,1.7,8.4,0
Frankfurt,7,41.0,13.2,1273.0,0.76,2.6,7.7,0
Cologne,9,50.3,15.6,1411.0,0.47,5.0,5.2,0
Munich,8,45.9,9.4,800.0,0.52,3.4,7.6,0
Munich,6,36.5,10.2,800.0,0.51,2.3,7.0,0
Frankfurt,9,45.1,12.7,1108.0,0.69,4.7,5.5,0
Munich,4,29.7,7.5,800.0,0.83,1.0,9.2,0
Munich,11,56.5,19.8,1461.0,0.45,4.1,4.8,0
Berlin,6,42.9,14.7,966.0,0.67,7.4,3.9,1
Berlin,7,56.2,14.6,970.0,0.64,6.3,3.2,1
Hamburg,2,39.7,9.4,800.0,0.6,2.9,8.2,0
Hamburg,12,39.8,9.4,930.0,0.47,4.6,5.5,0
Hamburg,1,37.4,17.9,1080.0,0.9,4.6,7.0,0
Cologne,10,53.8,22.4,1879.0,0.88,6.9,2.1,1
Frankfurt,8,37.9,10.1,858.0,0.87,3.6,5.3,0
Cologne,8,51.4,11.2,1091.0,0.9,6.6,2.5,1
Cologne,11,41.2,14.1,1180.0,0.65,1.1,9.1,0
Hamburg,7,25.2,8.6,800.0,0.79,1.0,10.0,0
Frankfurt,9,39.3,14.0,961.0,0.9,4.2,7.4,0
Cologne,9,33.2,13.3,1262.0,0.47,3.8,3.9,0
Berlin,12,45.3,16.5,1417.0,0.9,3.2,7.1,0
Cologne,3,33.1,7.7,800.0,0.7,3.7,3.1,1
Berlin,1,54.3,19.0,1699.0,0.59,4.5,6.3,0
Cologne,9,44.1,17.3,1291.0,0.76,4.0,7.1,0
Frankfurt,1,43.2,12.2,979.0,0.66,5.9,4.1,0
Berlin,12,51.6,18.1,1326.0,0.81,6.5,3.6,1
Berlin,1,54.6,16.6,1431.0,0.89,4.0,6.1,1
Hamburg,12,44.8,20.9,1475.0,0.36,2.9,6.3,0
Berlin,5,37.3,8.4,800.0,0.47,3.1,7.3,0
Cologne,2,27.3,12.6,873.0,0.9,2.7,7.1,0
Cologne,2,38.1,7.7,800.0,0.61,2.8,8.1,0
Hamburg,5,38.8,18.3,1543.0,0.65,5.4,4.4,0
Munich,7,46.1,11.9,800.0,0.9,5.1,4.0,0
Berlin,6,41.5,14.4,1235.0,0.9,4.8,3.7,1
Berlin,5,51.9,12.4,800.0,0.39,3.3,4.8,0
Berlin,3,38.9,8.9,1151.0,0.7,5.6,5.7,0
Cologne,9,44.4,17.5,1298.0,0.8,1.0,8.5,0
Frankfurt,8,56.8,22.0,1972.0,0.65,6.9,3.4,1
Frankfurt,11,48.4,16.9,1389.0,0.86,6.2,5.5,0
Frankfurt,3,44.4,17.0,1410.0,0.58,3.8,5.6,0
Hamburg,7,39.0,16.1,1057.0,0.9,5.8,3.6,1
Hamburg,3,38.7,10.8,1036.0,0.48,3.8,6.1,0
Cologne,11,36.5,8.0,800.0,0.74,3.7,6.3,0
Frankfurt,6,39.6,13.2,1146.0,0.42,4.5,7.4,0
Munich,3,52.6,15.8,1245.0,0.85,10.0,1.6,1
Berlin,8,42.8,15.4,1260.0,0.61,6.3,4.3,0
Frankfurt,3,31.5,12.1,800.0,0.54,4.2,7.2,0
Munich,5,62.7,18.8,1477.0,0.9,4.9,4.9,1
Berlin,3,48.2,18.2,1370.0,0.9,5.0,5.3,0
Berlin,8,30.9,12.3,841.0,0.75,1.9,7.8,0
Hamburg,10,40.6,15.7,1283.0,0.82,5.3,3.4,1
Munich,9,46.1,14.1,1204.0,0.58,4.8,6.4,0
Frankfurt,6,62.0,23.0,1892.0,0.59,4.5,6.0,0
Frankfurt,10,33.9,12.9,1009.0,0.56,3.5,6.5,0
Cologne,4,54.8,20.2,1696.0,0.88,4.2,5.8,1
Munich,10,59.0,24.7,2024.0,0.66,6.1,2.4,1
Berlin,4,38.7,13.9,1131.0,0.9,2.6,6.4,0
Hamburg,5,42.2,12.3,1014.0,0.89,4.3,6.1,0
Cologne,12,34.6,8.2,894.0,0.9,4.6,4.9,0
Hamburg,11,43.0,17.7,1175.0,0.69,4.2,5.6,0
Berlin,3,44.6,15.9,1212.0,0.75,3.9,6.0,0
Berlin,11,51.6,22.2,1844.0,0.64,5.5,3.9,1
Hamburg,4,55.9,12.5,800.0,0.89,6.6,2.4,1
Cologne,12,37.5,15.2,1496.0,0.89,2.1,6.3,0
Berlin,4,25.3,7.7,800.0,0.36,2.9,6.9,0
Frankfurt,1,44.8,13.9,1301.0,0.7,6.5,4.2,0
Frankfurt,1,47.9,13.7,1319.0,0.65,5.7,2.7,1
Frankfurt,9,47.5,18.5,1565.0,0.9,4.8,5.1,0
Cologne,3,41.7,15.8,814.0,0.54,5.1,5.1,0
Cologne,5,46.2,12.0,989.0,0.9,5.3,3.7,1
Munich,2,60.2,20.5,1686.0,0.72,7.1,4.3,1
Munich,1,48.8,18.4,1254.0,0.81,1.8,7.8,0
Frankfurt,7,41.3,14.3,800.0,0.58,1.8,8.1,0
Hamburg,10,40.0,16.7,1425.0,0.62,5.5,4.3,0
Hamburg,9,43.3,13.6,835.0,0.73,2.1,6.2,0
Frankfurt,4,61.4,13.7,1508.0,0.9,6.7,4.3,1
Munich,4,43.2,14.9,1249.0,0.67,3.8,5.3,0
Cologne,3,44.8,15.5,1508.0,0.78,3.0,6.8,0
Hamburg,3,40.2,14.3,1152.0,0.54,4.5,6.1,0
Cologne,2,56.0,22.0,1909.0,0.9,5.9,5.6,1
Frankfurt,3,64.6,15.7,1265.0,0.74,9.6,1.0,1
Cologne,5,49.5,15.8,1464.0,0.53,4.0,5.5,0
Hamburg,8,45.8,12.5,800.0,0.71,6.7,4.6,0
Munich,8,45.4,11.5,1098.0,0.54,5.1,5.4,0
Hamburg,5,21.2,6.8,800.0,0.5,1.1,9.5,0
Berlin,11,52.5,19.6,1536.0,0.8,6.4,2.5,1
Cologne,1,46.3,16.4,1226.0,0.79,5.5,4.1,0
Cologne,10,49.3,14.4,1089.0,0.47,5.0,4.9,0
Cologne,2,37.9,12.2,1032.0,0.54,4.2,5.0,0
Frankfurt,8,41.2,16.5,1563.0,0.85,3.2,5.1,0
Frankfurt,10,40.9,15.7,1148.0,0.83,2.9,6.6,0
Hamburg,9,55.2,16.7,999.0,0.73,6.7,4.7,1
Munich,11,41.2,11.9,1448.0,0.67,3.8,6.3,0
Berlin,7,65.8,16.8,1478.0,0.63,6.5,4.9,1
Munich,9,49.3,15.1,1134.0,0.9,5.4,4.8,0
Munich,12,32.2,5.5,800.0,0.9,3.6,5.6,0
Berlin,9,43.7,20.8,1849.0,0.49,2.2,9.1,0
Frankfurt,11,38.5,10.3,919.0,0.9,5.8,4.4,0
Cologne,6,23.1,11.0,800.0,0.54,2.5,8.5,0
Frankfurt,6,61.0,25.8,2196.0,0.49,5.8,3.1,1
Cologne,7,52.0,18.0,1657.0,0.85,5.8,5.2,1
Cologne,1,50.3,16.5,974.0,0.72,5.4,5.7,1
Frankfurt,11,46.7,11.6,972.0,0.9,5.8,4.5,0
Munich,9,31.2,8.9,800.0,0.85,3.9,5.3,0
Cologne,1,40.2,18.2,1509.0,0.9,5.1,4.9,0
Frankfurt,8,53.4,18.9,1518.0,0.83,7.4,3.2,1
Munich,10,34.5,11.6,1164.0,0.73,4.8,5.5,0
Berlin,2,20.0,10.6,806.0,0.53,1.8,8.8,0
Cologne,10,42.7,16.3,1306.0,0.51,2.6,8.4,0
Munich,11,43.6,14.1,1190.0,0.9,6.9,2.5,1
Cologne,7,46.4,16.1,1252.0,0.9,4.3,4.6,0
Munich,5,52.3,15.1,933.0,0.52,4.5,5.4,0
Berlin,8,51.4,15.4,1278.0,0.9,2.5,7.1,1
Cologne,11,47.6,15.2,1265.0,0.87,5.3,5.5,0
Frankfurt,10,57.0,20.7,1580.0,0.9,5.9,3.0,1
Munich,7,29.8,6.2,800.0,0.85,1.0,10.0,0
Berlin,8,50.0,16.9,800.0,0.79,5.7,5.7,1
Cologne,2,51.3,15.9,1515.0,0.46,4.4,5.6,0
Berlin,10,32.6,8.2,833.0,0.9,7.3,2.8,1
Berlin,11,30.0,8.8,800.0,0.83,2.1,7.1,0
Cologne,9,37.5,5.5,800.0,0.45,3.1,6.4,0
Cologne,12,38.4,10.5,1131.0,0.34,2.5,7.1,0
Munich,6,52.5,14.2,906.0,0.64,7.2,4.3,1
Frankfurt,11,38.9,12.1,1065.0,0.56,3.3,6.6,0
Berlin,6,36.4,5.3,800.0,0.88,2.6,6.1,0
Cologne,6,38.9,13.5,1165.0,0.45,4.9,5.3,0
Berlin,1,56.2,21.5,1727.0,0.86,3.5,7.3,1
Munich,7,45.1,14.7,1119.0,0.9,5.5,4.5,0
Munich,2,43.2,15.9,1350.0,0.9,7.0,4.5,0
Munich,2,43.9,13.1,949.0,0.51,5.2,5.5,0
Frankfurt,5,57.9,14.6,815.0,0.9,6.7,2.2,1
Hamburg,6,37.5,12.5,815.0,0.9,5.1,4.4,0
Hamburg,1,58.2,21.4,1505.0,0.69,8.4,1.8,1
Hamburg,12,47.1,11.7,800.0,0.55,6.5,1.8,0
Frankfurt,1,43.4,13.1,1119.0,0.9,5.0,5.3,0
Frankfurt,1,70.0,22.6,1773.0,0.9,8.4,1.0,1
Berlin,7,34.4,20.0,1674.0,0.69,2.1,8.9,0
Berlin,12,41.5,14.5,1263.0,0.9,5.3,5.6,0
Munich,1,32.7,5.2,800.0,0.75,1.8,8.7,0
Frankfurt,9,54.5,11.7,1019.0,0.68,4.9,4.4,1
Hamburg,3,61.9,22.8,1630.0,0.54,1.6,8.6,0
Hamburg,12,61.7,28.0,2358.0,0.63,6.8,2.7,1
Berlin,10,57.2,18.2,1503.0,0.62,4.8,4.2,1
Munich,2,43.0,13.3,1504.0,0.77,6.0,3.7,1
Munich,6,41.3,15.1,1208.0,0.59,4.7,6.0,0
Cologne,2,28.3,7.0,800.0,0.9,4.5,5.5,0
Frankfurt,5,65.4,14.2,1113.0,0.45,4.9,6.5,0
Hamburg,5,49.7,19.7,1584.0,0.88,6.5,4.2,0
Hamburg,9,40.1,11.5,918.0,0.9,7.2,3.5,1
Berlin,12,58.3,22.6,1719.0,0.9,7.0,1.4,1
Berlin,4,35.3,9.5,800.0,0.82,4.7,5.0,0
Frankfurt,8,49.1,16.7,1462.0,0.7,5.2,3.8,1
Berlin,7,43.3,17.0,1275.0,0.9,3.5,6.3,0
Berlin,7,51.4,20.3,1794.0,0.71,6.3,3.0,1
Hamburg,1,44.4,15.5,1382.0,0.76,2.2,7.4,0
Frankfurt,6,30.5,10.7,800.0,0.88,2.4,8.6,0
Hamburg,6,45.8,17.1,1176.0,0.37,1.9,8.6,0
Hamburg,10,55.5,19.9,1681.0,0.9,4.5,6.5,1
Berlin,8,44.7,11.0,800.0,0.9,5.4,3.0,1
Hamburg,6,52.8,13.8,892.0,0.87,6.0,4.0,1
Frankfurt,8,34.5,5.2,800.0,0.6,3.5,7.4,0
Berlin,6,44.7,17.2,1184.0,0.9,4.7,6.8,0
Frankfurt,8,38.8,11.7,800.0,0.28,1.0,7.4,0
Munich,5,52.5,20.0,1439.0,0.69,4.7,5.0,1
Frankfurt,9,45.3,16.3,1352.0,0.83,3.5,7.5,0
Frankfurt,12,51.9,14.3,1158.0,0.9,4.2,5.6,1
Cologne,4,55.9,18.3,1839.0,0.65,6.5,2.6,1
Frankfurt,6,51.9,15.9,1122.0,0.42,3.9,4.5,0
Hamburg,11,47.7,14.1,1174.0,0.88,3.9,5.2,0
Hamburg,2,35.0,14.4,1379.0,0.5,1.0,7.3,0
Berlin,3,45.0,22.5,1670.0,0.49,4.1,6.0,0
Munich,4,39.7,16.6,1466.0,0.37,2.3,8.6,0
Berlin,3,41.6,13.8,800.0,0.8,4.3,4.5,0
Frankfurt,12,41.3,17.5,1754.0,0.68,2.7,7.6,0
Frankfurt,7,35.2,16.9,1549.0,0.9,3.7,7.2,0
Hamburg,9,25.4,5.0,800.0,0.34,2.3,7.7,0
Frankfurt,6,38.3,16.4,1482.0,0.9,6.3,2.0,1
Frankfurt,3,46.9,18.0,1699.0,0.9,5.4,4.9,0
Hamburg,9,31.5,14.1,868.0,0.52,1.0,8.9,0
Munich,1,45.2,17.5,1279.0,0.38,2.6,7.2,0
Frankfurt,5,64.0,20.7,1921.0,0.9,6.5,3.0,1
Cologne,11,55.2,24.5,1974.0,0.45,4.1,6.0,0
Munich,11,61.4,21.5,1807.0,0.64,1.7,8.8,1
Munich,10,48.9,15.0,1214.0,0.84,6.9,5.5,0
Hamburg,10,56.7,20.4,1811.0,0.9,6.7,3.4,1
Berlin,5,37.8,15.5,1343.0,0.73,4.6,7.0,0
Frankfurt,2,38.6,13.1,1072.0,0.63,2.9,7.4,0
Frankfurt,5,20.0,7.8,800.0,0.86,2.6,7.3,0
Berlin,1,56.9,19.2,1666.0,0.9,4.6,5.5,1
Frankfurt,1,60.4,18.2,1598.0,0.85,6.3,2.4,1
Cologne,11,39.5,10.7,800.0,0.6,2.6,7.7,0
Berlin,4,42.5,9.9,800.0,0.9,6.5,1.5,1
Hamburg,6,37.5,17.0,1467.0,0.77,1.4,7.7,0
Berlin,11,48.8,15.6,1287.0,0.73,6.7,3.4,1
Munich,2,56.2,8.5,800.0,0.83,5.7,5.5,1
Hamburg,5,27.6,10.4,800.0,0.39,2.0,9.4,0
Munich,11,49.1,17.5,1462.0,0.84,5.2,4.6,0
Hamburg,10,42.2,8.5,814.0,0.9,5.3,4.8,0
Berlin,5,46.1,12.9,914.0,0.65,6.7,4.3,0
Munich,3,49.6,13.9,1083.0,0.67,5.4,3.2,1
Hamburg,4,43.1,12.1,800.0,0.62,3.0,7.4,0
Frankfurt,11,44.0,18.3,1728.0,0.9,4.5,4.7,0
Munich,2,42.9,13.8,1142.0,0.9,7.0,2.8,1
Cologne,7,54.7,17.0,1223.0,0.76,7.5,2.0,1
Hamburg,3,49.2,19.8,1350.0,0.66,6.3,4.2,0
Frankfurt,6,47.2,17.2,1124.0,0.9,5.9,4.6,0
Frankfurt,9,32.3,5.5,806.0,0.7,4.3,6.6,0
Berlin,7,41.2,11.9,916.0,0.85,5.9,4.5,0
Berlin,4,54.0,19.0,1437.0,0.82,4.7,5.5,1
Munich,2,45.4,12.3,943.0,0.66,2.5,9.3,0
Munich,12,51.6,23.3,1737.0,0.83,5.3,3.2,1
Cologne,7,62.7,21.2,1677.0,0.9,5.0,6.7,1
Frankfurt,8,55.4,16.2,1303.0,0.9,4.0,5.8,1
Hamburg,3,45.9,11.9,958.0,0.47,3.5,7.1,0
Cologne,11,39.9,16.1,1034.0,0.9,7.7,2.0,1
Cologne,7,20.0,5.0,800.0,0.57,2.2,7.1,0
Cologne,1,43.3,15.6,1136.0,0.62,4.9,5.6,0
Hamburg,11,41.7,10.5,800.0,0.7,2.3,8.7,0
Cologne,8,48.9,16.5,1180.0,0.61,2.1,8.3,0
Berlin,7,43.5,12.6,800.0,0.82,3.1,6.3,0
Berlin,6,41.8,13.0,1092.0,0.57,6.3,7.3,0
Berlin,11,27.2,6.7,800.0,0.54,3.2,8.0,0
Cologne,3,35.6,14.9,1051.0,0.44,4.5,6.5,0
Cologne,4,49.8,15.1,841.0,0.9,6.1,3.6,1
Frankfurt,8,62.2,20.3,1418.0,0.9,5.3,4.0,1
Munich,1,44.0,14.4,1062.0,0.88,6.5,3.2,1
Frankfurt,2,48.3,20.9,1428.0,0.76,3.9,7.2,0
Berlin,1,54.5,20.8,1548.0,0.61,7.6,1.4,1
Munich,4,36.9,14.7,1063.0,0.72,4.4,4.6,0
Frankfurt,6,48.7,11.5,916.0,0.63,2.2,8.4,0
Hamburg,5,37.6,10.6,800.0,0.36,2.6,7.7,0
Hamburg,6,53.6,21.4,1832.0,0.8,2.7,6.5,1
Hamburg,2,46.5,12.0,1292.0,0.69,6.4,2.5,1
Berlin,5,48.0,16.2,1586.0,0.87,4.8,6.7,0
Munich,1,37.2,9.2,800.0,0.49,1.0,9.4,0
Berlin,6,52.1,14.5,1291.0,0.9,5.8,2.9,1
Hamburg,4,65.8,27.0,2269.0,0.62,5.8,2.9,1
Cologne,12,34.9,13.8,1095.0,0.3,1.3,8.4,0
Berlin,10,41.6,16.8,1381.0,0.9,6.7,4.1,0
Munich,9,47.3,18.1,1586.0,0.59,4.9,5.7,0
Berlin,12,52.9,17.2,1553.0,0.82,4.8,6.3,1
Munich,3,39.4,11.1,800.0,0.59,3.3,5.2,0
Cologne,3,20.0,5.5,800.0,0.63,1.0,9.2,0
Frankfurt,9,58.6,19.0,1850.0,0.75,3.9,7.5,1
Munich,4,52.6,22.9,2006.0,0.9,7.2,4.1,1
Munich,7,27.6,5.2,800.0,0.31,2.0,8.3,0
Hamburg,10,38.9,11.3,800.0,0.9,3.9,8.4,0
Hamburg,2,60.7,17.5,1518.0,0.64,3.0,7.6,1
Cologne,1,59.5,23.0,1893.0,0.71,4.0,7.1,1
Berlin,10,54.4,23.7,2101.0,0.76,6.4,3.7,1
Frankfurt,1,43.2,15.3,1002.0,0.9,4.9,4.3,0
Frankfurt,6,45.8,16.4,1215.0,0.9,7.2,1.9,1
Cologne,4,43.7,14.8,1367.0,0.71,6.4,3.8,1
Frankfurt,2,56.3,20.1,1394.0,0.9,5.3,4.5,1
Berlin,7,36.2,14.4,1200.0,0.68,4.3,3.9,1
Hamburg,8,36.9,13.6,1084.0,0.88,3.2,5.8,0
Cologne,7,55.1,19.9,1550.0,0.65,8.6,1.1,1
Frankfurt,10,44.6,17.2,1489.0,0.72,6.2,4.5,0
Cologne,9,58.8,14.3,918.0,0.76,6.1,3.9,1
Cologne,1,38.3,12.8,865.0,0.85,4.1,5.8,0
Munich,10,44.5,15.7,1231.0,0.64,6.6,2.4,1
Munich,6,35.8,13.2,814.0,0.59,4.4,5.6,0
Cologne,8,45.1,14.5,1407.0,0.9,6.8,4.5,0
Munich,9,30.2,10.6,800.0,0.3,1.0,9.2,0
Frankfurt,11,40.1,11.2,1054.0,0.56,4.7,3.8,0
Cologne,8,30.6,5.0,800.0,0.77,2.3,6.5,0
Munich,6,51.9,20.3,1762.0,0.9,7.8,2.8,1
Frankfurt,8,52.2,14.0,800.0,0.9,7.5,2.2,1
Hamburg,8,27.7,8.8,982.0,0.66,2.8,7.1,0
Hamburg,1,58.3,17.2,1603.0,0.67,8.1,1.2,1
Cologne,8,70.0,28.1,2136.0,0.9,9.7,1.0,1
Berlin,7,45.5,14.9,1028.0,0.51,4.7,5.0,0
Frankfurt,8,38.6,11.9,1046.0,0.81,7.6,2.2,1
Cologne,8,70.0,25.6,1741.0,0.58,7.0,2.2,1
Munich,12,31.8,17.1,1373.0,0.77,2.9,8.1,0
Hamburg,10,45.2,16.3,1141.0,0.79,5.8,4.0,1
Munich,11,46.8,14.5,1106.0,0.9,4.1,6.5,0
Frankfurt,10,58.5,21.6,1597.0,0.58,6.0,2.8,1
Cologne,6,48.6,11.5,800.0,0.9,7.0,4.8,0
Hamburg,9,40.0,13.5,1419.0,0.71,4.0,7.2,0
Frankfurt,3,35.5,17.8,1581.0,0.47,1.0,7.1,0
Hamburg,10,41.6,14.3,851.0,0.82,4.7,4.5,0
Hamburg,1,34.9,12.0,800.0,0.8,2.4,8.0,0
Cologne,9,45.5,15.2,1389.0,0.76,5.8,2.8,1
Cologne,10,39.4,11.9,1148.0,0.59,5.0,4.9,0
Berlin,10,30.1,11.0,800.0,0.9,5.2,5.2,0
Berlin,2,57.6,21.5,1860.0,0.74,7.1,2.7,1
Berlin,3,40.0,12.3,1041.0,0.9,5.6,4.9,0
Berlin,11,32.3,5.0,800.0,0.77,2.2,7.1,0
Munich,4,43.3,15.8,1186.0,0.89,5.5,2.2,1
Berlin,8,45.7,21.6,1703.0,0.58,7.5,3.5,1
Munich,11,27.5,8.0,800.0,0.56,1.7,9.3,0
Hamburg,9,48.3,11.7,800.0,0.88,7.5,5.0,1
Munich,3,34.5,13.5,931.0,0.56,2.6,5.2,0
Hamburg,2,62.1,25.9,1950.0,0.54,4.9,5.8,0
Berlin,2,50.2,18.3,1360.0,0.69,5.5,2.6,1
Munich,11,41.0,18.8,1403.0,0.5,5.2,6.6,0
Hamburg,9,37.5,14.9,1165.0,0.63,5.1,5.4,0
Berlin,12,44.0,16.8,1404.0,0.4,3.0,6.1,0
Hamburg,8,51.1,15.5,1594.0,0.9,5.8,5.0,1
Cologne,2,44.7,15.8,1436.0,0.78,3.4,6.0,0
Hamburg,8,42.8,14.2,1398.0,0.87,2.0,8.3,0
Berlin,4,45.6,15.0,1104.0,0.59,3.2,7.0,0
Frankfurt,6,39.0,12.2,800.0,0.81,2.8,9.0,0
Cologne,5,41.6,14.5,1323.0,0.8,4.9,6.9,0
Munich,5,24.1,5.0,800.0,0.79,4.1,5.3,0
Cologne,10,54.7,20.7,1801.0,0.69,3.3,7.8,1
Berlin,10,48.0,13.4,893.0,0.9,5.3,5.0,0
Hamburg,7,37.3,11.7,1063.0,0.32,2.0,6.6,0
Frankfurt,8,64.0,22.3,1751.0,0.62,7.3,2.0,1
Berlin,5,45.9,12.5,908.0,0.44,3.7,8.7,0
Hamburg,4,34.6,5.6,800.0,0.47,1.9,8.5,0
Berlin,2,53.6,16.7,1435.0,0.88,6.6,4.4,1
Frankfurt,5,49.0,12.0,1118.0,0.79,4.0,5.8,0
Hamburg,8,48.9,18.5,1403.0,0.85,4.4,5.0,0
Frankfurt,1,40.7,10.1,878.0,0.42,1.0,9.0,0
Hamburg,6,49.5,21.0,1745.0,0.9,6.4,3.4,1
Cologne,2,42.4,14.1,1276.0,0.54,5.5,3.0,0
Berlin,2,50.6,17.0,1560.0,0.46,5.1,3.9,1
Munich,8,26.0,5.0,800.0,0.67,1.0,9.7,0
Munich,6,40.7,14.0,1026.0,0.9,5.9,3.7,1
Berlin,6,62.2,20.5,1932.0,0.83,5.2,4.8,1
Munich,6,37.3,8.5,800.0,0.51,3.1,7.2,0
Frankfurt,9,39.0,13.2,841.0,0.9,7.4,2.9,1
Munich,3,40.5,12.3,855.0,0.88,3.0,8.1,0
Berlin,2,32.9,10.3,917.0,0.73,4.4,4.5,0
Cologne,5,22.9,7.7,800.0,0.9,3.1,7.4,0
Berlin,6,42.7,12.8,822.0,0.62,4.9,5.9,0
Berlin,9,46.4,16.2,1143.0,0.75,5.1,5.9,0
Hamburg,9,44.5,14.6,1059.0,0.9,5.0,3.6,1
Munich,2,43.6,15.9,1102.0,0.72,4.8,5.5,0
Munich,9,45.4,13.6,800.0,0.71,4.5,7.3,0
Hamburg,9,55.2,15.2,800.0,0.64,7.8,2.1,1
Frankfurt,6,43.1,12.2,903.0,0.44,2.3,8.1,0
Frankfurt,1,39.3,17.4,1444.0,0.57,5.5,5.3,0
Hamburg,11,42.2,16.9,1486.0,0.81,5.5,3.5,1
Munich,8,50.8,20.6,1373.0,0.7,6.1,5.7,1
Frankfurt,8,59.1,23.6,1615.0,0.63,7.6,2.9,1
Frankfurt,8,38.7,11.5,815.0,0.69,3.7,6.8,0
Cologne,8,46.0,16.2,1298.0,0.69,1.8,6.5,0
Frankfurt,10,48.4,16.4,1510.0,0.88,4.7,6.1,0
Munich,5,35.1,13.7,1237.0,0.8,2.0,8.5,0
Cologne,2,45.2,14.2,1062.0,0.66,3.4,8.2,0
Cologne,9,30.3,10.4,903.0,0.49,1.2,8.5,0
Munich,12,27.3,9.3,800.0,0.71,2.0,7.0,0
Hamburg,11,48.7,17.8,1440.0,0.41,4.0,5.3,0
Berlin,6,41.2,15.7,1243.0,0.63,1.0,8.5,0
Frankfurt,3,47.0,16.0,1557.0,0.73,5.8,3.1,1
Hamburg,1,44.8,15.3,1324.0,0.86,7.8,3.5,1
Berlin,12,35.2,12.4,840.0,0.6,4.4,6.9,0
Munich,5,44.5,19.8,1431.0,0.48,4.2,5.7,0
Frankfurt,4,32.7,5.7,800.0,0.6,3.2,6.4,0
Hamburg,4,58.9,16.7,1025.0,0.65,5.3,2.9,1
Berlin,9,31.4,12.5,954.0,0.9,3.3,7.4,0
Munich,6,43.0,15.2,1184.0,0.9,4.2,7.4,0
Cologne,8,34.6,12.3,1078.0,0.7,2.2,7.2,0
Cologne,9,50.7,18.9,1635.0,0.9,7.6,2.3,1
Cologne,1,41.7,14.5,1183.0,0.75,1.9,8.5,0
Munich,7,39.8,11.6,800.0,0.66,5.1,6.7,0
Berlin,7,53.5,19.7,1334.0,0.82,5.2,5.0,1
Munich,9,45.3,15.2,1092.0,0.7,7.4,2.8,1
Cologne,1,50.2,15.4,1361.0,0.89,5.5,4.7,1
Munich,2,35.2,13.8,1228.0,0.38,3.0,5.6,0
Frankfurt,6,31.0,12.3,932.0,0.83,2.7,5.8,0
Berlin,4,46.1,16.0,1752.0,0.78,4.7,4.5,0
Frankfurt,5,41.8,19.1,1839.0,0.36,2.5,8.5,0
Cologne,5,51.3,21.1,1933.0,0.9,4.0,5.7,1
Berlin,10,44.2,17.7,1559.0,0.81,1.7,7.7,0
Frankfurt,1,47.1,23.4,1962.0,0.88,3.3,6.1,0
Munich,1,28.8,9.1,809.0,0.82,3.0,6.8,0
Hamburg,7,63.9,19.9,1231.0,0.9,6.8,4.9,1
Munich,3,43.4,17.0,1152.0,0.51,1.4,8.5,0
Cologne,5,52.0,16.6,1281.0,0.53,5.0,4.2,0
Hamburg,8,36.6,12.2,1005.0,0.6,4.5,5.5,0
Berlin,5,48.1,13.1,1021.0,0.64,4.6,7.2,0
Hamburg,10,32.0,12.5,1053.0,0.53,2.2,7.3,0
Berlin,9,49.5,12.1,800.0,0.76,4.3,4.5,0
Frankfurt,4,41.4,13.5,1183.0,0.49,3.3,6.2,0
Frankfurt,7,45.3,15.1,1217.0,0.49,3.6,6.6,0
Frankfurt,8,52.0,16.0,1244.0,0.9,5.5,5.2,1
Frankfurt,7,32.7,5.6,800.0,0.54,6.7,4.3,0
Frankfurt,4,38.2,7.4,800.0,0.42,2.7,6.3,0
Hamburg,8,49.6,14.3,1095.0,0.68,4.5,4.6,0
Berlin,10,66.0,23.6,1946.0,0.62,6.5,3.2,1
Frankfurt,11,43.6,15.4,1062.0,0.9,3.3,7.4,0
Frankfurt,10,50.9,16.9,953.0,0.9,6.7,2.0,1
Berlin,10,43.9,12.0,800.0,0.51,1.0,8.4,0
Hamburg,4,64.4,22.5,1787.0,0.55,5.6,3.8,1
Frankfurt,10,27.5,5.0,800.0,0.63,4.0,7.0,0
Hamburg,12,45.9,8.1,800.0,0.8,4.2,6.4,0
Frankfurt,8,28.7,8.9,800.0,0.86,1.6,9.3,0
Hamburg,8,20.0,5.0,800.0,0.62,2.7,8.7,0
Cologne,4,48.0,19.0,1550.0,0.9,6.2,3.5,1
Frankfurt,5,46.4,15.9,1242.0,0.56,5.0,3.9,0
Frankfurt,5,42.2,19.0,1648.0,0.72,3.0,5.8,0
Munich,5,43.9,13.0,891.0,0.6,5.1,3.1,0
Munich,3,70.0,24.8,1579.0,0.64,6.4,3.1,1
Hamburg,2,42.4,13.4,800.0,0.77,5.4,4.3,0
Munich,1,50.1,20.8,1587.0,0.69,7.2,3.6,1
Hamburg,11,38.5,12.2,1003.0,0.68,1.0,9.0,0
Frankfurt,3,48.0,18.5,1437.0,0.9,5.0,4.5,0
Frankfurt,9,42.6,11.0,800.0,0.52,1.7,8.2,0
Cologne,7,40.9,12.4,800.0,0.78,7.8,1.2,1
Cologne,2,63.2,20.8,1287.0,0.59,5.6,5.4,0
Munich,11,56.8,22.7,1891.0,0.77,6.8,2.4,1
Frankfurt,8,46.4,8.9,800.0,0.76,4.6,4.3,0
Hamburg,11,22.0,6.3,800.0,0.47,1.0,9.8,0
Munich,8,41.4,12.7,800.0,0.71,2.8,7.8,0
Cologne,7,70.0,17.1,1175.0,0.9,9.4,1.0,1
Berlin,12,42.7,12.8,1036.0,0.54,5.7,5.2,0
Hamburg,11,56.0,14.1,1181.0,0.9,8.5,1.0,1
Berlin,6,59.4,12.8,992.0,0.9,6.0,3.6,1
Munich,2,47.2,14.9,1471.0,0.47,5.2,5.0,0
Munich,4,36.6,11.3,800.0,0.69,3.3,7.3,0
Berlin,1,20.6,6.1,800.0,0.64,1.6,8.8,0
Munich,7,51.8,18.0,1487.0,0.81,3.6,6.3,1
Munich,11,36.9,9.6,800.0,0.62,3.8,5.8,0
Frankfurt,2,46.8,21.0,1863.0,0.87,3.5,6.9,0
Hamburg,6,32.5,10.7,800.0,0.72,3.9,6.0,0
Cologne,9,42.3,18.0,1372.0,0.67,4.5,7.3,0
Frankfurt,5,45.3,10.1,800.0,0.88,5.0,5.6,0
Munich,5,47.7,13.4,1258.0,0.9,7.3,1.8,1
Cologne,4,33.9,13.3,1135.0,0.85,3.3,6.2,0
Munich,1,57.0,18.3,1684.0,0.9,6.8,3.2,1
Hamburg,4,39.0,9.8,824.0,0.71,7.0,4.3,0
Munich,9,28.3,5.0,800.0,0.51,4.8,6.6,0
Berlin,9,43.9,16.8,1197.0,0.83,6.1,3.5,1
Berlin,7,45.3,17.1,1563.0,0.43,4.1,5.0,0
Berlin,4,46.6,16.3,1222.0,0.86,5.0,3.9,1
Berlin,9,58.6,18.1,1445.0,0.54,3.9,6.4,0
Cologne,5,42.6,10.9,1015.0,0.72,5.0,7.3,0
Berlin,12,43.8,14.4,1621.0,0.83,4.8,5.7,0
Munich,12,34.0,7.4,800.0,0.66,3.4,5.0,0
Frankfurt,10,53.2,15.5,1421.0,0.68,6.9,2.4,1
Munich,2,46.8,19.4,1443.0,0.87,2.9,6.5,0
Munich,9,40.8,8.0,800.0,0.9,6.5,2.6,1
Munich,6,26.0,10.7,836.0,0.76,3.9,5.7,0
Munich,5,59.4,24.3,2225.0,0.9,5.8,4.5,1
Frankfurt,11,32.7,13.4,1039.0,0.6,3.0,7.6,0
Berlin,10,39.1,14.2,1404.0,0.66,4.6,6.5,0
Hamburg,12,48.6,14.8,924.0,0.65,7.1,3.4,1
Cologne,8,33.0,9.1,1006.0,0.85,3.5,4.6,0
Frankfurt,2,30.1,5.0,800.0,0.59,3.2,5.7,0
Frankfurt,5,23.8,8.0,813.0,0.74,2.4,7.4,0
Frankfurt,10,52.2,16.2,1123.0,0.77,7.9,2.3,1
Cologne,8,39.5,11.1,1011.0,0.85,3.4,7.5,0
Munich,4,70.0,23.3,1669.0,0.61,7.0,3.1,1
Cologne,10,35.1,11.9,1157.0,0.86,5.7,4.3,0
Frankfurt,10,35.8,10.0,971.0,0.87,3.8,6.4,0
Munich,11,39.3,18.0,1316.0,0.88,5.6,4.1,0
Frankfurt,9,47.4,18.0,1556.0,0.79,3.4,6.7,0
Hamburg,7,40.3,16.1,1479.0,0.7,3.7,7.4,0
Berlin,12,51.1,16.7,1154.0,0.9,7.3,2.6,1
Berlin,7,35.2,13.3,855.0,0.36,2.5,7.5,0
Frankfurt,9,31.2,7.7,800.0,0.5,2.9,7.1,0
Munich,3,27.0,11.0,800.0,0.79,3.1,8.2,0
Hamburg,3,22.8,7.0,800.0,0.82,1.0,7.9,0
Hamburg,10,39.8,10.2,1002.0,0.69,3.4,8.4,0
Munich,7,42.0,13.9,1226.0,0.85,4.4,4.5,0
Munich,2,38.7,12.0,800.0,0.81,3.9,5.4,0
Hamburg,10,57.4,26.1,1987.0,0.9,7.7,3.1,1
Berlin,3,57.3,20.4,1400.0,0.9,8.0,3.0,1
Berlin,6,41.7,18.6,1662.0,0.72,2.9,5.7,0
Hamburg,9,27.1,12.4,903.0,0.41,2.9,6.0,0
Cologne,4,39.3,13.2,800.0,0.66,4.9,5.3,0
Hamburg,5,39.0,11.7,968.0,0.66,6.2,6.2,0
Frankfurt,6,38.4,7.6,800.0,0.9,4.9,6.3,0
Cologne,3,38.0,10.1,800.0,0.68,4.2,5.5,0
Munich,2,38.5,14.8,1132.0,0.76,4.8,2.7,1
Hamburg,4,41.1,12.8,844.0,0.9,5.1,5.0,0
Hamburg,6,38.6,14.0,1370.0,0.83,2.5,7.9,0
Cologne,4,47.1,9.6,800.0,0.9,5.0,4.6,0
Hamburg,12,48.6,17.6,1261.0,0.64,7.0,2.1,1
Frankfurt,8,35.9,15.3,1210.0,0.38,3.3,6.9,0
Berlin,9,57.7,13.9,1071.0,0.57,6.0,3.1,1
Hamburg,8,35.2,12.8,1166.0,0.8,3.2,8.7,0
Berlin,7,28.8,13.6,1334.0,0.5,1.0,10.0,0
Munich,2,48.8,21.3,1949.0,0.52,4.9,5.7,0
Munich,10,36.8,10.8,800.0,0.85,4.1,6.0,0
Hamburg,2,48.2,18.4,1534.0,0.52,4.1,5.3,0
Munich,10,21.0,11.3,1200.0,0.6,1.0,9.0,0
Hamburg,5,58.9,20.8,1973.0,0.87,4.6,7.1,1
Berlin,4,51.7,21.1,1513.0,0.88,6.3,4.6,1
Cologne,4,30.0,9.9,910.0,0.9,6.0,4.2,0
Hamburg,4,30.2,11.3,985.0,0.72,5.1,5.8,0
Cologne,7,61.7,18.7,1682.0,0.59,4.2,6.4,0
Berlin,3,37.6,12.0,1213.0,0.57,5.0,5.4,0
Berlin,2,36.7,13.5,873.0,0.64,2.7,8.3,0
Cologne,5,22.3,5.4,800.0,0.78,1.4,9.2,0
Hamburg,6,41.5,13.2,1234.0,0.9,3.5,7.4,0
Cologne,8,42.7,16.5,1351.0,0.9,5.3,4.8,0
Hamburg,11,52.2,23.5,1438.0,0.85,6.7,3.1,1
Hamburg,3,31.0,5.0,800.0,0.71,3.0,6.5,0
Cologne,4,29.8,15.9,1401.0,0.69,2.9,6.5,0
Berlin,4,49.5,15.7,1426.0,0.76,5.6,2.7,1
Frankfurt,4,55.1,21.3,1430.0,0.61,6.4,2.7,1
Munich,7,29.3,13.2,1280.0,0.47,4.7,4.4,0
Frankfurt,4,55.8,23.3,1824.0,0.64,3.7,5.8,1
Berlin,7,45.4,12.9,831.0,0.54,4.6,7.0,0
Munich,4,55.9,18.0,1325.0,0.9,4.0,5.9,1
Cologne,10,44.3,14.6,924.0,0.87,4.4,5.9,0
Frankfurt,8,20.0,5.6,800.0,0.65,1.7,8.6,0
Hamburg,5,43.5,18.4,1102.0,0.44,4.3,7.3,0
Berlin,2,55.6,18.3,1449.0,0.79,4.4,5.1,1
Berlin,9,36.1,7.2,800.0,0.64,1.4,8.4,0
Berlin,9,41.1,11.8,800.0,0.51,1.0,8.9,0
Frankfurt,1,43.2,9.7,800.0,0.8,4.1,7.0,0
Hamburg,5,20.0,6.0,800.0,0.78,1.4,10.0,0
Frankfurt,3,61.7,22.6,1941.0,0.9,5.2,5.3,1
Hamburg,10,36.0,10.0,800.0,0.76,5.6,5.7,0
Munich,11,50.1,15.5,1381.0,0.54,3.7,6.5,0
Cologne,5,44.1,13.9,800.0,0.81,6.5,3.3,1
Berlin,4,57.6,19.6,1527.0,0.9,8.2,3.0,1
Hamburg,3,49.1,17.9,1290.0,0.79,2.0,8.5,0
Frankfurt,7,42.7,16.6,1259.0,0.44,4.4,4.9,0
Frankfurt,5,36.1,18.8,1197.0,0.82,3.0,8.0,0
Berlin,1,53.0,18.0,1774.0,0.35,1.0,8.8,0
Berlin,4,26.3,11.0,800.0,0.59,1.0,8.7,0
Berlin,1,51.5,12.4,800.0,0.9,6.3,4.6,1
Munich,3,34.0,10.2,1175.0,0.86,6.4,3.5,1
Cologne,11,57.5,18.4,1534.0,0.8,7.1,3.3,1
Hamburg,10,46.6,12.5,800.0,0.65,5.1,5.5,0
Berlin,10,51.4,15.5,1217.0,0.64,5.1,4.1,1
Hamburg,5,45.8,15.0,1149.0,0.9,7.1,3.3,1
Frankfurt,6,27.5,7.6,800.0,0.9,6.0,5.4,0
Cologne,11,36.4,19.9,1443.0,0.83,2.8,6.3,0
Cologne,1,51.7,18.8,1497.0,0.48,2.2,8.3,0
Hamburg,10,46.7,21.6,1978.0,0.76,1.5,7.7,0
Frankfurt,9,56.8,23.4,1835.0,0.61,7.7,3.4,1
Frankfurt,9,49.0,14.4,1131.0,0.57,4.8,6.2,0
Munich,1,35.3,11.9,800.0,0.7,3.8,5.8,0
Berlin,7,37.0,11.0,1103.0,0.49,1.0,10.0,0
Frankfurt,4,46.0,14.9,1369.0,0.44,3.5,7.6,0
Berlin,2,21.9,5.0,800.0,0.31,1.7,9.0,0
Berlin,12,61.7,19.3,1563.0,0.89,6.5,4.2,1
Hamburg,11,49.4,17.6,1084.0,0.61,4.3,6.6,0
Berlin,11,57.3,20.1,1824.0,0.42,4.2,4.8,0
Hamburg,2,29.2,10.5,851.0,0.55,1.7,8.5,0
Cologne,6,57.4,19.0,1456.0,0.76,7.6,2.8,1
Frankfurt,6,67.3,25.0,2091.0,0.9,7.1,2.5,1
Hamburg,5,31.8,9.8,831.0,0.9,4.1,6.4,0
Munich,3,52.7,21.7,1526.0,0.58,3.9,7.3,0
Hamburg,11,45.0,9.5,800.0,0.85,1.0,8.6,0
Berlin,7,29.6,11.8,800.0,0.36,2.2,7.8,0
Munich,3,49.9,18.1,1466.0,0.44,3.7,5.5,0
Berlin,11,53.3,15.8,1526.0,0.9,5.9,2.4,1
Munich,7,39.0,11.9,800.0,0.9,8.8,2.0,1
Hamburg,2,56.7,20.3,1648.0,0.79,6.7,3.3,1
Berlin,8,28.3,12.2,1109.0,0.72,6.9,3.1,1
Hamburg,2,30.1,5.0,800.0,0.87,3.9,5.2,0
Frankfurt,2,46.4,17.3,1238.0,0.9,3.7,6.1,0
Munich,4,45.3,13.7,876.0,0.9,5.0,6.0,0
Cologne,10,37.8,16.0,1162.0,0.9,6.5,3.5,1
Cologne,1,53.1,12.2,1213.0,0.9,8.1,2.0,1
Hamburg,11,50.3,24.1,1587.0,0.9,4.2,6.0,1
Munich,7,53.6,15.2,973.0,0.9,5.7,3.0,1
Munich,2,43.8,18.9,1419.0,0.9,2.2,8.4,0
Hamburg,6,51.0,16.8,1149.0,0.9,6.3,2.4,1
Cologne,5,40.5,11.1,876.0,0.9,6.4,2.7,1
Frankfurt,5,65.5,22.6,2094.0,0.76,6.6,2.3,1
Cologne,4,36.9,15.4,990.0,0.69,2.7,7.1,0
Berlin,5,66.1,17.4,1359.0,0.9,7.1,2.5,1
Cologne,12,45.3,17.2,1376.0,0.64,5.2,4.8,0
Berlin,11,31.2,10.4,800.0,0.38,3.2,5.8,0
Berlin,9,58.7,21.3,1388.0,0.7,6.1,4.9,1
Frankfurt,12,46.3,15.5,1109.0,0.9,4.4,6.5,0
Frankfurt,12,53.5,16.1,1163.0,0.9,6.8,3.0,1
Cologne,1,57.2,15.7,1386.0,0.65,6.8,2.7,1
Hamburg,2,48.4,18.1,1535.0,0.38,3.4,6.1,0
Cologne,12,39.1,15.0,892.0,0.72,2.4,7.3,0
Frankfurt,7,54.8,20.2,1542.0,0.8,5.1,3.5,1
Berlin,9,45.0,16.3,1203.0,0.53,5.6,3.4,0
Berlin,3,51.9,20.1,2001.0,0.9,5.4,5.5,1
Hamburg,6,23.5,12.0,1022.0,0.64,1.4,8.9,0
Cologne,5,49.5,10.9,800.0,0.86,5.3,6.3,0
Hamburg,9,38.6,5.8,800.0,0.88,3.4,6.3,0
Hamburg,9,61.5,25.7,1977.0,0.78,7.5,2.2,1
Cologne,12,51.2,13.1,1117.0,0.82,5.6,4.0,1
Munich,10,47.4,12.5,1100.0,0.76,4.3,5.4,0
Cologne,3,49.9,15.8,1301.0,0.9,5.3,4.0,0
Hamburg,10,35.0,6.7,800.0,0.55,5.5,4.8,0
Munich,10,61.2,19.3,1514.0,0.9,5.3,4.8,1
Hamburg,2,64.9,18.8,1478.0,0.9,7.1,2.4,1
Hamburg,10,48.9,15.6,892.0,0.9,4.8,6.5,0
Hamburg,4,60.9,21.1,1679.0,0.9,6.7,5.2,1
Berlin,12,39.3,12.1,850.0,0.35,2.9,8.2,0
Cologne,12,37.0,11.2,800.0,0.55,3.9,6.7,0
Frankfurt,9,45.4,15.9,1756.0,0.62,6.2,4.6,0
Berlin,3,49.3,19.6,1629.0,0.65,3.5,8.3,0
Cologne,4,41.1,18.5,1482.0,0.85,2.1,8.6,0
Berlin,2,50.4,16.1,1217.0,0.36,3.1,6.3,0
Cologne,1,48.1,21.5,1866.0,0.65,3.1,7.3,0
Munich,5,35.0,14.3,912.0,0.9,4.4,6.2,0
Frankfurt,4,50.2,13.0,980.0,0.9,2.9,6.1,1
Munich,10,53.6,14.1,937.0,0.84,4.9,4.8,1
Munich,2,46.7,13.8,1251.0,0.9,5.6,5.5,0
Cologne,6,56.5,23.2,1689.0,0.71,6.3,1.9,1
Hamburg,5,32.8,9.4,975.0,0.51,2.7,6.0,0
Hamburg,1,49.7,10.9,851.0,0.49,5.3,4.6,0
Hamburg,10,33.3,10.4,988.0,0.68,3.5,6.9,0
Hamburg,3,33.9,5.3,800.0,0.63,3.0,5.6,0
Frankfurt,4,38.7,9.7,990.0,0.6,3.6,6.3,0
Munich,1,35.6,10.1,800.0,0.61,6.9,4.2,0
Berlin,12,39.5,13.6,1271.0,0.6,5.2,4.9,0
Frankfurt,12,42.9,17.4,1016.0,0.72,8.0,2.9,1
Cologne,11,53.4,19.9,1598.0,0.9,4.6,4.8,1
Frankfurt,8,41.8,10.4,800.0,0.9,4.1,5.1,0
Frankfurt,3,29.1,8.6,800.0,0.25,1.0,9.8,0
Cologne,5,56.4,19.0,1344.0,0.52,4.4,5.9,0
Berlin,12,36.6,11.4,800.0,0.9,6.5,2.3,1
Munich,3,44.4,14.0,1080.0,0.41,3.7,5.5,0
Frankfurt,4,49.5,11.3,801.0,0.9,7.8,3.7,1
Cologne,9,47.0,12.2,993.0,0.57,2.8,6.2,0
Cologne,3,55.9,17.4,1229.0,0.72,4.0,6.9,1
Berlin,8,49.8,7.3,800.0,0.88,4.5,5.1,0
Frankfurt,6,36.4,14.1,1066.0,0.52,3.5,6.5,0
Cologne,6,66.8,18.1,1488.0,0.66,8.1,2.2,1
Berlin,1,46.9,17.7,1586.0,0.9,5.4,2.5,1
Berlin,12,43.5,16.3,1475.0,0.9,3.7,4.8,0
Cologne,11,54.6,16.6,1374.0,0.86,5.3,4.8,1
Cologne,7,47.5,18.8,1593.0,0.9,4.3,5.0,0
Frankfurt,4,49.0,18.6,1547.0,0.9,3.5,7.5,0
Frankfurt,8,69.9,22.4,1728.0,0.62,5.7,2.7,1
Munich,9,42.2,12.8,1206.0,0.7,5.8,4.8,0
Cologne,2,41.8,17.2,1196.0,0.4,1.4,7.2,0
Hamburg,8,46.2,16.1,877.0,0.59,7.0,2.6,1
Hamburg,11,55.7,21.7,1528.0,0.89,5.1,3.9,1
Munich,8,29.9,5.0,800.0,0.38,1.8,10.0,0
Cologne,6,25.3,8.7,800.0,0.44,3.6,5.0,0
Berlin,3,39.1,8.3,800.0,0.72,6.1,3.7,1
Hamburg,5,28.7,9.5,800.0,0.46,4.5,3.7,0
Frankfurt,2,40.8,15.7,1370.0,0.55,4.8,6.8,0
Hamburg,6,50.0,21.9,1766.0,0.57,6.6,3.8,1
Cologne,3,36.1,9.2,800.0,0.78,1.0,9.1,0
Hamburg,4,30.7,8.7,816.0,0.78,2.3,9.2,0
Munich,9,45.7,14.9,1102.0,0.88,3.2,6.9,0
Frankfurt,10,53.6,15.0,1271.0,0.9,7.2,3.0,1
Munich,5,28.1,12.3,948.0,0.88,2.2,7.9,0
Berlin,7,53.2,17.5,1380.0,0.64,6.6,4.0,1
Berlin,12,53.2,18.1,1283.0,0.9,6.1,3.4,1
Berlin,9,54.5,20.0,1560.0,0.72,4.2,5.6,1
Berlin,5,57.2,18.8,1399.0,0.54,4.8,6.0,0
Cologne,1,67.0,19.9,1817.0,0.9,8.6,1.6,1
Cologne,2,41.4,13.6,800.0,0.55,3.0,6.9,0
Cologne,3,46.1,12.8,1202.0,0.47,4.8,3.8,0
Munich,3,40.8,13.9,800.0,0.39,2.9,8.6,0
Munich,1,45.0,18.0,1547.0,0.66,4.0,5.3,0
Hamburg,9,60.3,16.6,1159.0,0.9,6.0,5.0,1
Frankfurt,9,31.5,5.9,800.0,0.49,2.0,8.2,0
Munich,12,36.4,12.3,958.0,0.77,2.2,6.5,0
Hamburg,4,58.8,17.3,1097.0,0.55,6.3,4.9,0
Berlin,9,55.2,18.5,1751.0,0.65,4.3,6.0,1
Berlin,4,41.4,14.8,1335.0,0.42,2.9,8.4,0
Munich,8,53.5,11.4,1014.0,0.9,3.9,5.9,1
Cologne,3,48.4,18.2,1328.0,0.9,4.7,6.0,0
Hamburg,9,60.0,16.5,1482.0,0.77,7.4,1.0,1
Frankfurt,11,45.7,15.2,958.0,0.9,6.8,2.7,1
Hamburg,11,55.3,16.4,870.0,0.87,4.4,4.3,1
Cologne,4,70.0,21.7,1422.0,0.7,10.0,1.0,1
Cologne,8,51.0,22.1,1582.0,0.67,3.6,6.9,1
Munich,2,45.5,16.1,1139.0,0.9,6.2,3.2,1
Cologne,7,52.2,20.1,1523.0,0.73,4.1,6.7,1
Cologne,2,41.3,14.2,1061.0,0.67,2.8,6.3,0
Frankfurt,5,68.9,24.8,1856.0,0.76,5.8,5.1,1
Cologne,9,46.8,16.9,925.0,0.67,4.6,6.7,0
Berlin,5,42.3,14.9,1227.0,0.47,5.1,5.9,0
Cologne,4,36.6,15.5,1190.0,0.81,4.7,5.0,0
Berlin,8,56.0,19.1,1391.0,0.87,4.2,3.7,1
Frankfurt,5,53.7,24.7,2259.0,0.87,3.9,6.7,1
Munich,9,40.0,16.2,1249.0,0.71,2.6,7.2,0
Berlin,9,50.8,13.5,1092.0,0.65,4.9,4.1,1
Munich,2,29.9,9.4,915.0,0.35,2.7,6.8,0
Munich,10,46.8,16.8,1047.0,0.9,3.3,8.2,0
Berlin,9,49.5,16.6,1327.0,0.73,5.4,3.5,1
Hamburg,11,62.1,22.8,1979.0,0.9,9.6,1.0,1
Cologne,8,37.3,14.8,1167.0,0.47,3.0,7.2,0
Frankfurt,10,32.2,6.7,800.0,0.41,2.6,7.1,0
Munich,7,36.0,15.9,1172.0,0.47,4.4,6.2,0
Hamburg,6,31.6,9.1,800.0,0.8,2.3,9.3,0
Munich,4,58.4,17.7,992.0,0.9,6.8,2.9,1
Hamburg,11,60.5,18.4,1199.0,0.82,5.0,4.8,1
Frankfurt,7,48.2,18.5,1874.0,0.9,7.6,3.1,1
Hamburg,12,57.2,18.3,1559.0,0.61,6.2,4.7,1
Frankfurt,12,46.3,13.5,1373.0,0.49,3.7,6.2,0
Cologne,6,44.0,13.4,1246.0,0.49,3.5,6.2,0
Hamburg,8,41.7,8.5,800.0,0.62,3.4,4.4,0
Munich,1,41.9,11.4,853.0,0.9,6.2,3.0,1
Cologne,3,29.5,6.1,800.0,0.78,1.0,7.8,0
Munich,8,47.6,15.1,1496.0,0.74,3.8,6.9,0
Munich,2,44.6,16.9,1514.0,0.78,3.6,6.1,0
Cologne,9,52.5,19.1,1565.0,0.9,5.2,4.5,1
Cologne,2,45.9,19.1,1492.0,0.78,4.2,5.8,0
Frankfurt,9,43.4,17.6,1504.0,0.44,2.1,7.0,0
Hamburg,12,36.3,10.5,800.0,0.77,3.0,8.5,0
Frankfurt,7,45.7,15.3,1324.0,0.88,4.4,6.9,0
Berlin,4,52.4,17.4,1249.0,0.8,4.3,7.3,1
Berlin,3,33.6,5.0,800.0,0.58,4.4,6.3,0
Frankfurt,8,45.9,11.6,800.0,0.74,6.0,4.0,0
Frankfurt,10,47.3,15.3,1134.0,0.71,4.6,7.0,0
Hamburg,11,37.8,12.1,830.0,0.49,4.1,5.2,0
Cologne,7,39.1,14.6,1505.0,0.52,1.0,8.1,0
Berlin,10,47.3,17.2,1194.0,0.5,4.1,5.3,0
Cologne,12,33.7,5.9,800.0,0.74,4.9,5.6,0
Munich,1,48.5,17.7,1228.0,0.44,4.2,5.0,0
Munich,11,36.0,12.6,1013.0,0.89,2.5,7.3,0
Cologne,7,55.6,20.4,1691.0,0.8,9.0,1.0,1
Munich,1,68.4,26.0,1709.0,0.9,9.6,1.0,1
Berlin,1,36.4,11.7,800.0,0.44,4.3,4.1,0
Berlin,11,50.3,20.5,1450.0,0.65,6.7,2.3,1
Munich,5,37.7,9.9,800.0,0.67,1.0,10.0,0
Berlin,10,55.4,15.6,1267.0,0.49,4.4,6.8,0
Munich,5,32.3,12.1,1014.0,0.7,2.5,7.8,0
Hamburg,12,49.8,15.5,1027.0,0.43,4.6,5.6,0
Hamburg,2,36.3,12.9,1055.0,0.62,2.9,6.6,0
Cologne,7,42.9,20.3,1538.0,0.68,1.0,8.2,0
Munich,3,34.7,12.7,1000.0,0.9,4.0,5.6,0
Hamburg,11,53.2,18.4,1345.0,0.8,6.1,2.3,1
Hamburg,11,36.6,9.6,866.0,0.9,6.1,4.2,0
Berlin,1,50.5,11.7,1266.0,0.88,3.9,6.2,1
Cologne,7,41.6,13.6,1246.0,0.52,2.9,6.2,0
Cologne,11,43.9,17.8,1704.0,0.77,1.0,10.0,0
Hamburg,4,46.5,14.5,881.0,0.79,4.2,6.4,0
Hamburg,4,37.4,13.7,958.0,0.52,5.1,5.6,0
Cologne,3,47.1,20.0,1712.0,0.9,3.8,5.7,0
Berlin,7,60.3,24.3,2246.0,0.77,9.2,1.0,1
Frankfurt,2,37.2,13.7,1226.0,0.65,3.3,7.3,0
Berlin,7,56.7,19.4,1348.0,0.77,5.9,4.3,1
Frankfurt,12,60.0,15.4,1148.0,0.77,4.0,7.6,1
Cologne,10,36.8,10.4,898.0,0.8,4.1,5.7,0
Cologne,8,30.4,9.3,800.0,0.39,1.0,8.5,0
Cologne,2,48.0,13.4,916.0,0.7,5.8,4.8,0
Munich,8,39.5,13.9,1056.0,0.54,5.0,3.7,0
Munich,7,63.7,27.0,2154.0,0.7,8.4,2.5,1
Munich,10,45.3,19.7,1357.0,0.85,3.0,5.7,0
Cologne,8,37.0,13.1,1242.0,0.85,3.9,6.7,0
Hamburg,3,33.5,13.5,993.0,0.68,4.2,5.2,0
Cologne,6,55.9,16.4,1301.0,0.57,6.3,4.2,0
Frankfurt,1,39.3,17.5,1606.0,0.6,2.6,8.3,0
Berlin,7,45.4,10.5,812.0,0.43,1.0,9.2,0
Frankfurt,11,54.6,20.9,1870.0,0.9,6.0,2.8,1
Berlin,4,40.2,14.9,984.0,0.45,3.8,5.3,0
Frankfurt,4,44.5,12.6,1093.0,0.65,3.6,5.7,0
Berlin,12,44.8,14.3,1313.0,0.84,5.6,2.5,1
Hamburg,12,51.8,13.9,944.0,0.9,5.1,6.0,1
Berlin,9,50.9,13.7,1060.0,0.41,3.1,7.0,0
Cologne,7,42.8,9.5,800.0,0.34,1.4,7.5,0
Frankfurt,8,45.6,17.5,1443.0,0.9,2.9,8.6,0
Munich,6,41.3,17.4,1485.0,0.83,7.7,1.6,1
Hamburg,2,30.2,5.0,800.0,0.85,4.1,6.1,0
Frankfurt,3,47.6,21.4,1698.0,0.9,5.0,4.1,0
Hamburg,4,63.9,21.3,2020.0,0.69,6.1,1.9,1
Munich,2,36.2,12.9,1245.0,0.49,3.2,5.4,0
Munich,11,37.3,8.0,800.0,0.64,5.5,4.1,0
Munich,1,36.3,16.1,1246.0,0.8,2.9,8.0,0
Munich,9,52.2,18.0,1867.0,0.9,6.1,4.3,1
Munich,12,49.5,19.9,1799.0,0.84,4.4,5.7,0
Cologne,10,43.4,18.1,1458.0,0.83,7.3,1.0,1
Berlin,2,35.8,15.9,1320.0,0.59,4.7,6.6,0
Munich,11,45.9,13.4,977.0,0.78,6.5,3.8,1
Frankfurt,5,29.4,9.2,812.0,0.85,2.1,7.8,0
Frankfurt,7,46.4,13.6,1210.0,0.9,6.2,4.9,0
Munich,11,53.7,20.6,1788.0,0.64,4.9,6.3,1
Hamburg,2,32.5,11.8,910.0,0.57,3.4,7.7,0
Munich,6,29.7,13.1,800.0,0.9,5.4,4.3,0
Cologne,10,60.8,23.6,1937.0,0.68,4.5,4.5,1
Berlin,11,38.9,7.8,800.0,0.75,4.2,6.8,0
Frankfurt,8,56.4,22.8,1631.0,0.77,6.3,2.3,1
Munich,7,43.5,17.3,1369.0,0.6,5.1,6.8,0
Berlin,6,43.4,13.4,1336.0,0.5,3.7,6.4,0
Berlin,12,49.4,17.5,1160.0,0.69,8.1,1.0,1
Munich,11,36.2,11.7,878.0,0.29,1.7,7.1,0
Berlin,8,46.3,17.3,1681.0,0.71,6.8,1.9,1
Frankfurt,2,41.2,12.6,1041.0,0.6,5.9,4.2,0
Munich,4,31.8,12.0,858.0,0.66,6.0,4.0,1
Hamburg,4,48.4,16.3,1305.0,0.37,2.5,6.3,0
Munich,7,42.4,12.8,1191.0,0.55,2.9,6.7,0
Frankfurt,7,43.4,15.0,1163.0,0.84,6.6,2.1,1
Munich,3,32.9,19.1,1646.0,0.82,1.0,9.6,0
Munich,4,60.9,18.2,1507.0,0.59,3.7,6.3,0
Munich,1,53.8,17.2,1437.0,0.45,4.6,5.0,0
Cologne,8,54.6,16.2,1429.0,0.71,5.8,3.0,1
Cologne,12,41.9,12.3,924.0,0.9,6.6,3.1,1
Frankfurt,12,27.7,11.7,800.0,0.53,2.5,7.1,0
Berlin,4,64.5,23.7,1987.0,0.65,5.5,4.8,1
Munich,11,44.4,14.8,1156.0,0.9,4.9,5.3,0
Munich,5,37.5,15.6,1157.0,0.6,4.5,6.3,0
Cologne,5,49.2,18.8,1607.0,0.9,5.6,3.9,1
Hamburg,1,56.7,18.4,1728.0,0.9,5.4,2.7,1
Cologne,1,44.8,10.3,800.0,0.69,1.5,9.4,0
Berlin,7,57.8,21.8,1742.0,0.78,4.4,4.7,1
Munich,12,55.8,19.1,1293.0,0.72,7.7,1.2,1
Munich,12,34.2,11.5,874.0,0.82,3.7,6.3,0
Frankfurt,12,38.3,11.4,953.0,0.58,3.3,7.0,0
Hamburg,1,54.6,20.4,1630.0,0.85,7.1,2.3,1
Frankfurt,9,20.0,7.7,800.0,0.31,1.0,8.5,0
Hamburg,6,43.5,13.8,1248.0,0.58,4.0,5.6,0
Hamburg,1,30.7,6.6,800.0,0.68,3.3,8.1,0
Hamburg,1,40.2,16.6,1847.0,0.65,3.4,6.6,0
Hamburg,5,42.0,15.8,1307.0,0.62,4.4,4.7,0
Frankfurt,11,41.4,14.6,800.0,0.68,3.9,5.2,0
Munich,3,39.5,5.2,800.0,0.74,1.8,7.9,0
Munich,8,34.0,11.2,1005.0,0.66,3.7,6.6,0
Frankfurt,8,67.9,21.9,1625.0,0.74,4.8,5.7,1
Cologne,10,63.7,19.4,1433.0,0.9,6.6,3.5,1
Berlin,8,33.4,13.4,823.0,0.9,5.4,3.8,1
Hamburg,6,60.8,22.4,1698.0,0.8,5.7,3.9,1
Frankfurt,5,41.0,15.0,1237.0,0.89,2.3,8.4,0
Hamburg,5,46.3,18.5,1561.0,0.63,4.4,4.4,0
Hamburg,6,44.4,11.7,800.0,0.51,3.2,6.3,0
Hamburg,6,38.4,11.4,1076.0,0.85,4.7,5.9,0
Frankfurt,10,54.8,18.5,1242.0,0.57,5.3,5.6,0
Munich,9,46.3,13.6,1172.0,0.9,7.2,2.6,1
Cologne,7,40.2,15.6,1315.0,0.72,5.8,3.8,1
Cologne,6,32.0,9.1,800.0,0.77,3.0,5.7,0
Frankfurt,11,36.1,15.9,1063.0,0.78,4.7,5.8,0
Berlin,10,28.6,6.7,800.0,0.35,2.3,9.1,0
Cologne,7,45.1,21.4,1603.0,0.85,4.6,8.0,0
Cologne,3,33.0,17.1,1330.0,0.81,2.8,7.6,0
Hamburg,12,42.3,13.8,1244.0,0.9,5.4,4.6,0
Frankfurt,2,58.7,23.0,1936.0,0.85,8.0,1.1,1
Munich,10,57.0,17.8,1241.0,0.85,6.9,1.2,1
Frankfurt,7,44.7,17.9,1424.0,0.9,5.9,4.3,0
Frankfurt,3,44.1,14.2,948.0,0.65,5.8,6.6,0
Cologne,4,63.8,17.4,1567.0,0.67,7.2,4.1,1
Hamburg,11,50.2,6.1,800.0,0.45,3.3,7.8,0
Frankfurt,2,41.7,13.1,879.0,0.9,6.7,3.5,1
Munich,5,30.7,11.1,880.0,0.65,5.8,4.6,0
Hamburg,12,48.9,20.3,1808.0,0.88,4.5,3.0,1
Hamburg,5,53.3,17.9,1435.0,0.71,4.8,6.0,1
Munich,11,38.7,15.9,1385.0,0.58,4.8,4.6,0
Munich,10,47.9,14.6,1179.0,0.9,5.6,3.7,1
Munich,10,41.4,12.8,811.0,0.67,3.8,5.8,0
Frankfurt,1,43.2,17.5,1428.0,0.66,2.4,7.2,0
Hamburg,4,20.1,5.0,800.0,0.46,2.5,6.8,0
Hamburg,3,42.8,14.3,1207.0,0.65,5.1,4.9,0
Berlin,7,54.7,17.0,1687.0,0.9,6.6,2.9,1
Berlin,5,38.7,17.0,1004.0,0.63,4.4,5.7,0
Berlin,6,45.5,13.6,1163.0,0.71,4.1,4.4,0
Frankfurt,2,37.4,14.0,993.0,0.53,5.2,4.6,0
Frankfurt,1,48.6,19.0,1342.0,0.9,5.0,3.9,1
Munich,3,42.8,9.8,1051.0,0.82,3.6,5.8,0
Frankfurt,10,35.6,11.5,865.0,0.82,3.3,6.9,0
Hamburg,3,58.3,18.1,1381.0,0.47,3.2,5.2,0
Hamburg,10,54.3,20.9,1744.0,0.75,5.2,4.0,1
Cologne,7,39.0,15.0,800.0,0.46,4.9,5.6,0
Cologne,11,50.0,16.0,1548.0,0.66,5.5,3.1,1
Frankfurt,7,50.4,13.6,1473.0,0.77,7.3,4.5,1
Cologne,10,51.4,20.3,1803.0,0.9,4.7,6.5,1
Frankfurt,6,28.1,9.1,814.0,0.9,3.5,6.0,0
Munich,4,55.1,13.5,1037.0,0.9,6.7,2.5,1
Munich,8,39.3,8.5,800.0,0.88,7.4,2.8,1
Cologne,10,41.4,15.1,1448.0,0.68,4.4,4.2,0
Frankfurt,11,70.0,19.5,1744.0,0.48,5.4,2.6,1
Cologne,2,48.0,21.6,1817.0,0.9,6.1,3.5,1
Hamburg,7,41.1,10.9,939.0,0.9,6.9,3.0,1
Frankfurt,1,22.9,7.6,800.0,0.68,1.8,8.3,0
Berlin,8,58.9,20.1,1504.0,0.9,7.2,2.2,1
Hamburg,5,31.5,8.3,1166.0,0.9,5.0,6.3,0
Frankfurt,6,35.0,5.0,800.0,0.68,5.0,3.5,1
Cologne,6,41.7,14.5,1072.0,0.67,4.4,4.5,0
Cologne,1,59.2,17.5,1621.0,0.9,4.9,5.6,1
Cologne,7,52.7,17.9,1428.0,0.86,5.2,3.7,1
Frankfurt,3,43.4,14.1,1125.0,0.9,5.0,3.8,1
Cologne,2,48.1,16.8,1628.0,0.64,6.2,4.0,1
Frankfurt,7,39.0,17.7,1550.0,0.61,4.4,4.5,0
Frankfurt,10,46.4,13.8,1252.0,0.64,4.1,5.8,0
Cologne,9,45.7,13.8,823.0,0.66,5.4,3.9,1
Munich,4,54.7,13.2,1139.0,0.9,6.8,2.4,1
Munich,7,54.7,17.6,1210.0,0.81,6.0,1.9,1
Hamburg,5,49.9,17.9,1339.0,0.9,3.7,6.4,0
Frankfurt,10,41.4,12.3,1022.0,0.59,3.9,4.9,0
Cologne,10,52.4,18.7,1491.0,0.56,6.7,3.2,1
Cologne,11,44.1,14.2,1264.0,0.4,2.3,7.2,0
Cologne,7,34.2,7.5,800.0,0.38,1.0,8.8,0
Munich,1,41.0,14.6,1336.0,0.9,6.4,3.5,1
Berlin,11,45.8,14.7,904.0,0.58,5.4,4.8,0
Frankfurt,10,54.1,18.4,1945.0,0.74,6.3,3.0,1
Hamburg,9,43.2,12.7,1010.0,0.81,2.7,8.5,0
Hamburg,6,32.9,9.0,963.0,0.49,4.4,3.8,0
Hamburg,8,45.6,15.7,800.0,0.5,5.0,4.8,0
Frankfurt,9,46.1,14.7,1122.0,0.64,2.2,8.6,0
Frankfurt,1,46.9,20.8,1371.0,0.9,6.8,3.7,1
Hamburg,5,54.2,20.5,1465.0,0.9,5.7,3.4,1
Hamburg,12,55.2,20.0,1613.0,0.84,4.9,4.3,1
Cologne,7,39.1,12.5,932.0,0.9,3.3,5.7,0
Berlin,12,38.8,6.9,812.0,0.4,1.0,9.6,0
Munich,12,34.6,9.1,1083.0,0.62,4.3,4.9,0
Frankfurt,11,52.0,15.4,1038.0,0.9,5.6,4.7,1
Berlin,8,59.5,19.0,1423.0,0.9,5.7,4.6,1
Hamburg,3,41.8,13.8,902.0,0.9,6.1,6.3,0
Hamburg,8,42.6,16.2,1524.0,0.61,2.2,8.1,0
Hamburg,5,59.7,20.7,1689.0,0.46,5.1,4.1,0
Hamburg,1,50.1,20.2,1619.0,0.55,3.7,4.8,0
Cologne,4,49.4,15.5,1304.0,0.52,4.5,5.2,0
Frankfurt,2,33.1,11.8,882.0,0.4,3.4,6.5,0
Hamburg,12,51.8,18.3,1292.0,0.9,5.8,2.0,1
Hamburg,5,35.7,12.6,1021.0,0.43,3.1,6.2,0
Frankfurt,4,33.7,15.1,1152.0,0.52,2.0,8.2,0
Munich,2,41.5,16.3,1370.0,0.9,6.7,2.8,1
Cologne,7,39.1,9.1,800.0,0.82,7.5,3.4,1
Cologne,2,42.8,13.9,1151.0,0.51,4.5,3.9,0
Berlin,2,30.6,10.2,800.0,0.71,1.9,8.8,0
Cologne,4,54.6,24.7,2002.0,0.9,7.7,3.2,1
Berlin,5,56.3,17.8,1603.0,0.54,3.5,7.5,0
Munich,10,25.5,5.6,800.0,0.79,2.1,6.4,0
Frankfurt,12,54.8,19.6,1805.0,0.58,4.4,5.9,0
Hamburg,11,36.9,13.8,800.0,0.71,2.0,7.4,0
Berlin,3,53.6,17.6,1720.0,0.52,4.9,3.7,1
Cologne,11,44.3,14.1,1377.0,0.61,3.1,6.5,0
Hamburg,9,45.3,17.9,1258.0,0.74,4.5,4.5,0
Munich,10,43.1,11.8,800.0,0.85,4.4,6.6,0
Frankfurt,6,57.1,18.0,1142.0,0.83,4.8,5.7,1
Berlin,11,32.6,9.3,928.0,0.85,2.7,6.1,0
Cologne,8,51.1,20.3,1559.0,0.55,4.8,4.5,0
Hamburg,5,56.0,19.5,1481.0,0.9,6.8,2.8,1
Hamburg,8,52.2,14.2,911.0,0.53,5.0,4.9,0
Hamburg,10,68.2,19.9,1951.0,0.89,8.1,2.9,1
Frankfurt,6,39.7,18.9,1314.0,0.76,4.8,5.8,0
Berlin,7,54.6,21.4,1720.0,0.53,6.3,3.7,1
Frankfurt,2,43.9,17.2,1417.0,0.57,6.5,3.3,0
Cologne,6,57.3,19.1,1452.0,0.9,4.1,4.2,1
Berlin,5,44.9,19.5,1440.0,0.56,3.8,7.5,0
Munich,12,41.1,10.4,800.0,0.75,6.8,2.8,1
Munich,8,58.1,21.6,1842.0,0.86,5.4,6.1,1
Frankfurt,5,40.1,12.0,893.0,0.38,1.0,9.2,0
Frankfurt,7,30.9,9.5,1089.0,0.45,2.8,9.2,0
Frankfurt,4,39.8,15.5,1081.0,0.66,4.2,6.4,0
Munich,2,51.2,16.6,1481.0,0.3,1.2,7.4,0
Munich,11,58.9,18.3,1116.0,0.9,7.9,1.5,1
Berlin,3,46.1,13.9,955.0,0.9,3.5,6.3,0
Berlin,11,58.2,13.4,912.0,0.78,6.3,2.8,1
Frankfurt,10,31.4,12.8,800.0,0.47,2.8,6.8,0
Hamburg,12,40.6,10.5,897.0,0.59,2.1,6.5,0
Berlin,4,42.1,19.6,1547.0,0.39,2.6,7.4,0
Munich,3,43.9,13.8,800.0,0.59,3.0,7.3,0
Cologne,7,45.8,19.2,1936.0,0.55,6.2,2.8,0
Hamburg,12,51.9,11.9,985.0,0.87,5.0,7.0,1
Munich,5,40.6,15.7,1257.0,0.53,3.3,6.8,0
Hamburg,3,46.4,18.4,1736.0,0.67,3.2,5.9,0
Cologne,3,44.5,18.8,1699.0,0.52,6.2,2.1,0
Frankfurt,9,35.7,7.3,800.0,0.8,5.8,4.3,0
Hamburg,12,43.9,12.5,800.0,0.51,6.2,3.6,0
Cologne,12,43.6,16.3,1413.0,0.9,5.1,5.7,0
Cologne,9,43.3,14.9,999.0,0.74,4.8,5.1,0
Hamburg,5,45.3,16.0,1527.0,0.4,2.7,6.1,0
Hamburg,2,45.8,14.2,978.0,0.61,4.2,7.5,0
Hamburg,10,40.7,18.2,1367.0,0.38,3.0,7.4,0
Hamburg,5,57.7,27.1,1897.0,0.67,3.0,6.7,1
Frankfurt,4,33.3,11.4,800.0,0.52,4.9,5.2,0
Munich,6,37.8,14.0,1095.0,0.62,2.7,7.7,0
Berlin,10,70.0,23.5,1840.0,0.82,8.8,1.0,1
Frankfurt,6,34.6,15.4,1136.0,0.9,4.8,5.4,0
Hamburg,6,31.5,13.0,1449.0,0.69,4.0,5.6,0
Cologne,7,52.3,14.2,1261.0,0.9,6.2,4.4,1
Frankfurt,2,24.2,6.2,800.0,0.84,1.5,7.8,0
Berlin,4,42.6,11.2,800.0,0.9,7.1,2.3,1
Berlin,9,66.5,30.0,2565.0,0.69,6.7,5.0,1
Frankfurt,5,29.6,11.8,1539.0,0.83,3.4,7.8,0
Cologne,1,25.2,6.6,800.0,0.54,1.5,5.2,0
Cologne,6,30.0,8.0,800.0,0.54,1.6,9.6,0
Cologne,5,54.0,20.4,1665.0,0.9,6.1,3.8,1
Munich,2,56.2,21.5,1431.0,0.58,6.0,3.3,1
Cologne,3,39.9,15.7,1347.0,0.63,2.8,6.2,0
Berlin,3,51.8,16.0,1580.0,0.71,3.0,6.0,1
Hamburg,12,58.9,20.6,1510.0,0.44,4.0,5.3,0
Hamburg,7,62.9,21.3,1576.0,0.9,8.1,1.0,1
Berlin,5,42.5,11.4,894.0,0.56,3.3,5.3,0
Cologne,12,22.0,5.0,800.0,0.68,1.7,7.3,0
Hamburg,12,36.8,13.5,800.0,0.9,5.9,4.5,0
Berlin,9,40.7,14.2,1056.0,0.75,2.4,7.7,0
Cologne,1,42.4,15.8,1146.0,0.89,3.2,7.4,0
Munich,3,43.1,16.7,1613.0,0.4,3.2,6.8,0
Hamburg,10,56.2,23.2,2089.0,0.9,8.0,1.0,1
Cologne,8,57.7,16.9,1633.0,0.9,8.8,1.7,1
Cologne,3,43.3,16.3,1466.0,0.89,5.5,3.5,1
Hamburg,3,56.0,20.9,1714.0,0.61,6.8,3.9,1
Cologne,8,48.6,15.3,1046.0,0.79,4.0,4.8,0
Frankfurt,10,45.6,15.6,1512.0,0.66,7.5,1.8,1
Frankfurt,3,54.1,17.2,1443.0,0.53,5.8,3.8,1
Munich,11,45.7,21.6,1476.0,0.77,5.9,4.8,0
Berlin,2,65.6,22.2,1591.0,0.88,6.4,3.8,1
Frankfurt,3,30.6,11.6,800.0,0.9,2.7,7.4,0
Frankfurt,12,39.8,12.5,800.0,0.9,6.5,5.4,0
Munich,2,43.7,13.1,1129.0,0.81,5.2,3.0,1
Frankfurt,8,49.4,12.6,800.0,0.68,7.1,1.8,1
Frankfurt,12,57.7,22.5,1651.0,0.6,6.2,2.8,1
Hamburg,5,44.8,17.2,1386.0,0.72,3.2,5.0,0
Munich,3,30.8,9.4,800.0,0.44,2.2,7.1,0
Cologne,11,53.4,15.1,1066.0,0.9,5.5,5.2,1
Cologne,8,52.5,18.1,1748.0,0.48,4.3,5.1,0
Berlin,8,25.6,7.0,800.0,0.45,1.0,8.7,0
Berlin,11,45.0,14.3,849.0,0.9,6.3,2.0,1
Frankfurt,4,29.1,5.9,800.0,0.8,2.1,7.1,0
Frankfurt,9,38.4,13.4,950.0,0.61,4.0,5.5,0
Cologne,12,36.0,12.7,883.0,0.53,4.0,6.6,0
Munich,1,53.1,21.0,1463.0,0.9,4.4,3.9,1
Hamburg,7,46.2,14.9,1263.0,0.9,6.8,2.8,1
Berlin,12,32.1,9.7,822.0,0.76,1.5,9.5,0
Frankfurt,5,53.8,13.3,1085.0,0.62,5.8,3.8,1
Berlin,12,30.7,13.5,965.0,0.63,3.4,4.4,0
Cologne,12,48.3,18.8,1352.0,0.48,4.7,6.5,0
Munich,7,36.9,12.4,957.0,0.35,1.7,9.0,0
Cologne,10,41.3,9.8,977.0,0.6,5.4,5.4,0
Hamburg,11,50.0,13.0,1357.0,0.69,6.1,2.1,1
Munich,8,50.2,15.1,1430.0,0.9,4.0,7.5,1
Hamburg,3,58.4,22.4,1889.0,0.8,6.9,2.3,1
Hamburg,3,44.2,15.6,1444.0,0.87,5.0,4.5,0
Munich,1,48.1,11.5,800.0,0.89,2.9,6.4,0
Hamburg,5,40.6,14.8,1038.0,0.49,2.8,8.2,0
Berlin,8,46.8,13.1,1152.0,0.61,6.4,3.4,1
Frankfurt,1,49.4,14.9,1168.0,0.62,5.4,5.1,0
Munich,2,44.0,17.6,1475.0,0.9,3.6,6.5,0
Cologne,2,27.0,11.3,1099.0,0.67,1.4,8.5,0
Cologne,12,48.3,19.4,1716.0,0.67,4.1,5.0,0
Frankfurt,10,48.6,16.1,1073.0,0.9,4.2,7.6,0
Cologne,2,38.2,15.4,1233.0,0.47,2.6,6.0,0
Frankfurt,5,32.2,9.0,800.0,0.39,1.0,9.4,0
Berlin,10,59.8,19.1,1376.0,0.9,7.7,2.7,1
Cologne,7,49.9,15.7,911.0,0.9,6.4,4.7,0
Cologne,12,42.7,14.3,1171.0,0.47,2.4,9.0,0
Berlin,3,33.6,7.4,800.0,0.5,3.6,6.3,0
Cologne,1,36.8,11.6,1006.0,0.6,2.3,8.2,0
Cologne,9,58.0,23.7,2167.0,0.55,5.4,6.4,0
Berlin,9,46.4,12.2,1081.0,0.85,4.1,5.8,0
Berlin,4,39.5,9.2,800.0,0.71,3.3,5.6,0
Berlin,5,50.1,13.0,1343.0,0.9,8.0,1.6,1
Cologne,4,36.9,20.3,1687.0,0.87,3.0,5.7,0
Frankfurt,8,60.0,21.4,1539.0,0.88,4.8,5.6,1
Frankfurt,1,58.5,18.7,1521.0,0.53,4.7,6.4,0
Munich,4,40.3,13.6,1484.0,0.73,5.6,4.3,0
Munich,4,38.7,13.6,868.0,0.46,1.4,7.0,0
Cologne,12,20.0,5.0,800.0,0.73,1.0,10.0,0
Cologne,3,30.2,8.5,804.0,0.89,5.2,3.0,1
Frankfurt,4,31.6,10.1,800.0,0.66,3.5,4.9,0
Hamburg,7,46.4,13.3,956.0,0.9,4.9,4.9,0
Munich,5,41.7,12.7,800.0,0.81,7.4,2.9,1
Frankfurt,3,31.5,11.6,800.0,0.86,3.5,6.9,0
Cologne,6,42.2,11.1,800.0,0.38,3.2,6.8,0
Munich,12,50.1,24.5,2284.0,0.51,4.6,7.2,0
Munich,10,50.3,19.0,1520.0,0.82,3.3,6.7,1
Munich,9,26.0,5.0,800.0,0.49,4.5,6.6,0
Cologne,3,43.7,7.1,808.0,0.87,5.2,5.6,0
Frankfurt,2,31.2,8.3,913.0,0.87,4.8,3.9,1
Hamburg,9,54.0,20.1,1851.0,0.9,7.2,2.6,1
Cologne,5,52.8,19.1,1442.0,0.9,4.7,7.5,1
Munich,10,36.0,11.7,880.0,0.62,2.2,7.3,0
Berlin,5,37.3,10.6,879.0,0.9,3.7,5.7,0
Frankfurt,7,40.4,10.8,1140.0,0.68,2.7,7.4,0
Cologne,2,22.5,6.3,800.0,0.63,2.5,7.0,0
Munich,10,48.4,13.1,896.0,0.83,6.5,2.7,1
Hamburg,11,42.3,12.9,1171.0,0.9,4.0,5.5,0
Munich,5,54.7,22.2,2020.0,0.63,5.7,5.7,1
Munich,8,34.0,9.0,800.0,0.78,3.3,6.6,0
Cologne,8,38.8,14.8,1316.0,0.6,5.1,3.6,0
Hamburg,10,29.9,12.3,1004.0,0.35,2.0,6.5,0
Berlin,7,35.0,8.4,800.0,0.82,1.0,10.0,0
Cologne,5,33.2,8.5,800.0,0.48,4.0,5.8,0
Frankfurt,12,55.0,21.5,1491.0,0.9,7.0,3.5,1
Hamburg,4,38.0,9.9,800.0,0.68,4.5,4.8,0
Berlin,12,46.2,15.2,1024.0,0.89,3.7,6.7,0
Berlin,2,41.2,19.9,1645.0,0.78,2.4,9.0,0
Hamburg,2,32.3,13.7,1340.0,0.48,4.0,5.4,0
Frankfurt,11,43.3,14.7,1216.0,0.71,4.5,5.9,0
Munich,3,51.0,19.5,1377.0,0.46,4.9,3.7,1
Cologne,3,32.9,10.8,1036.0,0.76,6.0,6.0,0
Frankfurt,7,53.1,20.8,1720.0,0.81,3.9,6.4,1
Berlin,6,36.5,6.0,800.0,0.65,6.3,3.3,1
Frankfurt,1,40.2,13.0,934.0,0.89,4.1,5.6,0
Munich,12,50.3,10.5,1067.0,0.35,2.3,7.2,0
Frankfurt,6,38.4,13.3,1287.0,0.4,3.6,6.0,0
Frankfurt,12,45.4,14.4,1117.0,0.52,6.0,1.6,0
Berlin,5,41.9,18.0,1586.0,0.55,3.6,6.3,0
Frankfurt,6,46.3,17.6,1626.0,0.6,2.4,7.4,0
Cologne,8,21.2,5.5,800.0,0.36,1.9,8.6,0
Hamburg,1,26.7,7.7,800.0,0.87,1.4,8.1,0
Berlin,11,51.2,18.2,1472.0,0.9,5.9,3.4,1
Hamburg,6,55.4,16.7,1120.0,0.85,6.7,3.3,1
Frankfurt,12,35.9,11.9,1038.0,0.64,2.0,6.4,0
Munich,12,42.6,18.1,1655.0,0.9,3.2,6.9,0
Berlin,4,47.9,13.5,1051.0,0.9,5.9,2.2,1
Frankfurt,9,51.9,16.0,1345.0,0.5,3.9,7.2,0
Frankfurt,12,24.7,7.3,865.0,0.73,1.0,9.7,0
Munich,10,36.1,21.5,1641.0,0.43,1.8,7.2,0
Frankfurt,8,41.7,15.7,1329.0,0.69,4.7,6.0,0
Cologne,7,52.0,20.7,1545.0,0.8,5.7,4.4,1
Munich,3,70.0,25.6,1931.0,0.9,6.0,3.0,1
Berlin,11,42.7,16.7,1408.0,0.5,4.3,3.7,0
Berlin,9,30.9,11.7,987.0,0.51,5.4,4.9,0
Hamburg,3,49.0,17.4,1506.0,0.89,3.4,5.8,0
Cologne,6,58.2,15.1,1219.0,0.84,2.9,8.2,1
Cologne,2,46.1,16.4,1408.0,0.78,5.3,4.7,0
Berlin,8,35.9,11.7,1265.0,0.77,3.4,5.9,0
Frankfurt,1,54.6,19.8,1798.0,0.85,4.4,7.4,1
Cologne,1,51.6,17.0,1428.0,0.79,6.1,4.4,1
Cologne,8,34.7,13.9,1211.0,0.59,4.7,1.6,0
Frankfurt,9,48.8,19.1,1468.0,0.57,1.6,7.9,0
Munich,10,55.0,9.6,800.0,0.9,4.5,4.1,1
Frankfurt,9,56.8,17.6,1510.0,0.9,9.2,1.0,1
Hamburg,12,44.3,9.2,800.0,0.74,5.3,4.5,0
Hamburg,8,41.4,14.5,1320.0,0.59,5.2,5.2,0
Berlin,10,57.3,18.2,1709.0,0.9,7.5,2.8,1
Munich,8,32.9,15.0,1182.0,0.75,3.3,7.8,0
Cologne,4,49.4,17.1,965.0,0.75,6.1,4.5,0
Berlin,8,31.3,9.0,1125.0,0.48,4.2,6.4,0
Berlin,7,55.7,21.4,1579.0,0.9,6.4,3.8,1
Cologne,9,42.4,13.2,1094.0,0.58,3.8,7.5,0
Cologne,10,57.7,17.7,1564.0,0.87,6.0,3.7,1
Frankfurt,8,49.9,17.8,1707.0,0.75,4.1,5.6,0
Hamburg,12,32.8,15.8,1622.0,0.78,3.3,4.8,0
Cologne,10,59.2,22.3,1712.0,0.73,4.2,6.9,1
Frankfurt,2,60.5,21.9,1988.0,0.82,4.9,5.1,1
Hamburg,8,53.8,26.2,2135.0,0.5,5.0,8.0,0
Munich,8,37.4,10.3,1370.0,0.72,2.3,7.3,0
Munich,10,41.9,11.7,1157.0,0.49,3.4,6.7,0
Munich,10,46.5,15.9,1238.0,0.66,4.4,6.1,0
Cologne,9,38.0,17.2,1217.0,0.73,4.4,4.5,0
Hamburg,12,61.9,17.8,900.0,0.9,7.6,2.7,1
Hamburg,3,46.4,20.7,1795.0,0.84,3.9,6.1,0
Munich,8,20.0,5.0,800.0,0.82,4.0,5.7,0
Berlin,8,48.4,15.8,1410.0,0.57,6.2,4.9,0
Hamburg,10,41.5,14.4,800.0,0.68,4.9,4.2,0
Hamburg,4,44.3,12.1,800.0,0.6,4.7,5.6,0
Frankfurt,5,41.3,11.9,1049.0,0.67,4.6,6.8,0
Munich,2,53.1,20.1,1964.0,0.9,7.1,2.2,1
Berlin,6,56.2,23.1,1833.0,0.69,7.5,2.2,1
Frankfurt,10,47.8,9.6,986.0,0.84,6.8,5.6,0
Berlin,9,41.6,14.4,946.0,0.9,4.2,6.3,0
Berlin,3,44.6,14.5,1203.0,0.9,5.3,4.2,0
Berlin,6,45.2,15.4,1176.0,0.9,6.5,4.3,0
Cologne,8,37.0,11.4,1148.0,0.85,2.8,6.7,0
Hamburg,2,50.8,13.1,937.0,0.67,4.6,3.8,1
Hamburg,10,49.6,21.2,2028.0,0.9,5.0,6.4,0
Frankfurt,1,60.4,23.6,1827.0,0.6,7.4,1.5,1
Berlin,6,57.6,18.9,1296.0,0.59,7.1,5.3,1
Berlin,3,38.1,11.2,800.0,0.57,3.5,6.0,0
Hamburg,2,53.2,15.9,1148.0,0.47,3.1,9.1,0
Berlin,11,35.5,5.0,800.0,0.71,3.9,4.7,0
Berlin,10,52.0,18.4,1349.0,0.5,3.8,7.2,0
Berlin,8,39.8,15.6,1085.0,0.87,1.7,8.8,0
Munich,9,34.8,12.0,1138.0,0.79,1.6,9.3,0
Munich,7,47.8,15.7,800.0,0.9,5.3,5.7,0
Munich,9,20.0,7.1,800.0,0.89,4.0,5.5,0
Frankfurt,12,27.5,6.6,800.0,0.9,2.8,5.9,0
Berlin,7,43.2,12.9,859.0,0.65,4.6,5.3,0
Munich,3,45.8,14.8,1231.0,0.82,6.4,3.9,1
Munich,1,41.3,15.9,1228.0,0.43,1.8,7.7,0
Cologne,1,29.2,13.9,1051.0,0.77,3.7,6.6,0
Frankfurt,12,36.8,11.6,1165.0,0.86,3.7,6.7,0
Munich,5,48.9,13.2,1051.0,0.79,5.7,3.3,1
Munich,9,50.8,17.0,1725.0,0.6,4.4,6.0,0
Munich,10,44.8,21.0,1821.0,0.67,3.3,6.5,0
Cologne,12,56.6,16.0,1085.0,0.53,5.9,3.4,1
Cologne,6,49.0,19.0,1905.0,0.9,7.4,3.4,1
Frankfurt,2,37.5,16.5,1377.0,0.72,5.0,4.2,0
Berlin,6,42.2,13.0,1413.0,0.9,3.5,6.1,0
Berlin,11,31.0,8.2,800.0,0.81,1.1,9.0,0
Frankfurt,4,43.9,16.4,1364.0,0.37,1.9,9.5,0
Berlin,9,56.1,19.8,1668.0,0.9,7.6,2.6,1
Hamburg,10,51.9,19.4,1516.0,0.9,3.8,6.8,1
Berlin,3,59.0,25.9,2326.0,0.85,5.4,4.3,1
Cologne,7,42.0,14.5,1546.0,0.9,6.2,3.7,1
Cologne,10,58.5,15.9,814.0,0.38,3.4,6.5,0
Munich,12,43.1,14.6,1327.0,0.9,6.5,3.7,1
Cologne,8,59.7,20.6,1471.0,0.75,5.6,4.1,1
Hamburg,2,44.8,18.7,980.0,0.88,2.8,8.6,0
Hamburg,10,52.1,16.8,1445.0,0.67,4.8,4.8,1
Hamburg,7,59.8,18.7,1599.0,0.9,4.9,3.4,1
Munich,5,43.1,10.2,955.0,0.7,5.0,7.8,0
Berlin,1,47.2,17.4,1464.0,0.6,3.7,5.9,0
Munich,7,57.9,29.3,2522.0,0.9,2.9,8.4,1
Cologne,10,43.7,13.9,991.0,0.82,4.0,7.4,0
Hamburg,8,31.8,12.0,1009.0,0.76,1.1,9.8,0
Munich,1,66.4,20.5,1780.0,0.87,6.9,2.9,1
Munich,4,40.3,9.6,1038.0,0.86,2.2,8.0,0
Hamburg,4,46.6,16.8,1355.0,0.84,3.9,4.8,0
Frankfurt,5,56.6,18.9,1472.0,0.54,5.9,6.1,0
Hamburg,5,38.9,5.8,800.0,0.84,3.6,5.6,0
Frankfurt,4,34.9,16.5,1079.0,0.4,3.9,5.9,0
Hamburg,11,47.5,17.1,1521.0,0.9,5.8,4.3,0
Berlin,1,27.1,9.2,800.0,0.45,1.0,8.9,0
Frankfurt,9,42.1,12.8,1100.0,0.76,4.1,5.2,0
Frankfurt,5,47.5,17.0,1380.0,0.7,1.0,10.0,0
Munich,1,42.3,15.5,926.0,0.81,4.6,6.3,0
Frankfurt,3,29.6,11.1,800.0,0.73,2.5,7.8,0
Cologne,1,60.9,23.5,1711.0,0.9,4.6,5.0,1
Munich,7,46.0,19.2,1470.0,0.68,5.1,6.0,0
Munich,10,59.3,25.8,2359.0,0.9,7.7,1.8,1
Berlin,10,42.4,11.6,908.0,0.48,3.5,8.0,0
Munich,10,36.2,10.3,937.0,0.59,2.2,7.9,0
Munich,7,47.7,17.0,1612.0,0.54,5.0,6.2,0
Cologne,6,42.8,11.9,1170.0,0.69,2.3,7.6,0
Munich,9,33.2,9.2,800.0,0.51,2.3,7.7,0
Frankfurt,7,59.7,21.3,1565.0,0.9,7.8,3.4,1
Berlin,5,38.8,15.6,1350.0,0.6,4.0,8.2,0
Cologne,7,26.6,12.7,878.0,0.42,1.0,10.0,0
Hamburg,10,58.3,18.8,1871.0,0.65,3.1,7.7,1
Hamburg,4,40.0,14.7,1350.0,0.52,4.2,6.4,0
Hamburg,10,38.9,13.7,1138.0,0.58,5.2,4.3,0
Cologne,9,27.3,9.2,836.0,0.72,1.0,9.3,0
Hamburg,6,62.4,18.4,1504.0,0.84,6.9,2.2,1
Frankfurt,4,32.1,7.9,800.0,0.58,5.2,5.2,0
Hamburg,5,45.6,17.2,1475.0,0.59,7.4,3.0,1
Hamburg,8,54.1,15.5,1195.0,0.78,5.9,2.1,1
Berlin,7,49.2,11.1,1273.0,0.9,5.7,4.4,0
Hamburg,6,44.4,14.7,1038.0,0.47,1.2,9.2,0
Hamburg,2,28.0,13.7,1197.0,0.65,5.9,4.0,1
Munich,3,36.9,5.0,800.0,0.58,2.8,7.5,0
Frankfurt,1,46.9,14.8,1022.0,0.9,3.3,5.4,0
Cologne,3,37.1,14.4,800.0,0.62,3.3,5.9,0
Berlin,11,47.0,10.2,899.0,0.7,7.0,4.1,0
Cologne,2,51.8,16.6,1224.0,0.9,8.5,1.5,1
Hamburg,10,54.6,14.8,1400.0,0.9,5.7,4.7,1
Munich,12,32.7,7.9,800.0,0.45,4.8,4.7,0
Hamburg,6,67.0,21.1,1719.0,0.87,6.8,3.3,1
Hamburg,4,52.7,14.2,853.0,0.89,3.7,4.0,1
Berlin,12,45.0,11.4,1027.0,0.67,6.7,4.1,0
Berlin,11,55.9,18.5,1344.0,0.9,4.7,7.2,1
Cologne,10,68.7,29.6,2079.0,0.9,9.2,1.0,1
Hamburg,3,30.6,12.5,1084.0,0.76,5.0,4.1,0
Cologne,8,42.7,17.3,1131.0,0.9,5.2,5.2,0
Hamburg,5,21.2,9.5,800.0,0.52,4.9,6.6,0
Berlin,4,46.9,13.5,1343.0,0.9,8.0,2.0,1
Munich,12,48.7,17.2,1260.0,0.9,4.6,4.2,0
Cologne,6,44.6,18.2,1104.0,0.66,3.2,6.5,0
Cologne,4,38.5,15.3,1032.0,0.26,1.0,7.9,0
Frankfurt,10,24.5,8.8,800.0,0.81,5.8,3.5,1
Frankfurt,10,48.7,17.8,1653.0,0.5,4.2,5.5,0
Munich,12,59.6,27.2,1847.0,0.9,7.7,1.4,1
Frankfurt,5,39.1,15.5,976.0,0.78,2.8,6.4,0
Munich,11,49.4,15.5,1438.0,0.88,7.2,2.8,1
Hamburg,4,29.3,9.6,800.0,0.67,1.9,8.3,0
Frankfurt,9,49.6,13.4,1115.0,0.42,3.2,5.4,0
Frankfurt,2,41.1,20.7,1560.0,0.45,3.8,6.6,0
Cologne,1,37.4,17.3,1786.0,0.86,2.9,6.7,0
Munich,7,37.4,12.7,800.0,0.46,4.6,6.1,0
Cologne,9,41.1,20.2,1675.0,0.57,4.0,6.8,0
Frankfurt,9,48.8,18.2,1754.0,0.9,5.8,3.6,1
Hamburg,4,31.9,9.3,800.0,0.61,2.8,7.9,0
Berlin,4,41.0,16.4,1161.0,0.76,3.1,6.1,0
Munich,1,44.6,16.1,1438.0,0.51,3.6,7.7,0
Munich,12,34.0,13.9,1309.0,0.69,6.5,2.7,1
Hamburg,1,63.0,16.9,1191.0,0.84,6.6,3.7,1
Hamburg,1,36.5,9.7,1070.0,0.63,1.0,8.8,0
Munich,6,38.3,17.2,1389.0,0.9,3.1,5.9,0
Munich,11,35.2,16.8,1447.0,0.73,3.7,7.2,0
Hamburg,6,63.0,25.2,2317.0,0.71,9.1,1.0,1
Hamburg,11,50.5,23.5,2034.0,0.75,6.6,1.7,1
Hamburg,11,35.6,13.6,1089.0,0.46,2.2,4.9,0
Frankfurt,5,56.1,20.2,1482.0,0.81,9.2,1.0,1
Munich,10,47.0,12.9,1576.0,0.74,4.7,6.7,0
Munich,12,47.6,14.1,971.0,0.72,6.6,4.6,0
Hamburg,11,41.6,7.9,800.0,0.49,2.4,6.9,0
Cologne,10,37.5,11.5,1025.0,0.83,1.0,8.6,0
Berlin,2,48.4,10.0,907.0,0.69,2.7,6.8,0
Munich,6,39.5,16.4,1740.0,0.41,1.0,7.7,0
Frankfurt,12,63.2,22.2,1787.0,0.84,9.5,1.0,1
Berlin,1,32.3,5.0,800.0,0.86,3.6,7.4,0
Cologne,3,60.4,19.6,1875.0,0.9,4.6,5.9,1
Frankfurt,12,43.9,20.5,1615.0,0.86,5.1,5.2,0
Hamburg,5,48.0,15.6,1425.0,0.71,5.1,3.6,1
Cologne,10,53.3,14.8,1221.0,0.9,6.3,3.8,1
Hamburg,5,38.7,7.5,800.0,0.9,5.7,2.0,1
Frankfurt,11,53.6,12.6,1154.0,0.55,4.9,5.9,0
Frankfurt,7,20.0,8.3,800.0,0.77,1.0,9.3,0
Hamburg,5,37.8,11.3,800.0,0.9,5.0,3.6,1
Berlin,10,35.8,10.9,800.0,0.66,4.8,6.8,0
Munich,6,32.5,9.5,800.0,0.54,3.4,4.8,0
Munich,7,42.9,13.9,1091.0,0.9,7.6,3.0,1
Frankfurt,2,48.9,12.6,800.0,0.57,4.2,6.3,0
Cologne,3,52.0,18.3,1431.0,0.48,3.9,4.9,0
Hamburg,3,47.4,11.5,950.0,0.9,5.4,4.6,0
Cologne,1,38.3,10.5,1012.0,0.64,2.8,5.5,0
Hamburg,9,48.7,19.3,1642.0,0.76,5.6,1.5,1
Cologne,10,46.2,16.5,1504.0,0.44,3.4,5.6,0
Hamburg,9,54.4,20.2,1697.0,0.74,4.8,4.5,1
Frankfurt,9,52.8,24.0,1859.0,0.9,8.1,2.5,1
Berlin,12,45.3,14.9,1173.0,0.54,3.9,6.1,0
Munich,9,36.0,12.1,800.0,0.54,2.4,7.7,0
Cologne,8,38.5,12.0,1008.0,0.59,5.6,3.4,0
Munich,5,39.5,11.8,800.0,0.53,2.4,7.1,0
Cologne,11,41.8,10.9,1087.0,0.87,3.1,5.9,0
Frankfurt,9,47.7,16.1,1100.0,0.62,5.6,3.1,1
Frankfurt,7,52.2,18.4,1507.0,0.55,6.6,2.8,1
Cologne,2,44.5,16.1,1349.0,0.84,6.3,3.8,1
Cologne,7,45.2,15.2,1452.0,0.72,3.4,6.0,0
Cologne,4,46.4,18.3,1124.0,0.67,5.5,4.1,0
Frankfurt,7,39.8,13.4,1004.0,0.75,3.3,7.4,0
Berlin,7,35.7,10.7,965.0,0.36,2.7,6.8,0
Berlin,12,27.4,6.4,860.0,0.63,4.5,4.1,0
Cologne,3,38.0,8.0,800.0,0.44,3.0,7.6,0
Hamburg,3,49.7,21.0,1558.0,0.61,5.4,4.9,0
Berlin,10,38.0,10.6,1250.0,0.63,4.0,6.3,0
Frankfurt,10,42.6,11.4,1075.0,0.63,2.7,8.0,0
Frankfurt,6,49.7,15.3,1499.0,0.58,6.4,4.0,0
Frankfurt,2,50.2,15.9,1030.0,0.55,5.9,4.2,0
Munich,12,34.2,16.3,1410.0,0.65,1.0,10.0,0
Munich,8,55.0,17.3,1170.0,0.74,5.9,2.8,1
Frankfurt,8,56.3,26.7,1872.0,0.53,4.5,4.9,0
Berlin,4,33.7,11.4,1030.0,0.59,5.0,6.0,0
Munich,2,36.8,18.4,1604.0,0.71,1.5,8.6,0
Hamburg,9,56.9,21.7,1636.0,0.49,5.2,5.6,0
Cologne,9,43.5,15.6,1534.0,0.75,4.9,5.3,0
Munich,2,22.8,12.3,913.0,0.53,2.4,9.0,0
Munich,10,31.0,13.7,1042.0,0.9,4.2,4.7,0
Berlin,4,42.5,16.1,1279.0,0.77,2.0,9.4,0
Berlin,1,33.4,18.1,1397.0,0.9,5.8,5.4,0
Hamburg,6,40.9,12.1,1226.0,0.67,4.9,3.9,1
Hamburg,11,45.3,12.1,800.0,0.9,6.6,4.1,0
Hamburg,11,59.6,17.8,1277.0,0.9,7.3,2.7,1
Hamburg,11,42.1,19.3,1305.0,0.61,4.2,5.2,0
Munich,1,55.7,22.9,2211.0,0.9,3.6,4.5,1
Hamburg,12,59.3,18.2,1390.0,0.9,5.1,3.9,1
Hamburg,7,59.3,12.7,864.0,0.8,8.3,2.4,1
Frankfurt,9,47.8,15.3,1169.0,0.9,6.9,4.0,1
Munich,9,25.4,5.4,800.0,0.58,1.6,8.2,0
Munich,11,49.6,15.1,1337.0,0.53,1.0,9.8,0
Munich,2,55.5,15.3,1111.0,0.69,5.2,5.7,1
Cologne,11,44.2,9.9,800.0,0.57,4.0,6.2,0
Hamburg,8,62.4,26.5,1826.0,0.9,5.9,3.4,1
Hamburg,11,53.6,15.8,1293.0,0.9,6.2,4.3,1
Hamburg,3,50.7,21.1,1947.0,0.78,6.4,4.1,1
Berlin,5,55.9,18.0,1320.0,0.9,7.1,3.6,1
Berlin,4,48.3,12.7,1145.0,0.9,5.5,5.4,0
Berlin,6,20.1,8.2,800.0,0.41,1.0,7.6,0
Cologne,11,40.0,12.2,800.0,0.48,3.5,6.0,0
Hamburg,12,57.0,18.4,1606.0,0.9,9.2,1.0,1
Munich,12,36.9,12.7,1489.0,0.9,4.3,6.5,0
Munich,7,42.8,11.8,1054.0,0.9,4.8,5.0,0
Frankfurt,9,34.6,6.7,800.0,0.41,4.0,6.4,0
Berlin,10,62.8,20.8,1594.0,0.87,6.9,1.6,1
Cologne,5,61.8,23.5,2262.0,0.75,2.6,8.8,1
Frankfurt,2,36.2,9.3,809.0,0.71,3.3,5.5,0
Cologne,12,46.5,16.0,1123.0,0.86,4.6,6.2,0
Munich,4,38.2,17.2,1367.0,0.57,5.7,4.4,0
Hamburg,2,51.1,16.8,1385.0,0.46,5.2,4.6,0
Munich,1,50.1,17.0,1450.0,0.38,2.5,7.2,0
Munich,2,53.1,17.9,1732.0,0.73,6.0,3.4,1
Berlin,11,48.3,14.1,1380.0,0.58,3.6,7.7,0
Munich,7,70.0,20.4,1668.0,0.9,5.2,4.8,1
Cologne,2,34.7,8.6,800.0,0.36,2.2,6.5,0
Hamburg,4,27.9,10.4,911.0,0.65,3.6,6.0,0
Berlin,5,41.1,16.0,1155.0,0.9,6.0,4.1,0
Frankfurt,3,29.3,12.2,1171.0,0.68,3.7,7.2,0
Munich,4,30.1,8.9,800.0,0.48,4.0,5.4,0
Berlin,10,35.0,14.9,1294.0,0.59,4.2,5.3,0
Berlin,3,35.8,12.8,1371.0,0.76,3.7,6.3,0
Berlin,8,35.5,12.0,1073.0,0.44,4.6,6.3,0
Cologne,10,50.2,6.7,800.0,0.85,1.4,7.2,1
Frankfurt,8,39.9,10.9,800.0,0.75,4.2,6.3,0
Berlin,3,43.2,9.8,800.0,0.76,2.8,6.8,0
Cologne,9,53.9,19.9,1362.0,0.86,7.1,2.5,1
Frankfurt,9,37.3,12.7,1125.0,0.9,3.5,8.5,0
Hamburg,7,42.4,10.9,800.0,0.77,4.3,5.5,0
Cologne,1,48.7,17.1,1564.0,0.73,2.6,8.1,0
Berlin,12,25.6,5.0,800.0,0.9,4.1,6.6,0
Munich,10,21.2,5.0,800.0,0.87,3.1,5.8,0
Cologne,11,48.5,14.0,1015.0,0.5,5.7,2.5,0
Hamburg,3,49.9,18.3,1458.0,0.56,3.8,7.0,0
Frankfurt,8,65.6,26.1,1732.0,0.62,5.4,3.5,1
Hamburg,6,46.6,13.8,1266.0,0.45,5.0,3.3,0
Frankfurt,9,53.2,21.7,1703.0,0.9,4.3,6.7,1
Cologne,11,43.0,14.5,1462.0,0.64,5.0,4.0,0
Frankfurt,11,48.0,16.7,1414.0,0.49,1.6,7.7,0
Berlin,10,61.7,20.4,1676.0,0.53,5.4,6.5,0
Cologne,11,23.8,7.3,800.0,0.9,5.1,3.3,1
Munich,9,49.1,17.7,1221.0,0.9,5.6,3.2,1
Hamburg,1,66.4,24.3,1857.0,0.89,6.9,2.7,1
Hamburg,6,47.8,13.3,1089.0,0.9,7.8,2.0,1
Cologne,11,61.5,19.9,1534.0,0.8,2.6,6.5,1
Munich,11,38.7,17.9,1318.0,0.73,2.6,6.2,0
Cologne,3,44.7,15.4,1178.0,0.5,3.9,7.6,0
Berlin,5,45.3,16.0,1287.0,0.9,5.8,4.4,0
Berlin,1,22.8,11.1,1353.0,0.72,3.6,7.0,0
Munich,11,33.3,9.6,800.0,0.74,2.0,7.8,0
Cologne,11,34.0,11.2,800.0,0.77,4.9,5.4,0
Munich,7,53.2,20.2,1585.0,0.9,4.7,6.2,1
Munich,6,53.7,21.6,2030.0,0.9,7.2,1.8,1
Berlin,12,48.2,9.0,1033.0,0.71,3.3,7.0,0
Berlin,10,53.2,15.5,1633.0,0.9,5.1,5.6,1
Munich,5,43.4,11.5,929.0,0.61,3.6,7.9,0
Munich,2,57.0,18.6,1619.0,0.75,7.3,4.7,1
Frankfurt,8,45.1,12.3,800.0,0.69,3.7,6.3,0
Berlin,5,45.6,17.2,1304.0,0.78,4.5,6.6,0
Munich,2,42.3,14.6,948.0,0.58,5.0,2.3,0
Frankfurt,4,51.8,19.9,1691.0,0.9,6.0,5.5,1
Munich,10,40.8,16.5,1324.0,0.9,5.4,3.9,1
Frankfurt,8,54.8,20.3,1669.0,0.84,5.8,4.0,1
Munich,8,33.7,10.2,800.0,0.65,2.7,7.7,0
Cologne,3,34.0,11.6,1102.0,0.52,2.9,7.0,0
Berlin,10,51.9,15.9,800.0,0.9,5.2,5.0,1
Munich,8,44.1,10.6,800.0,0.89,4.8,6.8,0
Hamburg,10,40.5,16.3,1287.0,0.68,3.8,5.8,0
Hamburg,9,53.9,17.7,1013.0,0.87,5.4,3.5,1
Frankfurt,2,38.9,8.5,800.0,0.48,1.6,10.0,0
Berlin,6,43.0,15.9,1241.0,0.5,5.3,5.2,0
Frankfurt,11,59.0,19.0,1632.0,0.63,6.2,5.8,1
Berlin,3,60.4,14.0,1516.0,0.62,7.5,3.3,1
Hamburg,5,60.7,16.1,1355.0,0.81,6.1,2.6,1
Hamburg,4,42.2,12.0,1151.0,0.65,1.6,9.0,0
Frankfurt,8,57.3,19.7,1855.0,0.69,5.2,3.8,1
Cologne,7,35.5,14.2,1234.0,0.68,3.3,6.8,0
Hamburg,7,35.9,14.2,966.0,0.49,4.7,5.2,0
Berlin,11,21.5,9.0,800.0,0.71,1.0,7.4,0
Munich,12,61.7,20.5,1713.0,0.53,6.2,3.0,1
Munich,12,36.4,17.3,1303.0,0.8,4.4,7.8,0
Munich,1,43.7,16.7,1591.0,0.63,3.4,6.9,0
Hamburg,6,35.9,12.6,916.0,0.5,3.7,6.1,0
Cologne,2,52.0,19.0,1518.0,0.73,4.3,7.6,1
Hamburg,8,41.2,12.6,800.0,0.82,3.0,6.6,0
Berlin,6,32.0,10.5,800.0,0.58,2.6,7.3,0
Hamburg,9,49.4,10.2,800.0,0.61,3.9,7.1,0
Hamburg,10,30.7,9.1,800.0,0.49,4.1,5.5,0
Hamburg,1,36.6,17.5,1389.0,0.68,2.6,6.7,0
Hamburg,8,23.9,8.4,800.0,0.75,1.0,6.7,0
Berlin,12,30.8,10.6,1372.0,0.82,5.7,3.3,1
Hamburg,2,46.8,18.6,1654.0,0.61,6.1,2.9,1
Cologne,7,25.4,9.5,979.0,0.65,1.0,9.2,0
Frankfurt,11,30.2,7.7,800.0,0.31,1.9,7.5,0
Berlin,12,45.0,15.1,1226.0,0.9,4.9,7.3,0
Cologne,12,39.6,9.8,800.0,0.9,4.4,4.5,0
Munich,3,64.9,22.2,2300.0,0.77,4.3,7.1,1
Munich,7,63.3,18.6,1466.0,0.9,8.1,2.1,1
Berlin,1,36.3,14.9,1071.0,0.49,4.9,5.9,0
Frankfurt,10,50.6,15.3,1075.0,0.63,5.8,5.0,1
Hamburg,9,52.5,15.0,1269.0,0.75,7.3,1.0,1
Berlin,6,39.0,12.7,1298.0,0.89,4.6,5.4,0
Hamburg,7,30.0,11.1,1106.0,0.67,3.7,6.1,0
Hamburg,9,44.9,11.3,800.0,0.75,6.8,2.0,1
Munich,10,43.3,12.9,873.0,0.59,6.0,4.5,0
Frankfurt,1,40.6,13.9,1358.0,0.83,2.8,8.9,0
Hamburg,8,49.4,20.5,2059.0,0.51,5.9,1.4,0
Berlin,11,37.5,5.0,800.0,0.54,2.8,6.7,0
Munich,7,33.5,13.0,1282.0,0.55,4.1,4.6,0
Hamburg,2,46.1,14.2,844.0,0.54,5.3,4.7,0
Munich,1,48.9,14.8,1016.0,0.44,2.8,6.9,0
Munich,10,33.2,9.0,800.0,0.65,3.1,6.3,0
Berlin,1,54.3,17.0,1443.0,0.75,5.8,4.9,1
Berlin,11,27.3,11.0,841.0,0.61,2.1,9.6,0
Cologne,4,39.2,11.5,965.0,0.86,4.4,8.3,0
Hamburg,5,42.4,19.1,1773.0,0.9,5.5,3.8,1
Munich,7,38.6,14.8,1049.0,0.46,3.8,4.4,0
Cologne,8,39.3,13.7,1116.0,0.46,4.3,6.3,0
Berlin,2,63.7,20.7,1392.0,0.81,8.4,3.2,1
Frankfurt,9,36.5,15.7,1491.0,0.75,4.4,6.5,0
Munich,11,69.4,27.1,2391.0,0.62,7.2,4.4,1
Frankfurt,7,49.4,13.0,1110.0,0.8,3.5,6.3,0
Frankfurt,6,45.9,13.2,1080.0,0.81,5.6,3.8,1
Munich,11,49.8,18.5,1377.0,0.9,5.5,4.6,0
Cologne,8,70.0,26.1,1812.0,0.86,8.9,1.0,1
Cologne,2,35.1,10.8,924.0,0.62,3.6,7.1,0
Munich,1,33.8,9.0,874.0,0.73,1.0,10.0,0
Hamburg,5,37.5,12.7,1421.0,0.42,1.2,9.9,0
Frankfurt,9,45.3,19.5,1484.0,0.71,5.6,4.9,0
Cologne,7,27.7,9.4,804.0,0.3,1.9,8.3,0
Munich,7,45.2,11.3,1125.0,0.79,5.2,5.6,0
Berlin,9,61.9,21.0,1907.0,0.9,6.4,1.7,1
Berlin,5,46.5,17.9,1304.0,0.44,4.4,5.8,0
Munich,5,42.1,13.7,1042.0,0.77,4.1,6.0,0
Hamburg,7,38.8,16.7,1232.0,0.84,2.6,7.6,0
Berlin,11,54.0,20.6,1467.0,0.77,5.4,4.5,1
Hamburg,12,36.7,12.1,1259.0,0.53,2.8,7.6,0
Munich,12,63.5,21.3,1715.0,0.9,5.8,3.6,1
Munich,6,64.3,15.9,1259.0,0.54,5.9,5.2,0
Frankfurt,10,47.6,19.5,1608.0,0.55,4.4,6.1,0
Munich,6,44.9,14.0,1129.0,0.9,5.9,4.3,0
Hamburg,8,55.3,17.2,1335.0,0.65,5.3,4.0,1
Cologne,4,55.9,17.0,1208.0,0.9,7.1,3.7,1
Berlin,2,36.9,13.7,1408.0,0.7,6.0,4.2,0
Berlin,3,39.7,9.9,800.0,0.9,5.3,4.0,1
Frankfurt,10,31.8,7.6,800.0,0.81,4.0,6.0,0
Cologne,4,49.1,16.2,1280.0,0.75,5.4,5.2,0
Hamburg,5,51.7,15.3,1659.0,0.84,6.5,4.1,1
Hamburg,2,31.5,11.5,800.0,0.47,3.3,7.2,0
Frankfurt,8,40.4,11.7,1079.0,0.55,5.5,4.6,0
Munich,12,31.5,15.3,1174.0,0.83,4.1,7.0,0
Cologne,12,36.0,14.1,1176.0,0.86,3.1,8.2,0
Berlin,5,50.5,18.9,1695.0,0.9,6.4,4.3,1
Cologne,7,37.7,10.7,800.0,0.9,3.9,5.5,0
Frankfurt,9,42.0,21.2,1518.0,0.9,4.0,4.9,0
Munich,7,28.7,8.3,842.0,0.77,2.2,7.3,0
Cologne,4,46.9,13.5,1098.0,0.9,4.9,7.0,0
Munich,3,44.6,17.0,1400.0,0.6,6.0,4.3,0
Cologne,8,37.7,13.2,1195.0,0.89,5.1,7.0,0
Berlin,9,43.1,11.9,800.0,0.89,4.8,5.0,0
Hamburg,5,46.8,22.2,1986.0,0.57,5.6,4.2,0
Cologne,6,36.9,15.2,1381.0,0.9,5.6,4.3,0
Hamburg,10,30.2,10.1,855.0,0.35,2.8,7.1,0
Hamburg,12,63.1,28.2,2351.0,0.69,4.6,4.6,1
Hamburg,12,38.7,15.3,1459.0,0.5,5.8,3.0,0
Frankfurt,10,44.0,14.6,1053.0,0.69,3.6,6.9,0
Berlin,6,55.1,25.2,2149.0,0.67,4.5,6.6,1
Hamburg,3,70.0,25.3,2374.0,0.79,4.3,8.1,1
Berlin,12,32.6,12.7,1144.0,0.87,4.1,5.5,0
Cologne,4,49.5,15.3,1183.0,0.79,2.5,7.1,0
Berlin,11,37.9,12.8,1487.0,0.77,2.7,6.6,0
Munich,9,39.6,12.0,1004.0,0.5,4.8,6.3,0
Hamburg,6,37.8,16.9,1633.0,0.69,4.9,6.0,0
Cologne,12,33.7,6.4,800.0,0.81,2.4,6.7,0
Hamburg,5,44.6,19.0,1730.0,0.81,4.3,4.8,0
Hamburg,9,30.3,7.5,800.0,0.69,1.7,9.2,0
Cologne,8,54.5,18.0,1503.0,0.57,4.6,5.8,0
Cologne,9,45.6,14.3,1022.0,0.64,5.0,5.8,0
Frankfurt,11,49.2,14.8,1568.0,0.9,4.2,4.9,0
Frankfurt,9,40.3,15.5,1197.0,0.89,3.7,4.5,0
Frankfurt,4,41.3,13.8,879.0,0.4,1.9,7.2,0
Berlin,8,47.9,14.0,1135.0,0.85,6.5,4.2,0
Munich,10,33.4,11.6,1034.0,0.7,4.1,8.0,0
Munich,9,41.4,11.7,932.0,0.73,5.3,4.2,0
Berlin,11,36.4,10.5,800.0,0.76,5.6,6.7,0
Frankfurt,5,36.1,7.5,811.0,0.7,2.4,8.5,0
Munich,4,23.9,6.6,800.0,0.87,1.9,6.8,0
Frankfurt,10,58.4,20.9,1346.0,0.88,3.0,7.2,1
Cologne,1,38.1,12.8,850.0,0.9,8.5,2.3,1
Berlin,3,56.6,24.3,1914.0,0.89,5.4,2.1,1
Frankfurt,10,55.7,26.4,2006.0,0.57,7.1,3.5,1
Berlin,2,32.1,9.3,851.0,0.53,1.4,9.8,0
Hamburg,12,34.1,8.9,1078.0,0.75,4.9,5.5,0
Berlin,7,70.0,26.7,2062.0,0.9,9.8,1.0,1
Berlin,4,62.5,21.8,2063.0,0.9,6.2,3.7,1
Frankfurt,9,44.7,18.3,1171.0,0.62,3.0,6.8,0
Berlin,9,47.6,17.1,1456.0,0.61,4.5,4.3,0
Hamburg,2,38.7,12.3,866.0,0.45,1.0,8.3,0
Cologne,3,49.3,15.9,1365.0,0.79,4.9,4.7,0
Munich,8,37.8,13.9,800.0,0.62,5.0,5.1,0
Cologne,10,24.7,7.6,800.0,0.87,2.4,7.0,0
Berlin,3,31.8,14.3,1235.0,0.59,2.8,6.4,0
Hamburg,4,45.2,11.2,800.0,0.9,5.3,5.4,0
Hamburg,11,33.7,14.9,1125.0,0.48,4.3,6.1,0
Cologne,3,44.3,9.2,1100.0,0.41,1.9,7.5,0
Frankfurt,12,34.3,11.9,976.0,0.68,3.6,6.9,0
Munich,2,37.2,11.4,1092.0,0.9,7.4,2.2,1
Berlin,1,53.5,13.3,912.0,0.58,3.4,6.7,0
Berlin,3,47.5,9.6,800.0,0.9,4.6,6.4,0
Cologne,9,44.9,11.7,918.0,0.83,7.4,2.0,1
Hamburg,8,53.8,18.1,1147.0,0.9,7.0,1.8,1
Hamburg,9,49.8,14.8,1044.0,0.58,4.2,5.6,0
Frankfurt,10,59.5,16.7,1383.0,0.8,6.3,2.4,1
Munich,5,40.4,17.5,1380.0,0.57,4.0,5.7,0
Berlin,5,40.7,9.9,857.0,0.48,2.9,6.8,0
Cologne,8,32.0,12.7,1136.0,0.61,3.1,4.4,0
Frankfurt,5,40.7,10.9,800.0,0.58,3.7,6.9,0
Munich,4,54.6,14.8,999.0,0.9,5.6,4.2,1
Berlin,9,58.0,17.5,966.0,0.88,4.7,6.5,1
Munich,1,54.6,20.1,1531.0,0.59,3.5,6.7,0
Berlin,6,27.1,5.0,800.0,0.9,2.6,8.1,0
Munich,7,55.8,19.5,1856.0,0.9,8.2,3.0,1
Munich,6,26.6,6.0,800.0,0.89,2.8,7.1,0
Cologne,12,54.0,15.7,1527.0,0.8,4.9,5.1,1
Frankfurt,10,41.3,15.0,1275.0,0.71,5.3,3.2,1
Hamburg,8,52.0,23.9,1930.0,0.64,5.0,6.3,1
Munich,11,31.7,7.8,800.0,0.51,6.0,3.9,0
Cologne,8,56.7,21.1,1208.0,0.86,5.7,3.3,1
Hamburg,5,30.4,9.2,979.0,0.74,4.1,6.7,0
Frankfurt,12,38.3,11.3,897.0,0.71,2.7,5.1,0
Frankfurt,4,35.0,14.9,1469.0,0.76,4.3,5.3,0
Munich,11,27.5,6.6,800.0,0.44,3.2,7.7,0
Berlin,7,45.9,11.9,1434.0,0.84,4.5,5.1,0
Frankfurt,9,63.1,22.4,1742.0,0.69,5.6,3.7,1
Cologne,2,70.0,28.1,2111.0,0.81,6.0,3.5,1
Munich,12,46.0,17.6,1363.0,0.67,5.0,3.0,1
Frankfurt,7,56.2,14.5,1194.0,0.54,6.6,4.2,0
Munich,6,47.3,13.9,1100.0,0.9,4.5,5.3,0
Berlin,3,50.0,19.6,1465.0,0.56,5.4,4.3,0
Frankfurt,2,41.6,18.6,1128.0,0.75,4.1,5.6,0
Munich,1,47.0,16.3,1146.0,0.9,4.8,5.2,0
Cologne,2,50.4,15.1,1419.0,0.57,4.7,5.9,0
Frankfurt,12,39.2,18.0,1265.0,0.64,3.9,6.0,0
Berlin,5,44.2,14.5,818.0,0.85,8.5,1.0,1
Hamburg,1,44.4,13.0,828.0,0.5,4.9,5.7,0
Hamburg,8,53.3,15.4,1217.0,0.77,6.3,4.2,1
Munich,4,34.3,7.9,800.0,0.69,4.1,6.1,0
Frankfurt,3,44.5,23.3,1810.0,0.42,4.1,7.0,0
Frankfurt,10,64.1,25.6,1891.0,0.9,8.4,1.7,1
Berlin,2,56.6,16.9,1555.0,0.52,5.2,5.9,0
Hamburg,1,58.5,24.7,2074.0,0.9,7.4,4.0,1
Cologne,8,45.2,16.7,1778.0,0.79,4.0,6.6,0
Hamburg,9,48.2,17.5,1323.0,0.4,3.4,5.9,0
Frankfurt,3,55.0,16.2,1238.0,0.9,6.1,3.8,1
Cologne,3,60.6,18.7,1729.0,0.64,4.4,6.8,1
Cologne,9,25.5,8.4,800.0,0.5,3.4,5.2,0
Berlin,7,31.8,5.0,800.0,0.42,1.4,8.2,0
Munich,12,58.1,17.9,1544.0,0.83,5.3,4.3,1
Munich,12,42.2,14.1,1207.0,0.35,2.1,7.1,0
Berlin,9,38.3,16.7,976.0,0.64,8.1,2.8,1
Frankfurt,2,32.5,9.0,800.0,0.63,1.0,9.4,0
Frankfurt,7,39.4,15.6,1285.0,0.9,4.0,5.3,0
Munich,8,31.0,5.0,800.0,0.73,4.8,5.8,0
Hamburg,11,65.9,25.5,2177.0,0.86,8.1,1.7,1
Berlin,4,44.8,12.2,865.0,0.9,5.8,3.4,1
Hamburg,10,44.4,15.2,1074.0,0.54,4.0,5.3,0
Berlin,11,50.9,18.2,1614.0,0.7,7.1,3.3,1
Berlin,4,54.6,18.8,1022.0,0.9,6.8,4.1,1
Munich,12,54.5,17.8,1265.0,0.88,5.8,3.7,1
Munich,2,55.7,14.9,1470.0,0.53,5.9,4.6,0
Hamburg,2,38.7,10.2,878.0,0.78,3.4,8.2,0
Frankfurt,4,42.0,17.0,1208.0,0.83,2.8,5.9,0
Cologne,4,52.7,15.8,1021.0,0.72,7.1,3.2,1
Hamburg,5,39.7,12.9,1203.0,0.73,5.9,4.9,0
Berlin,10,44.9,10.5,856.0,0.48,3.2,6.7,0
Cologne,10,49.0,18.9,1469.0,0.81,4.7,6.6,0
Cologne,10,52.9,13.7,1168.0,0.85,5.1,7.1,1
Cologne,9,27.2,11.8,979.0,0.37,2.7,7.7,0
Cologne,11,52.1,14.2,1153.0,0.87,5.3,4.5,1
Cologne,9,42.7,17.3,1116.0,0.88,5.7,5.3,0
Hamburg,7,52.1,17.4,1186.0,0.43,4.1,6.8,0
Munich,6,52.8,15.9,1423.0,0.73,4.0,3.5,1
Munich,10,61.1,25.2,2125.0,0.9,8.0,2.0,1
Berlin,5,58.5,19.3,1621.0,0.72,5.2,4.4,1
Frankfurt,4,58.5,18.4,1355.0,0.9,4.0,6.4,1
Hamburg,2,59.4,22.5,1956.0,0.66,5.2,4.6,1
Cologne,4,47.9,11.5,848.0,0.46,4.3,5.6,0
Munich,11,45.3,7.5,862.0,0.9,6.9,2.3,1
Berlin,7,53.7,21.4,1561.0,0.9,6.8,4.0,1
Cologne,1,52.3,14.9,1089.0,0.9,7.0,4.7,1
Berlin,3,41.9,16.6,1295.0,0.61,5.4,3.7,1
Cologne,4,49.0,16.5,1488.0,0.75,6.3,2.3,1
Cologne,7,44.6,11.4,904.0,0.65,3.4,6.6,0
Munich,3,36.5,14.0,1126.0,0.88,3.3,6.6,0
Munich,4,57.9,18.1,1367.0,0.66,4.3,6.9,1
Cologne,1,45.6,12.0,1010.0,0.88,4.2,4.5,0
Munich,12,65.5,18.7,1480.0,0.67,7.6,1.9,1
Hamburg,1,28.7,5.0,800.0,0.6,3.1,4.8,0
Cologne,10,39.4,14.4,1174.0,0.59,5.9,5.5,0
Munich,12,45.3,12.3,1014.0,0.9,2.8,7.4,0
Berlin,3,56.4,18.7,1965.0,0.63,6.4,3.1,1
Berlin,7,49.0,15.8,1141.0,0.6,3.0,5.7,0
Berlin,11,48.1,13.2,889.0,0.5,5.0,3.8,0
Frankfurt,6,33.7,6.7,800.0,0.9,4.5,5.9,0
Berlin,5,33.4,18.7,1301.0,0.73,3.0,5.9,0
Berlin,8,48.2,15.9,1060.0,0.9,5.6,4.5,0
Hamburg,11,31.4,15.9,986.0,0.31,1.7,10.0,0
Hamburg,8,39.7,16.7,1183.0,0.38,1.5,8.2,0
Frankfurt,4,50.0,15.7,1107.0,0.72,5.8,3.2,1
Hamburg,10,35.2,12.3,800.0,0.88,6.1,4.2,0
Munich,6,61.1,20.8,1614.0,0.63,4.6,4.2,1
Berlin,12,57.2,24.6,1496.0,0.9,7.6,4.2,1
Munich,1,29.3,12.3,1078.0,0.45,3.0,8.4,0
Frankfurt,10,35.7,9.5,800.0,0.64,1.6,8.3,0
Munich,12,22.1,8.4,800.0,0.49,1.0,8.1,0
Munich,10,37.2,14.8,1302.0,0.69,3.7,5.8,0
Munich,9,52.7,14.0,1197.0,0.77,4.7,5.0,1
Hamburg,5,40.9,15.1,1082.0,0.34,2.1,8.3,0
Berlin,8,49.6,20.6,1736.0,0.88,2.4,8.6,0
Munich,10,29.8,7.4,898.0,0.76,1.7,7.3,0
Cologne,10,53.0,15.5,1038.0,0.74,5.6,5.4,1
Berlin,1,39.4,16.6,1481.0,0.73,3.9,6.7,0
Berlin,4,45.1,14.0,896.0,0.41,3.8,5.7,0
Cologne,2,44.1,11.7,1175.0,0.73,4.7,4.2,0
Frankfurt,2,32.3,13.4,930.0,0.7,4.8,5.3,0
Frankfurt,2,33.5,12.9,881.0,0.62,3.9,5.0,0
Berlin,2,54.7,18.5,1711.0,0.9,5.3,5.7,1
Hamburg,8,49.0,19.7,1721.0,0.62,6.3,2.6,1
Frankfurt,6,55.5,22.1,1631.0,0.51,4.1,6.4,0
Frankfurt,9,48.2,15.8,1292.0,0.74,4.5,5.4,0
Munich,2,46.4,21.4,1570.0,0.83,4.3,5.1,0
Munich,1,27.7,14.0,801.0,0.26,1.0,8.9,0
Frankfurt,8,42.3,8.1,800.0,0.71,3.6,7.5,0
Hamburg,10,44.7,11.8,874.0,0.45,1.4,7.4,0
Munich,3,64.5,14.7,990.0,0.9,9.3,1.0,1
Hamburg,3,51.9,16.3,1566.0,0.67,3.8,5.5,1
Berlin,8,60.4,16.5,1137.0,0.9,8.4,1.5,1
Hamburg,5,51.0,14.5,1193.0,0.7,5.2,4.2,1
Munich,8,37.9,15.9,1488.0,0.9,4.6,3.6,1
Cologne,2,46.2,10.1,800.0,0.82,3.9,5.1,0
Hamburg,10,47.4,16.2,1147.0,0.9,5.0,6.6,0
Frankfurt,9,35.6,12.2,1039.0,0.9,4.5,5.7,0
Hamburg,2,41.2,13.5,1169.0,0.75,5.1,5.1,0
Hamburg,9,42.9,14.7,1352.0,0.69,5.5,4.3,0
Hamburg,10,61.1,13.7,1467.0,0.9,5.6,4.4,1
Frankfurt,6,24.2,5.6,800.0,0.5,1.7,7.9,0
Hamburg,12,57.1,23.6,1931.0,0.42,3.3,7.2,0
Cologne,12,35.6,8.3,800.0,0.9,4.3,5.8,0
Frankfurt,5,31.3,15.4,1367.0,0.68,4.8,4.1,0
Cologne,7,56.8,14.7,1214.0,0.68,8.1,2.1,1
Cologne,7,52.3,12.9,993.0,0.87,5.7,1.9,1
Cologne,4,57.5,16.3,1182.0,0.9,4.6,5.8,1
Frankfurt,7,53.0,21.1,1615.0,0.85,2.8,5.8,1
Munich,3,65.6,20.2,1665.0,0.9,8.1,1.8,1
Frankfurt,3,50.6,17.9,1239.0,0.37,2.4,6.4,0
Hamburg,7,43.4,14.7,1115.0,0.81,3.8,6.2,0
Cologne,1,48.4,16.0,1282.0,0.79,4.5,6.1,0
Hamburg,8,57.4,23.0,1529.0,0.61,5.6,5.9,1
Cologne,11,37.2,14.7,967.0,0.9,3.8,4.7,0
Cologne,2,38.5,9.4,800.0,0.45,4.1,6.9,0
Hamburg,1,41.9,13.1,1365.0,0.47,1.0,9.1,0
Berlin,6,24.0,13.2,891.0,0.38,2.4,7.1,0
Cologne,4,46.4,16.4,1302.0,0.81,1.3,9.5,0
Berlin,7,26.1,5.0,800.0,0.41,3.7,6.1,0
Frankfurt,12,45.5,10.9,800.0,0.64,3.7,7.0,0
Cologne,3,53.7,20.6,1356.0,0.82,2.1,6.9,1
Cologne,11,40.2,15.5,1375.0,0.49,2.8,6.6,0
Frankfurt,2,61.8,17.8,1161.0,0.53,5.3,5.6,0
Hamburg,12,30.4,12.4,1171.0,0.52,4.8,6.7,0
Hamburg,11,56.9,23.8,1995.0,0.74,6.0,4.0,1
Berlin,4,51.8,21.6,1715.0,0.74,5.7,1.5,1
Frankfurt,4,27.8,14.1,1315.0,0.86,4.6,5.2,0
Cologne,11,70.0,25.0,2621.0,0.69,6.9,3.2,1
Berlin,4,44.4,14.3,1236.0,0.9,5.6,4.2,0
Hamburg,3,36.2,10.9,800.0,0.9,4.6,5.7,0
Cologne,7,30.9,10.3,1118.0,0.78,1.2,8.4,0
Hamburg,5,42.8,11.6,968.0,0.9,6.5,4.3,0
Berlin,11,43.7,13.5,1502.0,0.88,2.2,6.6,0
Hamburg,4,46.0,19.2,1432.0,0.9,6.0,5.3,0
Hamburg,5,42.0,9.2,991.0,0.64,1.9,9.6,0
Frankfurt,7,51.3,12.5,999.0,0.67,6.0,3.1,1
Berlin,4,41.1,16.2,1827.0,0.9,6.9,2.2,1
Cologne,12,25.7,7.5,800.0,0.82,2.2,8.2,0
Hamburg,10,43.5,8.7,1298.0,0.45,4.0,4.8,0
Hamburg,5,21.3,6.9,800.0,0.9,3.0,6.5,0
Munich,6,48.5,15.6,1415.0,0.64,4.4,6.7,0
Berlin,6,35.2,10.4,1175.0,0.71,6.2,4.5,0
Berlin,12,46.6,17.6,1251.0,0.65,5.0,7.0,0
Cologne,12,58.1,15.4,1424.0,0.66,5.3,4.8,1
Frankfurt,7,35.5,11.9,892.0,0.65,2.7,6.6,0
Cologne,10,55.6,17.9,1463.0,0.76,4.2,5.9,1
Berlin,3,40.7,13.7,1110.0,0.61,3.1,6.7,0
Hamburg,12,62.5,15.6,1366.0,0.73,5.7,4.1,1
Frankfurt,8,41.3,12.2,1083.0,0.81,3.4,6.6,0
Frankfurt,5,36.6,12.3,866.0,0.34,2.7,6.4,0
Berlin,1,51.9,18.9,1538.0,0.9,8.3,1.9,1
Berlin,4,40.6,19.1,1060.0,0.75,2.5,6.1,0
Cologne,11,36.6,14.6,1367.0,0.82,3.9,5.4,0
Munich,4,40.2,14.8,1522.0,0.7,4.9,5.0,0
Berlin,8,44.6,18.7,1531.0,0.9,5.4,2.3,1
Berlin,10,58.4,18.6,1164.0,0.49,5.8,5.0,0
Cologne,9,25.7,13.2,1206.0,0.36,2.2,5.7,0
Berlin,3,45.2,18.4,1322.0,0.9,5.2,5.5,0
Cologne,12,51.2,15.7,1296.0,0.9,5.5,3.2,1
Berlin,11,46.9,21.4,1850.0,0.58,4.3,5.3,0
Hamburg,10,58.1,20.7,1766.0,0.73,3.5,7.1,1
Berlin,1,44.3,21.3,1923.0,0.71,3.7,8.5,0
Munich,11,43.2,15.3,1253.0,0.65,2.6,7.5,0
Frankfurt,11,50.9,15.3,1258.0,0.76,4.1,3.9,1
Cologne,8,46.0,13.0,1190.0,0.9,4.6,6.3,0
Munich,9,41.1,12.6,996.0,0.9,4.6,5.1,0
Cologne,4,50.2,15.0,1063.0,0.9,7.7,2.4,1
Munich,5,38.5,16.6,1422.0,0.68,3.0,7.5,0
Cologne,4,38.9,12.9,804.0,0.64,5.1,2.7,1
Cologne,4,39.7,8.4,800.0,0.76,4.4,5.6,0
Frankfurt,11,58.5,20.1,1336.0,0.9,7.8,1.8,1
Berlin,3,20.0,7.0,800.0,0.53,2.9,8.4,0
Cologne,10,49.0,14.9,1090.0,0.75,3.4,7.3,0
Cologne,4,45.3,15.9,1077.0,0.67,1.9,6.4,0
Frankfurt,9,28.2,9.3,961.0,0.9,3.3,8.0,0
Cologne,7,48.1,17.9,1638.0,0.54,4.0,6.4,0
Cologne,6,49.8,18.3,1728.0,0.79,3.5,4.9,0
Hamburg,12,50.9,18.1,1407.0,0.63,3.2,6.9,1
Hamburg,9,20.0,5.0,800.0,0.39,2.2,8.8,0
Hamburg,11,58.7,25.9,2234.0,0.8,8.1,1.0,1
Frankfurt,12,37.6,7.9,800.0,0.39,3.1,8.2,0
Cologne,2,51.9,16.9,1377.0,0.7,6.1,2.4,1
Frankfurt,4,52.4,14.2,800.0,0.5,5.1,4.1,0
Frankfurt,9,36.2,13.3,1213.0,0.84,1.7,7.4,0
Munich,8,51.6,17.6,1534.0,0.57,6.3,5.1,0
Berlin,1,41.1,13.2,1056.0,0.81,2.5,7.0,0
Munich,9,24.3,12.6,1175.0,0.87,2.5,6.4,0
Berlin,10,56.7,22.2,1898.0,0.74,5.2,5.3,1
Munich,2,37.2,11.4,800.0,0.49,5.1,5.6,0
Cologne,1,36.5,14.6,1121.0,0.66,2.1,8.6,0
Frankfurt,2,41.0,18.4,1266.0,0.58,4.7,5.0,0
Munich,10,47.7,19.2,1829.0,0.48,3.5,6.7,0
Munich,11,44.4,14.4,1347.0,0.72,3.7,5.7,0
Cologne,6,50.5,12.1,802.0,0.46,1.0,10.0,0
Frankfurt,2,31.6,11.5,1044.0,0.9,6.3,4.8,0
Berlin,1,37.6,14.5,1218.0,0.78,4.6,6.5,0
Munich,5,43.8,12.3,847.0,0.86,3.2,7.6,0
Berlin,11,64.0,21.4,1736.0,0.47,4.7,5.8,0
Hamburg,2,43.9,14.4,1321.0,0.52,3.6,5.1,0
Munich,11,55.9,22.8,2010.0,0.87,6.7,4.0,1
Frankfurt,4,45.4,20.7,2122.0,0.81,1.7,8.4,0
Hamburg,11,40.2,16.9,1372.0,0.88,3.8,7.5,0
Hamburg,11,42.5,13.9,1066.0,0.9,6.9,3.9,1
Munich,11,43.3,17.9,1543.0,0.68,2.6,7.9,0
Munich,8,51.0,19.0,1480.0,0.84,5.2,3.1,1
Hamburg,10,58.7,19.4,1432.0,0.79,9.2,1.0,1
Munich,11,48.6,22.5,1613.0,0.85,5.8,3.6,1
Frankfurt,6,56.9,16.7,800.0,0.79,5.9,4.4,1
Frankfurt,8,35.4,13.6,1235.0,0.65,4.3,5.3,0
Hamburg,5,40.9,16.1,963.0,0.9,3.5,6.2,0
Munich,2,37.8,11.7,800.0,0.9,5.7,4.7,0
Hamburg,1,48.1,17.7,1477.0,0.46,4.2,5.4,0
Frankfurt,12,41.4,16.6,1267.0,0.85,1.2,8.9,0
Munich,8,52.3,18.2,1883.0,0.57,4.6,3.8,1
Frankfurt,1,35.7,13.3,800.0,0.44,2.1,7.0,0
Munich,10,45.4,15.5,1685.0,0.9,4.1,6.5,0
Cologne,9,51.9,19.7,1851.0,0.71,4.8,4.0,1
Frankfurt,4,24.3,7.4,800.0,0.89,4.2,7.0,0
Berlin,6,66.2,21.1,1979.0,0.76,7.7,3.3,1
Munich,6,42.2,14.1,1210.0,0.9,4.6,5.1,0
Cologne,3,24.7,11.8,800.0,0.82,2.5,10.0,0
Cologne,1,46.6,10.3,926.0,0.67,3.1,8.2,0
Cologne,6,45.3,12.4,800.0,0.69,1.3,7.8,0
Frankfurt,10,44.2,21.6,1619.0,0.9,4.6,6.2,0
Berlin,5,54.9,19.1,1515.0,0.81,6.7,3.4,1
Cologne,4,52.5,16.3,1119.0,0.75,5.1,4.1,1
Hamburg,9,48.0,18.4,1659.0,0.83,4.0,4.9,0
Munich,4,49.5,14.1,1089.0,0.71,5.6,5.3,0
Munich,1,44.0,8.3,800.0,0.9,4.3,5.1,0
Berlin,10,62.8,22.0,1757.0,0.66,8.8,1.1,1
Berlin,6,30.2,7.9,800.0,0.69,4.9,4.2,0
Frankfurt,7,46.4,15.8,1084.0,0.9,6.1,3.2,1
Hamburg,1,45.7,16.2,1062.0,0.74,5.7,4.2,0
Munich,9,53.1,18.1,1420.0,0.52,3.4,7.0,0
Cologne,10,36.6,7.1,800.0,0.68,4.7,2.8,1
Cologne,2,27.6,9.3,1020.0,0.89,3.3,6.7,0
Munich,7,46.6,16.9,1073.0,0.81,5.6,3.7,1
Hamburg,11,47.8,11.7,1406.0,0.68,5.5,5.9,0
Hamburg,8,59.9,15.4,1293.0,0.9,6.7,6.3,1
Cologne,8,32.3,7.6,800.0,0.9,7.3,2.4,1
Munich,1,56.5,21.1,1579.0,0.81,5.5,2.7,1
Cologne,10,68.7,16.9,1483.0,0.85,8.3,1.8,1
Frankfurt,1,41.2,16.2,1258.0,0.41,3.4,6.4,0
Munich,10,32.1,11.9,1010.0,0.79,4.4,7.6,0
Hamburg,4,40.9,12.9,1198.0,0.73,5.5,6.2,0
Cologne,2,45.1,10.6,982.0,0.71,5.1,5.8,0
Berlin,10,50.6,14.5,1407.0,0.72,7.6,1.8,1
Berlin,12,39.1,15.4,1338.0,0.48,2.6,8.1,0
Frankfurt,4,60.6,24.0,1726.0,0.9,5.3,4.9,1
Berlin,6,33.9,8.2,800.0,0.67,3.7,6.5,0
Frankfurt,3,27.6,12.6,1052.0,0.47,4.1,4.4,0
Frankfurt,10,56.1,20.7,1705.0,0.52,5.9,5.2,0
Hamburg,12,22.3,7.4,977.0,0.54,4.2,6.0,0
Hamburg,3,43.0,12.1,945.0,0.66,3.3,6.6,0
Munich,11,70.0,21.6,1802.0,0.83,5.3,4.1,1
Cologne,1,44.9,20.4,1790.0,0.53,5.0,4.3,0
Berlin,12,33.8,11.8,1047.0,0.62,3.3,7.1,0
Cologne,5,44.4,18.8,1673.0,0.51,5.3,3.0,0
Cologne,12,44.5,15.6,1081.0,0.44,4.4,6.4,0
Frankfurt,7,46.6,14.2,939.0,0.9,4.2,4.8,0
Berlin,12,51.6,19.0,1461.0,0.85,5.0,2.9,1
Hamburg,11,34.6,18.0,1006.0,0.84,3.5,8.3,0
Cologne,6,61.9,18.7,1488.0,0.6,5.7,3.4,1
Frankfurt,12,47.5,18.6,1353.0,0.62,4.4,4.8,0
Hamburg,4,52.3,18.0,1504.0,0.7,4.6,6.5,1
Frankfurt,6,38.7,8.6,800.0,0.85,5.2,6.7,0
Cologne,3,57.9,14.9,987.0,0.82,6.1,2.4,1
Cologne,3,42.4,12.8,1285.0,0.9,7.6,1.4,1
Cologne,7,47.8,17.0,1374.0,0.55,5.0,4.1,0
Berlin,9,35.7,14.5,1335.0,0.62,2.7,8.2,0
Berlin,1,35.0,7.0,800.0,0.9,7.5,4.1,1
Cologne,4,51.9,19.3,1633.0,0.8,5.8,3.1,1
Berlin,12,40.6,13.2,800.0,0.6,5.5,5.9,0
Frankfurt,10,36.5,12.2,1229.0,0.67,4.5,4.8,0
Frankfurt,5,38.6,14.6,1345.0,0.89,4.8,5.5,0
Munich,2,52.0,22.6,1802.0,0.58,6.0,2.7,1
Hamburg,10,38.7,13.8,1163.0,0.66,2.2,7.7,0
Frankfurt,12,43.8,10.5,1044.0,0.9,4.9,5.0,0
Hamburg,11,45.2,14.5,1085.0,0.55,2.5,7.2,0
Munich,3,25.8,11.2,800.0,0.34,2.3,8.1,0
Munich,5,30.3,12.8,949.0,0.68,1.9,7.1,0
Hamburg,8,48.4,18.1,1480.0,0.5,5.4,3.7,0
Cologne,3,37.6,11.0,875.0,0.53,4.3,6.2,0
Hamburg,12,55.6,14.4,1417.0,0.54,6.3,5.1,0
Frankfurt,3,54.7,20.0,1407.0,0.6,5.9,4.1,0
Hamburg,6,52.2,13.8,934.0,0.9,4.3,6.2,1
Frankfurt,8,63.2,23.1,1640.0,0.9,5.9,4.8,1
Frankfurt,1,44.2,16.8,1430.0,0.69,5.8,5.0,0
Frankfurt,7,51.5,15.8,956.0,0.9,6.8,2.3,1
Cologne,7,39.2,12.7,1166.0,0.71,2.2,7.0,0
Cologne,3,69.5,23.8,1715.0,0.7,4.7,4.7,1
Munich,3,64.8,19.8,1427.0,0.51,5.4,6.5,0
Berlin,9,45.1,10.9,1226.0,0.9,6.1,4.4,0
Cologne,10,48.9,16.2,1540.0,0.76,6.7,3.8,1
Cologne,12,58.6,19.7,1602.0,0.61,4.5,5.9,1
Munich,11,43.5,18.6,1225.0,0.61,4.8,3.9,1
Munich,1,38.4,10.5,1240.0,0.53,6.6,5.3,0
Munich,1,53.7,21.1,1650.0,0.9,6.0,4.5,1
Hamburg,2,45.8,11.8,995.0,0.62,6.7,4.0,0
Frankfurt,6,46.8,11.6,1108.0,0.82,6.2,2.1,1
Cologne,8,36.7,11.3,800.0,0.32,2.3,8.5,0
Frankfurt,11,27.8,6.5,800.0,0.7,2.5,7.1,0
Berlin,10,47.4,11.7,923.0,0.66,4.8,3.9,1
Munich,1,54.0,23.8,1934.0,0.86,5.6,3.5,1
Berlin,12,42.7,12.9,800.0,0.54,5.6,3.1,0
Munich,1,59.4,26.7,2203.0,0.69,6.5,2.2,1
Munich,2,38.0,9.7,800.0,0.32,1.0,9.1,0
Berlin,12,34.5,6.4,842.0,0.66,1.5,8.1,0
Frankfurt,7,44.3,18.6,1692.0,0.32,1.2,9.2,0
Berlin,4,44.2,12.5,950.0,0.8,4.7,7.0,0
Hamburg,1,52.7,18.0,1399.0,0.56,5.6,4.2,0
Cologne,8,37.3,8.3,871.0,0.9,4.1,3.6,1
Cologne,4,58.7,19.4,1612.0,0.67,4.4,5.3,1
Frankfurt,7,64.7,17.4,1121.0,0.65,7.5,3.7,1
Frankfurt,11,44.6,14.6,1591.0,0.5,5.5,4.4,0
Frankfurt,8,57.5,17.7,1222.0,0.59,3.9,7.7,0
Berlin,1,34.4,12.2,1469.0,0.8,1.2,9.2,0
Berlin,2,55.8,20.5,1722.0,0.57,5.6,2.6,1
Berlin,2,55.5,19.2,1410.0,0.9,8.2,1.9,1
Munich,11,53.6,19.2,1065.0,0.85,7.9,2.4,1
Berlin,5,44.8,14.6,1325.0,0.9,5.3,5.8,0
Cologne,5,20.0,5.4,800.0,0.77,1.0,10.0,0
Cologne,6,38.6,14.3,1213.0,0.9,5.2,5.7,0
Munich,2,38.7,12.6,1393.0,0.4,3.2,7.2,0
Berlin,8,35.2,11.5,800.0,0.8,2.4,8.3,0
Berlin,1,46.2,16.6,1476.0,0.31,1.4,8.4,0
Hamburg,9,40.8,10.5,800.0,0.6,4.2,4.3,0
Hamburg,5,36.8,16.5,1550.0,0.72,2.7,7.3,0
Cologne,10,34.4,10.7,871.0,0.65,3.6,6.8,0
Frankfurt,8,37.8,13.0,1035.0,0.59,1.0,7.8,0
Cologne,8,56.2,18.6,1730.0,0.9,5.9,5.5,1
Munich,2,38.4,14.8,1305.0,0.74,1.0,10.0,0
Berlin,9,39.9,14.3,983.0,0.7,5.6,3.0,1
Hamburg,6,40.4,13.3,1424.0,0.8,4.8,6.5,0
Cologne,3,48.4,20.5,1331.0,0.45,4.4,5.3,0
Munich,1,49.6,6.9,800.0,0.76,5.8,3.4,1
Frankfurt,9,20.0,10.4,800.0,0.62,1.0,10.0,0
Cologne,3,55.2,21.2,1396.0,0.9,5.6,4.3,1
Berlin,1,59.4,14.3,916.0,0.9,7.1,4.8,1
Berlin,5,34.5,14.3,1133.0,0.42,1.0,8.1,0
Hamburg,8,35.3,14.9,1265.0,0.88,2.9,5.4,0
Munich,7,40.5,15.2,1427.0,0.8,4.0,5.7,0
Frankfurt,5,37.4,7.8,919.0,0.42,3.4,7.3,0
Frankfurt,2,47.2,17.8,1479.0,0.77,6.9,2.2,1
Munich,2,25.5,11.5,834.0,0.54,1.0,7.7,0
Hamburg,3,33.8,9.6,972.0,0.53,2.5,7.8,0
Berlin,6,60.4,21.5,1593.0,0.43,3.2,5.4,0
Frankfurt,12,35.7,10.8,800.0,0.82,5.8,4.5,0
Munich,4,57.4,21.8,1932.0,0.55,5.4,4.3,0
Hamburg,12,48.6,15.2,1484.0,0.9,4.2,6.3,0
Berlin,9,26.9,7.2,800.0,0.85,2.6,6.0,0
Munich,3,51.4,17.0,1752.0,0.79,6.1,5.2,1
Hamburg,6,43.8,10.6,963.0,0.49,4.9,4.9,0
Cologne,4,40.4,13.1,1132.0,0.9,8.0,2.7,1
Munich,1,47.4,16.9,1249.0,0.83,5.4,5.5,0
Frankfurt,1,49.7,19.2,1739.0,0.9,4.3,4.6,0
Munich,11,52.1,18.1,1144.0,0.46,4.4,6.5,0
Berlin,11,56.8,14.6,1102.0,0.87,5.1,3.5,1
Munich,8,49.1,20.4,1487.0,0.67,2.7,6.0,0
Berlin,3,31.2,14.7,916.0,0.46,3.2,8.8,0
Hamburg,2,40.3,13.8,1273.0,0.53,5.2,5.9,0
Cologne,1,70.0,21.1,1754.0,0.9,6.1,6.0,1
Berlin,8,52.2,15.8,1427.0,0.6,4.0,5.6,1
Hamburg,9,68.7,22.3,1727.0,0.9,9.1,1.0,1
Hamburg,1,59.0,20.5,1836.0,0.9,3.8,6.8,1
Cologne,8,47.4,14.9,1207.0,0.62,1.6,8.3,0
Frankfurt,11,48.0,13.4,980.0,0.74,3.1,6.2,0
Frankfurt,1,44.6,17.9,1308.0,0.4,2.2,7.0,0
Munich,10,27.6,10.0,800.0,0.9,3.3,6.9,0
Frankfurt,2,45.2,11.9,1185.0,0.67,4.0,5.0,0
Munich,12,57.1,19.9,1803.0,0.78,5.4,3.5,1
Berlin,1,39.0,13.5,1664.0,0.9,5.6,4.8,0
Berlin,2,49.1,14.2,1071.0,0.4,3.9,6.0,0
Munich,12,53.5,21.4,1581.0,0.82,6.5,4.4,1
Cologne,12,35.9,12.4,800.0,0.87,5.9,3.7,1
Cologne,2,40.5,12.8,1220.0,0.46,3.4,6.1,0
Frankfurt,12,34.8,11.4,1054.0,0.47,4.6,5.8,0
Berlin,5,36.8,13.6,1398.0,0.69,3.3,5.9,0
Berlin,10,32.1,10.5,800.0,0.76,4.6,4.7,0
Cologne,3,36.0,11.8,1084.0,0.46,1.2,8.1,0
Hamburg,1,59.2,22.9,1730.0,0.9,3.5,6.3,1
Cologne,10,35.8,7.7,884.0,0.53,3.0,8.8,0
Cologne,2,46.3,11.7,1041.0,0.67,3.3,5.3,0
Hamburg,12,40.0,15.7,941.0,0.47,3.2,8.1,0
Frankfurt,4,56.8,26.2,2068.0,0.47,5.3,5.4,0
Munich,7,58.1,22.0,1370.0,0.8,6.9,4.7,1
Frankfurt,12,53.6,23.5,1645.0,0.75,4.8,8.4,1
Hamburg,1,48.1,14.7,957.0,0.84,3.6,7.9,0
Hamburg,5,42.7,12.3,857.0,0.66,3.7,7.2,0
Frankfurt,2,33.1,12.4,939.0,0.47,2.2,6.5,0
Munich,12,64.4,24.3,1980.0,0.81,5.0,3.8,1
Frankfurt,8,37.4,8.5,800.0,0.49,1.3,9.0,0
Berlin,2,51.6,16.6,1321.0,0.6,5.3,3.0,1
Berlin,4,55.6,18.5,1543.0,0.9,4.7,5.9,1
Berlin,6,39.4,11.1,800.0,0.79,5.4,2.5,1
Munich,9,55.4,16.8,1357.0,0.49,3.4,7.8,0
Munich,10,52.6,20.1,1893.0,0.83,4.5,5.2,1
Hamburg,4,62.3,22.2,1740.0,0.9,8.9,1.2,1
Cologne,4,40.3,15.8,1365.0,0.79,2.6,6.6,0
Munich,7,32.1,11.7,1018.0,0.7,2.9,5.2,0
Cologne,12,39.9,10.7,1028.0,0.62,2.2,9.1,0
Berlin,1,47.1,17.0,1415.0,0.8,2.7,8.6,0
Berlin,5,45.6,12.3,1156.0,0.9,6.9,2.8,1
Cologne,5,41.1,12.8,1122.0,0.76,4.4,6.3,0
Frankfurt,1,25.9,5.5,800.0,0.73,2.8,6.8,0
Hamburg,6,49.7,14.7,1267.0,0.42,2.4,7.9,0
Hamburg,9,64.7,21.8,1546.0,0.56,7.0,3.7,1
Frankfurt,7,49.6,15.2,980.0,0.9,6.7,3.9,1
Cologne,2,51.1,14.4,1080.0,0.9,6.8,4.5,1
Cologne,4,50.7,20.3,1936.0,0.9,6.1,4.4,1
Munich,12,49.0,16.0,1243.0,0.58,3.2,6.8,0
Berlin,8,54.3,16.5,1384.0,0.59,5.9,3.3,1
Berlin,1,49.0,13.1,800.0,0.71,5.9,3.6,1
Cologne,6,41.9,8.3,800.0,0.71,1.5,9.3,0
Munich,3,37.0,11.7,952.0,0.5,2.0,6.5,0
Munich,3,42.5,10.0,800.0,0.9,5.6,5.5,0
Hamburg,12,48.1,18.2,1513.0,0.9,6.1,3.6,1
Hamburg,1,41.8,14.0,800.0,0.67,1.9,7.3,0
Cologne,8,48.1,20.7,1513.0,0.9,6.0,2.9,1
Hamburg,5,49.4,17.1,1570.0,0.9,5.1,5.6,0
Munich,1,53.3,15.6,1279.0,0.9,6.5,3.5,1
Frankfurt,5,57.8,13.6,1001.0,0.56,4.8,6.8,0
Berlin,5,45.8,17.7,1308.0,0.9,5.5,3.2,1
Cologne,11,31.9,6.7,800.0,0.56,4.5,5.0,0
Hamburg,9,41.5,12.6,1042.0,0.6,3.6,6.3,0
Hamburg,12,45.4,20.2,1373.0,0.9,4.6,4.7,0
Munich,10,26.6,10.7,1082.0,0.41,1.7,8.3,0
Hamburg,3,58.9,20.8,1434.0,0.9,8.4,2.0,1
Berlin,12,46.4,18.3,1119.0,0.7,4.5,6.0,0
Cologne,9,48.8,19.0,1718.0,0.75,3.5,8.0,0
Hamburg,8,58.7,24.3,1856.0,0.9,4.8,3.9,1
Frankfurt,10,38.7,11.1,902.0,0.89,4.1,6.3,0
Frankfurt,2,50.7,15.8,1394.0,0.69,6.2,3.1,1
Cologne,9,43.9,11.9,805.0,0.35,2.4,8.0,0
Frankfurt,11,43.2,14.3,1170.0,0.9,7.1,3.3,1
Frankfurt,5,37.3,12.0,1092.0,0.76,4.2,4.8,0
Hamburg,8,61.7,15.3,1552.0,0.65,6.9,2.2,1
Frankfurt,8,41.2,11.8,841.0,0.78,4.0,6.5,0
Hamburg,4,52.0,21.6,1639.0,0.49,5.2,4.8,0
Berlin,1,26.2,9.5,871.0,0.43,2.4,7.4,0
Munich,11,56.8,21.1,1728.0,0.9,7.2,3.5,1
Hamburg,9,55.5,18.1,1424.0,0.72,5.5,5.2,1
Munich,6,46.0,9.7,1092.0,0.68,5.7,3.7,1
Hamburg,2,42.7,13.9,800.0,0.77,3.6,5.5,0
Hamburg,4,49.0,19.5,1272.0,0.9,5.2,3.5,1
Cologne,11,67.9,19.1,1192.0,0.89,5.6,4.5,1
Hamburg,10,27.4,11.4,1149.0,0.71,4.6,4.0,0
Frankfurt,5,52.8,12.5,1103.0,0.8,4.0,6.1,1
Frankfurt,6,35.9,12.0,800.0,0.77,3.1,8.1,0
Hamburg,5,44.8,16.6,1301.0,0.87,4.0,5.6,0
Berlin,9,42.5,13.2,1053.0,0.57,3.7,5.7,0
Frankfurt,10,40.7,21.0,1237.0,0.53,5.2,6.8,0
Munich,11,44.9,13.5,1116.0,0.81,4.0,7.5,0
Berlin,2,33.7,9.5,800.0,0.55,5.5,3.8,0
Munich,11,55.3,19.0,1665.0,0.69,4.3,5.8,1
Hamburg,12,27.1,6.8,800.0,0.49,3.0,7.4,0
Hamburg,12,50.4,12.5,1042.0,0.59,3.9,6.3,0
Hamburg,3,41.7,10.6,1108.0,0.72,4.8,7.0,0
Frankfurt,10,33.3,13.4,1265.0,0.9,3.3,6.8,0
Berlin,11,47.0,14.8,1282.0,0.83,4.5,5.8,0
Munich,3,29.4,14.9,1177.0,0.54,4.7,6.0,0
Cologne,3,45.4,13.8,805.0,0.9,3.6,7.6,0
Berlin,6,30.8,12.4,903.0,0.7,4.0,7.0,0
Munich,8,49.6,18.1,1400.0,0.51,3.8,6.7,0
Cologne,5,35.8,10.6,800.0,0.7,3.7,4.7,0
Berlin,11,40.5,10.9,800.0,0.43,2.3,7.3,0
Berlin,6,47.9,10.8,950.0,0.61,3.8,7.0,0
Hamburg,1,37.3,14.1,891.0,0.86,3.6,6.6,0
Berlin,10,44.4,18.4,1781.0,0.9,7.2,3.7,1
Munich,3,29.9,5.2,800.0,0.64,3.1,8.7,0
Hamburg,4,51.3,16.0,1475.0,0.72,7.6,1.2,1
Berlin,11,62.6,18.9,1702.0,0.7,6.6,4.5,1
Hamburg,7,70.0,25.0,2415.0,0.9,6.4,3.3,1
Cologne,11,45.9,14.3,1182.0,0.75,6.9,4.0,0
Munich,12,52.9,21.6,1650.0,0.87,5.9,4.0,1
Cologne,5,27.2,7.9,800.0,0.59,1.8,10.0,0
Munich,1,60.0,16.3,1603.0,0.55,6.7,3.4,1
Frankfurt,3,52.8,16.2,1030.0,0.9,4.8,4.5,1
Cologne,11,40.2,12.3,809.0,0.3,1.0,9.4,0
Frankfurt,2,57.4,20.7,1704.0,0.9,7.1,3.2,1
Hamburg,6,42.5,13.0,1012.0,0.9,5.9,5.3,0
Cologne,5,40.4,14.8,1377.0,0.9,6.8,3.6,1
Berlin,3,49.8,14.2,869.0,0.9,5.6,6.9,0
Munich,2,34.4,10.6,832.0,0.8,3.1,6.8,0
Berlin,1,55.2,16.1,1247.0,0.81,6.8,3.1,1
Berlin,2,34.4,8.9,800.0,0.9,4.7,4.7,0
Hamburg,5,34.5,15.3,1402.0,0.9,5.9,4.2,0
Hamburg,5,35.9,9.8,800.0,0.64,3.5,6.7,0
Berlin,9,52.6,16.5,1292.0,0.74,5.0,5.3,1
Berlin,6,38.8,16.1,1121.0,0.63,2.8,7.3,0
Berlin,3,31.5,12.8,947.0,0.57,4.0,5.4,0
Munich,10,38.9,17.9,1228.0,0.35,1.6,7.5,0
Hamburg,11,44.7,16.3,1480.0,0.64,5.6,4.0,1
Cologne,3,33.2,9.3,948.0,0.9,4.2,6.9,0
Hamburg,3,33.5,17.3,1723.0,0.74,4.2,7.1,0
Berlin,12,66.1,23.8,1990.0,0.9,6.8,3.1,1
Cologne,8,36.4,11.7,866.0,0.9,5.9,3.1,1
Cologne,9,41.8,14.1,1034.0,0.68,5.5,4.4,0
Cologne,3,41.3,14.3,1243.0,0.47,3.2,8.9,0
Hamburg,1,40.8,12.9,1071.0,0.7,3.2,7.8,0
Berlin,11,51.2,12.9,1001.0,0.9,3.8,6.7,1
Berlin,8,54.5,23.0,1791.0,0.9,6.3,4.7,1
Frankfurt,10,41.9,13.9,1347.0,0.79,2.7,8.8,0
Munich,2,32.6,11.4,828.0,0.9,4.9,4.0,1
Hamburg,7,57.7,25.5,2308.0,0.9,7.8,1.8,1
Frankfurt,7,44.0,12.6,1047.0,0.46,3.1,6.4,0
Frankfurt,9,62.3,22.7,1745.0,0.67,6.0,4.6,1
Frankfurt,8,22.5,5.1,800.0,0.66,2.3,7.9,0
Hamburg,11,47.0,16.6,1298.0,0.69,6.0,4.7,0
Munich,9,64.2,22.0,1861.0,0.9,8.8,1.0,1
Cologne,1,41.5,16.2,1220.0,0.5,1.6,9.8,0
Munich,12,42.7,17.9,1600.0,0.46,3.8,6.1,0
Munich,3,48.0,14.2,1054.0,0.89,4.4,6.3,0
Berlin,4,39.4,17.4,1366.0,0.71,1.8,9.4,0
Frankfurt,3,41.9,18.4,1216.0,0.52,3.5,7.7,0
Frankfurt,8,41.6,13.1,1162.0,0.9,4.8,5.6,0
Cologne,7,38.7,12.9,978.0,0.61,3.5,7.4,0
Berlin,5,57.3,17.6,1725.0,0.78,3.4,8.3,1
Cologne,5,49.6,15.6,1391.0,0.9,9.3,1.2,1
Hamburg,4,47.5,12.2,995.0,0.55,5.1,4.1,0
Berlin,5,53.1,20.0,1847.0,0.9,5.5,5.1,1
Frankfurt,12,42.4,8.0,800.0,0.75,2.6,7.4,0
Cologne,5,37.3,10.3,1028.0,0.51,4.1,3.5,0
Berlin,4,39.0,12.9,856.0,0.78,3.7,6.8,0
Berlin,5,45.0,18.9,1605.0,0.81,1.7,8.4,0
Munich,7,34.4,9.8,887.0,0.77,1.8,9.3,0
Berlin,9,40.0,14.6,860.0,0.9,5.2,4.1,0
Berlin,7,39.8,13.0,1344.0,0.64,6.9,1.6,1
Frankfurt,1,66.2,24.9,1761.0,0.67,7.2,3.0,1
Hamburg,9,20.0,7.8,800.0,0.71,3.7,6.7,0
Cologne,3,43.2,16.9,800.0,0.75,4.1,6.0,0
Hamburg,2,62.3,19.1,1623.0,0.9,6.1,3.9,1
Berlin,12,46.2,12.4,800.0,0.79,6.3,2.7,1
Frankfurt,10,52.5,18.6,1386.0,0.77,7.7,2.1,1
Frankfurt,9,46.0,13.9,1277.0,0.64,6.6,3.1,1
Frankfurt,12,38.3,12.9,1068.0,0.34,2.2,8.8,0
Frankfurt,12,22.6,8.5,800.0,0.35,2.2,8.2,0
Munich,11,47.1,19.4,1235.0,0.8,5.1,4.6,0
Berlin,2,37.2,14.8,1160.0,0.47,3.3,8.4,0
Munich,10,37.0,10.3,994.0,0.9,4.3,5.4,0
Munich,12,40.0,9.9,932.0,0.82,5.2,5.3,0
Berlin,9,62.4,25.9,2432.0,0.9,7.7,2.1,1
Frankfurt,5,69.0,18.3,1331.0,0.9,9.4,2.2,1
Cologne,6,47.2,14.4,886.0,0.77,4.2,5.9,0
Frankfurt,7,40.4,15.4,1293.0,0.61,2.0,8.1,0
Frankfurt,7,33.2,16.0,1322.0,0.9,3.9,6.0,0
Munich,4,49.7,16.0,1278.0,0.9,7.8,2.4,1
Hamburg,4,62.8,21.0,1533.0,0.84,5.6,5.6,1
Frankfurt,12,42.5,11.6,800.0,0.83,5.3,5.6,0
Berlin,5,21.2,7.4,800.0,0.51,3.2,6.9,0
Berlin,9,51.7,13.8,1214.0,0.9,5.5,6.2,1
Berlin,10,54.9,16.0,1339.0,0.9,5.5,5.4,1
Munich,12,29.1,12.0,1153.0,0.35,1.5,8.0,0
Cologne,1,46.8,14.3,1212.0,0.65,1.3,7.4,0
Cologne,8,49.5,19.3,1688.0,0.67,3.3,6.3,0
Cologne,8,44.3,14.3,1297.0,0.9,3.8,6.6,0
Frankfurt,7,37.1,8.3,800.0,0.47,5.4,5.2,0
Frankfurt,6,55.2,21.9,1757.0,0.55,5.4,6.0,0
Hamburg,11,41.0,9.7,800.0,0.39,3.3,5.6,0
Hamburg,3,30.1,8.2,800.0,0.38,1.7,7.9,0
Hamburg,11,24.5,7.6,800.0,0.8,3.4,5.4,0
Munich,8,57.6,22.2,1756.0,0.67,7.8,1.0,1
Cologne,7,51.2,15.5,1052.0,0.9,6.7,2.7,1
Frankfurt,8,45.9,12.5,1189.0,0.9,5.5,4.9,0
Hamburg,2,40.6,14.0,945.0,0.31,1.8,8.9,0
Munich,8,39.7,12.6,1228.0,0.39,3.4,5.6,0
Hamburg,7,34.2,10.0,800.0,0.9,6.3,2.8,1
Frankfurt,6,40.7,14.2,1016.0,0.89,5.8,2.5,1
Hamburg,9,23.8,5.0,800.0,0.33,1.0,9.2,0
Munich,12,37.6,7.4,800.0,0.57,3.7,5.6,0
Munich,8,41.9,20.4,1866.0,0.9,4.7,6.9,0
Hamburg,5,51.1,17.3,1322.0,0.53,4.0,6.4,0
Frankfurt,5,44.6,15.4,1171.0,0.7,1.0,8.8,0
Munich,9,52.9,15.3,1076.0,0.62,5.4,3.9,1
Cologne,8,58.5,22.2,1723.0,0.67,4.7,3.8,1
Munich,12,55.6,16.9,1397.0,0.9,4.4,4.2,1
Berlin,4,49.7,8.2,800.0,0.44,4.4,4.9,0
Hamburg,9,45.1,13.3,1037.0,0.6,4.3,5.0,0
Cologne,11,35.2,10.9,1074.0,0.67,3.5,5.5,0
Frankfurt,6,52.4,17.0,1411.0,0.77,3.9,6.5,1
Cologne,5,61.8,20.0,1370.0,0.51,5.8,4.7,0
Munich,10,48.4,14.2,1119.0,0.56,2.2,7.3,0
Munich,7,64.2,19.2,1426.0,0.75,6.9,5.1,1
Berlin,9,29.7,9.0,826.0,0.27,1.0,7.3,0
Cologne,12,33.5,6.2,800.0,0.56,2.9,7.1,0
Munich,1,53.6,12.0,1184.0,0.9,6.7,3.0,1
Frankfurt,9,47.6,16.2,1146.0,0.52,3.2,6.3,0
Frankfurt,10,58.1,19.7,1539.0,0.9,6.9,2.4,1
Cologne,5,44.8,17.6,1194.0,0.69,6.2,3.8,1
Cologne,9,36.3,11.3,899.0,0.31,1.0,8.8,0
Berlin,5,42.9,10.7,800.0,0.58,4.1,5.5,0
Cologne,7,29.7,5.0,800.0,0.53,1.0,7.7,0
Frankfurt,7,33.7,8.6,800.0,0.54,3.2,5.2,0
Cologne,9,54.7,19.5,1592.0,0.85,5.5,4.2,1
Munich,12,53.7,22.2,1936.0,0.85,1.6,7.9,1
Munich,5,48.6,16.4,1355.0,0.63,7.8,2.1,1
Cologne,7,27.8,5.6,800.0,0.79,3.2,6.7,0
Hamburg,5,41.4,11.2,800.0,0.34,2.9,6.6,0
Cologne,4,32.8,8.4,800.0,0.47,5.5,4.3,0
Berlin,1,56.8,17.7,1351.0,0.43,3.0,6.2,0
Frankfurt,11,39.2,16.4,1272.0,0.59,2.1,9.5,0
Frankfurt,5,34.1,15.0,1522.0,0.28,1.0,8.2,0
Cologne,12,45.3,14.6,1187.0,0.9,7.2,2.4,1
Hamburg,4,38.6,13.4,1150.0,0.44,4.4,4.9,0
Frankfurt,11,59.8,17.6,1002.0,0.85,7.0,2.3,1
Hamburg,1,37.7,7.4,800.0,0.82,4.2,5.8,0
Frankfurt,10,31.0,15.7,1826.0,0.54,4.0,5.9,0
Munich,1,23.5,5.0,800.0,0.67,2.5,7.1,0
Berlin,5,44.7,9.4,800.0,0.6,4.9,4.8,0
Frankfurt,12,39.4,18.5,1938.0,0.53,4.1,5.2,0
Cologne,12,30.7,10.3,828.0,0.8,2.2,8.2,0
Munich,9,56.9,15.6,1308.0,0.68,5.6,6.4,1
Hamburg,1,51.7,19.3,1488.0,0.9,5.6,3.5,1
Berlin,8,44.7,17.2,1319.0,0.56,4.6,5.8,0
Hamburg,9,58.6,15.5,800.0,0.6,3.6,6.4,0
Hamburg,11,51.6,15.6,1406.0,0.42,3.1,7.5,0
Frankfurt,11,36.8,14.9,1131.0,0.76,5.3,5.4,0
Munich,10,34.6,9.1,800.0,0.58,3.0,7.2,0
Berlin,4,53.2,18.6,1541.0,0.51,6.2,3.8,1
Munich,8,49.0,20.6,1565.0,0.64,3.3,6.3,0
Munich,1,46.7,8.4,800.0,0.37,2.5,6.8,0
Frankfurt,4,36.5,11.2,1133.0,0.82,2.4,7.5,0
Hamburg,10,51.1,17.8,1506.0,0.73,4.8,3.9,1
Munich,2,37.4,7.1,800.0,0.75,2.7,6.7,0
Hamburg,10,44.0,13.1,1021.0,0.9,6.3,4.8,0
Munich,4,59.5,23.0,1877.0,0.54,6.2,3.9,1
Berlin,2,38.4,10.7,800.0,0.73,6.6,4.3,0
Cologne,3,29.3,5.3,800.0,0.39,3.5,7.9,0
Cologne,1,34.5,14.9,1328.0,0.28,1.0,8.8,0
Cologne,10,54.9,19.6,1589.0,0.58,7.1,3.1,1
Frankfurt,3,47.5,15.6,1167.0,0.61,2.5,7.2,0
Frankfurt,7,43.7,14.3,1085.0,0.71,4.7,4.5,0
Hamburg,11,39.9,16.4,1441.0,0.38,2.8,6.2,0
Frankfurt,8,49.9,17.5,1180.0,0.77,8.2,2.6,1
Cologne,6,36.5,14.1,965.0,0.64,5.8,4.4,0
Frankfurt,1,48.1,13.9,800.0,0.56,3.7,8.2,0
Cologne,7,37.7,6.8,800.0,0.76,3.6,7.4,0
Munich,12,36.0,13.9,1282.0,0.82,4.0,5.3,0
Cologne,3,38.6,16.2,1561.0,0.66,5.2,5.7,0
Cologne,9,41.2,13.1,1356.0,0.88,4.2,5.5,0
Berlin,11,44.5,17.5,1262.0,0.6,2.9,8.3,0
Berlin,2,47.4,14.8,1232.0,0.7,3.7,5.9,0
Berlin,9,20.0,6.4,800.0,0.39,2.0,7.0,0
Berlin,10,36.9,17.6,1735.0,0.62,5.5,3.7,1
Cologne,12,41.1,12.8,1286.0,0.87,4.8,4.5,0
Hamburg,2,60.1,19.0,1551.0,0.9,4.8,4.3,1
Berlin,2,34.2,5.8,800.0,0.84,4.4,5.0,0
Frankfurt,12,46.6,17.6,800.0,0.44,4.1,6.8,0
Frankfurt,4,60.0,17.9,1142.0,0.65,7.3,4.5,1
Frankfurt,2,31.9,11.1,800.0,0.82,7.0,1.7,1
Cologne,7,48.9,15.4,940.0,0.86,4.4,6.9,0
Munich,3,37.0,11.0,1255.0,0.54,4.9,4.6,0
Munich,11,40.0,13.0,800.0,0.79,2.9,7.5,0
Berlin,4,37.0,12.2,800.0,0.71,3.5,4.8,0
Frankfurt,1,37.7,16.1,1103.0,0.86,3.8,6.7,0
Berlin,10,70.0,27.9,2751.0,0.87,6.7,1.3,1
Cologne,4,53.4,19.8,1569.0,0.9,9.0,1.3,1
Frankfurt,4,56.0,22.5,1998.0,0.61,5.1,5.1,1
Berlin,4,49.9,19.2,1571.0,0.9,5.9,4.3,0
Hamburg,11,28.9,11.1,800.0,0.76,1.0,8.3,0
Cologne,9,48.9,20.7,1961.0,0.9,5.5,5.0,0
Cologne,3,55.7,14.7,1252.0,0.58,7.3,3.1,1
Cologne,7,36.5,10.1,800.0,0.72,2.9,6.9,0
Hamburg,4,54.7,15.8,1612.0,0.88,1.7,9.0,1
Munich,11,52.0,16.4,1246.0,0.81,5.1,4.8,1
Munich,12,63.5,23.2,1830.0,0.62,6.4,4.2,1
Hamburg,1,40.8,10.3,800.0,0.9,5.2,4.7,0
Munich,10,34.0,12.8,1243.0,0.68,6.4,3.8,1
Hamburg,3,41.4,12.0,1125.0,0.41,3.6,7.0,0
Berlin,9,59.4,18.7,1555.0,0.69,4.7,5.0,1
Hamburg,10,26.7,9.5,800.0,0.31,1.0,7.8,0
Munich,12,24.3,13.1,978.0,0.41,2.7,7.5,0
Hamburg,6,45.9,13.2,842.0,0.74,5.3,5.9,0
Hamburg,8,40.6,13.3,1295.0,0.73,3.2,7.1,0
Frankfurt,9,45.1,11.8,800.0,0.9,5.7,4.6,0
Hamburg,8,54.5,16.0,1598.0,0.9,6.1,3.8,1
Munich,5,39.5,9.9,1049.0,0.9,4.0,6.7,0
Cologne,6,26.3,9.5,800.0,0.51,1.3,8.5,0
Berlin,10,65.4,23.1,1764.0,0.68,5.8,3.7,1
Hamburg,2,35.0,13.7,956.0,0.61,1.0,10.0,0
Munich,12,34.4,9.2,823.0,0.81,3.8,5.7,0
Munich,11,56.0,20.2,1899.0,0.82,5.6,5.2,1
Frankfurt,9,41.2,14.1,1362.0,0.58,4.4,6.7,0
Munich,6,44.4,14.6,1083.0,0.68,5.2,5.4,0
Cologne,8,49.8,12.9,1282.0,0.75,5.6,3.2,1
Munich,7,55.8,19.1,1760.0,0.48,5.4,4.6,0
Cologne,12,41.7,14.4,1118.0,0.9,4.2,5.6,0
Berlin,10,60.2,20.4,1628.0,0.7,3.9,5.6,1
Hamburg,2,23.6,9.1,1035.0,0.73,1.5,8.7,0
Berlin,2,52.6,19.6,1781.0,0.57,5.3,5.4,0
Hamburg,5,36.6,8.9,958.0,0.66,2.6,7.0,0
Berlin,3,58.7,18.9,2031.0,0.9,7.2,2.7,1
Cologne,1,46.4,17.0,1471.0,0.51,3.7,6.1,0
Hamburg,10,38.3,12.0,1021.0,0.62,4.2,7.0,0
Hamburg,11,51.6,20.1,1879.0,0.7,5.3,4.4,1
Berlin,3,53.9,18.2,1857.0,0.76,6.5,2.3,1
Frankfurt,7,51.4,11.3,800.0,0.89,6.5,1.9,1
Frankfurt,10,34.7,14.1,1087.0,0.66,4.5,5.9,0
Berlin,9,40.2,13.0,839.0,0.65,1.0,8.2,0
Munich,11,45.0,9.7,843.0,0.81,6.3,4.4,0
Berlin,4,44.6,14.1,1306.0,0.63,6.7,1.9,1
Cologne,8,52.5,13.7,906.0,0.9,4.5,4.9,1
Cologne,6,24.9,10.5,1070.0,0.49,2.8,5.8,0
Munich,4,48.3,16.0,1190.0,0.71,3.5,6.9,0
Frankfurt,3,42.1,11.3,800.0,0.3,1.3,9.4,0
Cologne,5,36.6,14.6,1397.0,0.88,2.6,7.8,0
Cologne,3,37.6,13.9,987.0,0.9,2.9,6.0,0
Hamburg,8,42.9,13.6,806.0,0.61,3.8,5.5,0
Hamburg,11,20.0,5.0,800.0,0.32,1.0,9.2,0
Munich,12,38.0,10.1,800.0,0.8,2.7,5.6,0
Cologne,6,36.2,9.5,1000.0,0.54,3.6,6.2,0
Berlin,11,50.3,19.0,1688.0,0.81,3.9,7.6,1
Frankfurt,6,36.9,7.3,800.0,0.9,4.5,5.3,0
Munich,7,42.8,14.1,1394.0,0.82,5.3,3.2,1
Berlin,12,60.4,19.4,1931.0,0.9,9.6,1.0,1
Berlin,7,54.9,21.4,1920.0,0.69,7.2,2.2,1
Munich,8,54.0,18.7,1711.0,0.9,5.8,6.4,1
Munich,5,40.0,14.9,1146.0,0.49,3.1,8.6,0
Cologne,5,50.4,15.2,1123.0,0.61,5.5,5.2,1
Frankfurt,6,42.7,10.5,885.0,0.9,4.8,4.9,0
Cologne,4,43.0,13.4,1254.0,0.71,3.5,7.7,0
Berlin,2,49.1,18.7,1675.0,0.9,6.1,2.8,1
Cologne,2,39.0,15.3,1139.0,0.77,1.8,9.3,0
Cologne,2,59.9,18.7,1387.0,0.87,5.6,5.3,1
Frankfurt,2,43.4,11.9,800.0,0.57,5.2,4.7,0
Hamburg,5,51.2,13.9,1241.0,0.85,4.7,6.5,1
Frankfurt,2,59.6,19.4,1477.0,0.52,5.6,3.9,1
Cologne,7,55.3,18.8,1448.0,0.59,5.3,3.4,1
Hamburg,11,30.9,14.7,1523.0,0.68,1.8,9.1,0
Berlin,4,49.4,16.9,1468.0,0.9,6.7,3.2,1
Frankfurt,10,53.5,19.7,1639.0,0.85,3.8,6.8,1
Munich,5,53.9,15.6,1417.0,0.69,5.9,6.0,1
Berlin,2,33.9,11.4,1197.0,0.89,4.0,5.3,0
Hamburg,12,38.4,13.2,800.0,0.9,2.4,7.4,0
Berlin,1,54.9,17.9,1318.0,0.68,5.6,6.0,1
Munich,9,37.4,12.4,945.0,0.43,2.4,8.3,0
Munich,6,42.0,14.4,955.0,0.63,6.3,3.0,1
Frankfurt,5,60.8,21.7,1683.0,0.66,4.4,4.7,1
Frankfurt,5,44.5,18.3,1158.0,0.4,3.5,6.0,0
Cologne,2,37.7,5.8,800.0,0.59,1.9,7.3,0
Cologne,8,36.2,15.4,1130.0,0.72,1.6,8.7,0
Berlin,4,48.3,11.0,918.0,0.88,7.2,2.9,1
Munich,4,31.7,11.5,929.0,0.9,4.0,6.3,0
Berlin,8,42.5,21.2,1811.0,0.7,4.5,4.7,0
Hamburg,4,48.3,16.0,800.0,0.4,3.8,6.1,0
Hamburg,1,58.0,19.9,1680.0,0.84,7.2,1.0,1
Cologne,4,51.7,16.3,1249.0,0.9,3.9,6.2,1
Berlin,10,37.9,14.6,1251.0,0.51,5.0,6.2,0
Hamburg,1,56.8,20.0,1365.0,0.55,4.4,4.2,0
Cologne,6,42.0,12.0,1041.0,0.79,3.2,7.2,0
Berlin,2,32.6,10.5,1103.0,0.6,4.4,5.0,0
Munich,11,43.3,11.1,924.0,0.9,5.6,5.2,0
Hamburg,9,59.4,19.4,1412.0,0.79,6.8,3.3,1
Hamburg,10,46.7,14.3,1009.0,0.83,3.1,7.3,0
Munich,4,45.1,15.5,1351.0,0.72,3.8,6.2,0
Cologne,11,61.4,18.3,1580.0,0.57,6.4,5.0,0
Hamburg,8,30.7,9.6,838.0,0.52,1.8,8.6,0
Munich,11,32.1,10.7,852.0,0.66,5.3,4.0,0
Cologne,2,28.8,9.8,829.0,0.74,1.0,9.1,0
Frankfurt,5,48.7,17.1,1352.0,0.76,3.7,5.9,0
Cologne,12,46.7,15.0,1126.0,0.86,3.9,6.3,0
Hamburg,11,60.4,17.8,1574.0,0.51,1.8,7.8,0
Cologne,8,47.4,16.1,1347.0,0.75,2.6,6.7,0
Hamburg,1,41.0,13.1,1307.0,0.49,5.0,5.2,0
Cologne,6,45.0,18.1,1670.0,0.45,4.5,5.5,0
Frankfurt,2,46.2,18.8,1563.0,0.72,7.0,4.1,0
Cologne,5,28.3,5.3,800.0,0.9,5.1,4.4,0
Frankfurt,1,70.0,25.2,1823.0,0.9,7.6,1.0,1
Hamburg,12,50.2,19.2,1519.0,0.72,5.5,4.1,1
Cologne,4,47.1,11.7,1002.0,0.9,4.8,3.6,1
Munich,3,51.2,18.8,1187.0,0.56,1.1,9.3,0
Frankfurt,10,52.1,20.1,1690.0,0.72,3.1,5.2,1
Berlin,5,43.6,11.7,800.0,0.9,4.5,4.5,0
Frankfurt,8,38.7,12.2,805.0,0.75,4.8,4.8,0
Cologne,9,51.0,17.6,1299.0,0.9,5.5,6.0,1
Frankfurt,5,48.9,18.0,1434.0,0.63,3.5,5.4,0
Cologne,9,36.9,9.3,800.0,0.48,5.1,4.9,0
Hamburg,10,59.2,23.2,2027.0,0.9,8.1,2.4,1
Hamburg,4,47.9,9.9,827.0,0.9,6.2,5.3,0
Munich,12,52.3,21.4,2097.0,0.8,6.7,4.1,1
Berlin,5,58.9,21.3,1763.0,0.75,5.1,6.0,1
Hamburg,11,45.2,13.2,1171.0,0.76,6.1,4.7,0
Munich,9,48.2,18.6,1321.0,0.9,5.0,3.8,1
Berlin,11,53.1,14.6,928.0,0.9,6.1,4.3,1
Munich,9,37.8,12.9,1158.0,0.44,4.3,6.5,0
Hamburg,2,45.5,15.9,1053.0,0.89,4.4,4.7,0
Berlin,5,46.3,16.1,1419.0,0.73,3.3,6.1,0
Hamburg,8,35.4,9.3,1085.0,0.39,3.4,5.8,0
Cologne,1,68.2,21.2,1888.0,0.88,8.3,2.5,1
Berlin,4,30.9,10.7,969.0,0.41,2.4,7.5,0
Munich,8,32.0,8.5,800.0,0.9,4.5,5.1,0
Cologne,10,58.1,20.2,1539.0,0.55,6.9,1.8,1
Munich,12,52.1,15.5,1220.0,0.9,4.8,5.2,1
Hamburg,2,34.7,14.6,1053.0,0.9,5.6,3.9,1
Hamburg,1,51.1,21.7,1474.0,0.47,4.6,5.7,0
Cologne,12,59.7,19.0,1527.0,0.9,8.2,1.0,1
Cologne,6,44.7,17.7,1634.0,0.79,5.1,5.1,0
Berlin,6,70.0,22.7,1558.0,0.9,7.0,2.6,1
Munich,1,27.8,6.4,800.0,0.75,1.4,7.3,0
Frankfurt,3,51.9,16.0,1526.0,0.87,5.1,3.6,1
Hamburg,10,56.7,19.1,1611.0,0.9,5.4,3.5,1
Frankfurt,12,53.9,12.6,1090.0,0.47,3.5,6.3,0
Frankfurt,8,43.0,16.2,1258.0,0.62,4.0,6.2,0
Cologne,9,42.1,14.3,1152.0,0.86,3.0,7.3,0
Munich,12,49.4,19.5,1466.0,0.55,5.8,4.5,0
Frankfurt,8,53.2,19.5,1570.0,0.9,7.3,2.0,1
Munich,1,51.0,17.4,1417.0,0.81,3.3,7.8,1
Cologne,11,55.4,17.4,1768.0,0.87,8.1,1.4,1
Frankfurt,4,34.8,16.2,1407.0,0.57,3.3,7.2,0
Frankfurt,12,42.7,20.8,1618.0,0.43,2.8,7.0,0
Hamburg,9,35.6,10.8,848.0,0.49,4.7,5.7,0
Frankfurt,1,41.1,16.8,1205.0,0.63,3.4,6.3,0
Berlin,12,55.2,16.3,1191.0,0.9,5.4,5.0,1
Cologne,11,46.1,13.6,1270.0,0.72,4.0,6.0,0
Berlin,4,70.0,22.2,1675.0,0.76,5.8,5.0,1
Frankfurt,10,46.9,17.7,1292.0,0.68,5.8,3.4,1
Frankfurt,7,45.6,12.0,839.0,0.5,4.1,4.1,0
Berlin,7,46.1,20.0,1454.0,0.9,2.5,6.6,0
Hamburg,7,38.6,15.7,1480.0,0.45,4.7,6.4,0
Hamburg,10,44.4,16.8,1372.0,0.52,2.6,7.2,0
Berlin,4,56.3,17.9,1374.0,0.86,3.9,6.2,1
Berlin,8,46.1,17.9,1435.0,0.83,6.4,2.5,1
Cologne,3,37.1,5.0,800.0,0.48,1.9,8.2,0
Hamburg,9,35.7,13.2,910.0,0.85,1.0,8.0,0
Munich,6,40.5,14.0,840.0,0.82,5.0,4.1,0
Frankfurt,7,45.7,9.6,1035.0,0.58,4.1,5.5,0
Frankfurt,9,56.9,20.2,1813.0,0.9,5.4,5.1,1
Berlin,4,31.6,12.3,1060.0,0.42,2.7,7.9,0
Munich,5,41.8,8.4,854.0,0.7,4.5,6.1,0
Hamburg,1,46.4,11.9,1337.0,0.88,3.5,4.9,0
Hamburg,10,26.7,15.1,1099.0,0.9,4.9,5.1,0
Hamburg,8,36.7,11.7,800.0,0.5,1.5,8.4,0
Berlin,2,38.2,15.7,1385.0,0.51,4.5,4.0,0
Berlin,5,37.0,15.7,965.0,0.77,4.7,5.3,0
Frankfurt,5,46.9,16.8,1353.0,0.9,3.6,6.2,0
Frankfurt,10,43.4,17.5,1342.0,0.74,2.8,7.7,0
Hamburg,4,39.4,6.8,800.0,0.83,5.5,4.6,0
Frankfurt,4,49.3,15.7,1162.0,0.56,3.4,6.0,0
Frankfurt,12,62.2,11.5,1160.0,0.83,5.3,5.6,1
Hamburg,2,61.4,15.2,1069.0,0.9,7.5,1.0,1
Berlin,3,25.8,7.0,800.0,0.56,2.6,7.3,0
Frankfurt,10,50.8,14.9,1061.0,0.46,2.4,5.9,0
Berlin,2,43.2,14.5,1272.0,0.84,6.9,2.1,1
Munich,1,46.6,15.5,1033.0,0.62,3.9,6.7,0
Berlin,4,41.0,14.1,1121.0,0.66,3.5,5.2,0
Cologne,9,46.2,15.9,1538.0,0.51,5.0,3.6,0
Cologne,6,46.5,16.5,1343.0,0.68,5.6,6.8,0
Hamburg,8,39.2,10.2,1052.0,0.9,6.9,1.8,1
Cologne,2,36.0,9.8,800.0,0.5,1.1,10.0,0
Munich,2,40.5,13.4,970.0,0.9,5.3,4.5,0
Berlin,2,47.3,15.7,1292.0,0.9,5.8,3.6,1
Berlin,11,51.0,13.8,1224.0,0.66,4.9,5.7,1
Frankfurt,8,53.5,21.1,1306.0,0.68,6.5,4.8,1
Frankfurt,1,40.1,15.5,1347.0,0.88,5.4,3.4,1
Frankfurt,5,47.8,13.4,881.0,0.52,2.7,6.8,0
Berlin,12,54.6,17.6,1169.0,0.9,8.1,2.8,1
Berlin,4,56.7,24.9,2101.0,0.44,3.3,7.0,0
Frankfurt,11,44.4,15.3,1491.0,0.35,2.7,8.4,0
Berlin,1,42.8,15.5,1279.0,0.53,3.9,6.6,0
Munich,12,46.9,13.8,834.0,0.9,7.6,4.2,1
Frankfurt,10,33.5,10.2,800.0,0.85,2.9,7.3,0
Cologne,7,43.1,18.9,1427.0,0.52,4.3,6.0,0
Frankfurt,1,52.4,17.8,1465.0,0.9,7.4,2.9,1
Cologne,6,51.4,16.9,1340.0,0.52,4.7,5.2,0
Hamburg,12,42.3,14.1,1229.0,0.66,2.5,8.4,0
Cologne,1,47.2,23.4,2069.0,0.42,4.1,6.1,0
Munich,11,36.8,12.4,1059.0,0.82,5.7,5.1,0
Berlin,9,52.0,14.9,1368.0,0.78,5.3,5.6,1
Munich,3,44.2,12.8,968.0,0.59,7.3,3.1,1
Hamburg,12,42.2,16.4,1973.0,0.88,5.3,5.2,0
Munich,2,41.4,9.5,871.0,0.7,3.2,5.8,0
Munich,7,44.4,16.1,1428.0,0.8,4.5,4.9,0
Hamburg,1,40.5,11.3,1258.0,0.66,2.8,8.1,0
Munich,7,51.6,11.6,947.0,0.84,4.2,7.3,1
Hamburg,9,41.0,10.7,800.0,0.9,10.0,1.0,1
Berlin,4,60.9,20.4,1893.0,0.9,7.6,1.8,1
Frankfurt,10,59.7,24.1,2199.0,0.9,7.3,2.8,1
Berlin,2,36.1,14.8,1212.0,0.77,2.7,6.4,0
Berlin,4,45.7,14.4,1500.0,0.9,6.9,2.3,1
Berlin,9,38.5,15.7,1243.0,0.9,5.5,5.0,0
Munich,8,41.7,12.8,1214.0,0.71,7.0,4.6,0
Berlin,12,65.0,17.3,1685.0,0.9,9.3,1.0,1
Hamburg,5,41.9,14.0,1143.0,0.46,2.0,7.9,0
Hamburg,8,48.6,11.7,1026.0,0.37,3.2,7.3,0
Hamburg,7,50.4,19.2,1739.0,0.9,3.5,7.2,1
Hamburg,4,35.0,14.1,1053.0,0.44,2.1,8.2,0
Berlin,3,36.4,9.5,800.0,0.76,4.1,7.6,0
Cologne,1,32.9,11.4,1180.0,0.9,2.4,7.6,0
Frankfurt,3,36.1,12.5,1058.0,0.57,6.7,4.6,0
Cologne,8,20.0,9.3,800.0,0.6,4.9,4.5,0
Munich,9,50.4,13.1,1065.0,0.82,5.0,5.0,1
Berlin,9,65.5,23.6,1993.0,0.9,9.5,1.0,1
Cologne,5,46.5,11.5,800.0,0.9,6.9,4.0,0
Berlin,4,30.8,12.6,1152.0,0.85,2.4,7.5,0
Hamburg,6,38.6,16.0,1365.0,0.35,1.0,9.4,0
Munich,12,40.4,11.5,1248.0,0.61,3.7,6.0,0
Cologne,7,34.8,15.3,1177.0,0.75,2.5,8.1,0
Frankfurt,6,53.6,13.1,1327.0,0.9,5.7,4.7,1
Hamburg,5,53.1,21.0,1671.0,0.66,5.4,3.6,1
Hamburg,2,33.4,15.5,1265.0,0.55,3.4,5.6,0
Munich,3,52.3,18.5,1533.0,0.69,6.0,4.0,1
Hamburg,9,60.3,19.5,1979.0,0.9,4.2,6.5,1
Hamburg,7,64.0,22.3,1534.0,0.9,7.0,4.8,1
Cologne,10,70.0,21.5,1821.0,0.53,6.3,4.0,1
Hamburg,12,36.0,19.9,1598.0,0.59,3.9,7.1,0
Munich,2,70.0,21.6,1720.0,0.86,8.4,1.0,1
Berlin,12,41.5,17.8,1538.0,0.9,2.3,9.7,0
Munich,1,39.1,10.8,1085.0,0.9,3.5,7.1,0
Munich,1,48.3,20.9,1777.0,0.81,4.6,5.3,0
Berlin,1,39.2,19.1,1775.0,0.38,3.1,6.7,0
Cologne,6,49.0,17.5,1349.0,0.63,6.2,2.6,1
Frankfurt,5,31.8,11.5,907.0,0.57,2.1,7.1,0
Frankfurt,7,42.6,11.3,800.0,0.9,3.4,8.5,0
Munich,12,57.9,16.1,1681.0,0.49,4.7,4.3,0
Cologne,5,44.4,15.7,1219.0,0.9,6.1,2.9,1
Cologne,9,46.4,19.8,1528.0,0.51,3.9,5.4,0
Cologne,1,49.8,14.9,1316.0,0.79,5.7,3.1,1
Cologne,9,56.7,25.5,2263.0,0.9,8.6,1.4,1
Munich,12,28.4,7.7,800.0,0.75,2.7,8.4,0
Hamburg,4,50.8,17.6,1648.0,0.9,6.8,2.6,1
Frankfurt,10,42.3,14.8,1124.0,0.9,6.7,1.9,1
Frankfurt,7,46.7,15.3,1506.0,0.69,6.2,4.1,0
Berlin,2,55.6,12.4,884.0,0.7,5.5,4.4,1
Munich,3,33.1,9.2,880.0,0.9,4.3,6.7,0
Frankfurt,4,34.9,12.2,986.0,0.3,1.6,8.0,0
Munich,5,25.6,8.3,800.0,0.58,1.4,8.3,0
Munich,12,39.5,15.1,923.0,0.9,3.0,6.8,0
Cologne,2,58.3,21.7,1588.0,0.9,9.2,1.0,1
Berlin,7,43.8,13.9,1309.0,0.84,3.2,6.4,0
Munich,6,31.6,7.6,800.0,0.31,1.9,7.5,0
Frankfurt,9,40.1,18.0,1509.0,0.86,2.4,5.7,0
Frankfurt,7,30.1,6.0,800.0,0.9,3.9,5.6,0
Berlin,10,33.7,9.5,800.0,0.78,3.6,7.1,0
Munich,10,48.9,13.7,940.0,0.71,6.5,4.3,0
Cologne,2,33.3,13.3,906.0,0.71,4.3,5.2,0
Berlin,3,56.1,22.7,1823.0,0.83,3.5,7.8,1
Munich,3,44.3,14.2,1433.0,0.85,3.2,6.8,0
Berlin,8,45.9,16.0,1493.0,0.74,6.6,2.0,1
Cologne,8,42.2,15.4,1157.0,0.59,3.9,4.4,0
Hamburg,3,52.7,23.0,1673.0,0.9,7.1,4.2,1
Hamburg,8,52.8,12.3,800.0,0.86,5.1,4.6,1
Hamburg,5,48.4,18.3,1392.0,0.68,3.4,5.4,0
Cologne,11,50.6,18.0,1261.0,0.68,4.6,3.1,1
Cologne,4,42.9,13.2,1047.0,0.74,2.8,6.8,0
Berlin,12,50.4,17.8,1423.0,0.43,4.2,6.2,0
Frankfurt,11,41.6,16.1,1193.0,0.47,4.5,4.8,0
Cologne,4,45.0,16.8,1250.0,0.81,5.3,3.7,1
Cologne,4,42.3,20.6,1506.0,0.42,1.8,7.6,0
Hamburg,1,40.4,13.9,1006.0,0.87,4.0,7.2,0
Hamburg,11,38.1,12.8,1310.0,0.81,2.9,5.7,0
Hamburg,7,49.7,16.0,1385.0,0.83,4.0,5.4,0
Frankfurt,11,58.1,21.0,1788.0,0.9,6.0,5.2,1
Hamburg,10,56.7,18.8,1707.0,0.53,4.8,5.6,0
Hamburg,10,32.4,10.9,1053.0,0.62,5.3,4.9,0
Frankfurt,4,57.9,19.4,1833.0,0.73,7.6,1.8,1
Hamburg,2,41.8,13.5,1201.0,0.9,6.0,4.1,0
Berlin,1,51.0,15.2,1255.0,0.73,4.4,5.1,1
Berlin,3,35.9,13.2,941.0,0.46,2.2,7.0,0
Munich,1,46.4,14.6,1005.0,0.52,4.8,4.2,0
Berlin,11,48.1,17.9,1607.0,0.9,4.6,6.2,0
Frankfurt,5,30.2,10.4,808.0,0.72,2.1,7.8,0
Hamburg,6,51.1,15.9,997.0,0.68,3.3,7.0,1
Munich,11,58.5,24.2,1516.0,0.9,5.8,4.4,1
Cologne,6,43.3,14.1,1558.0,0.9,3.7,6.7,0
Cologne,6,58.6,21.4,1515.0,0.65,6.9,2.9,1
Berlin,7,43.1,12.3,844.0,0.77,5.3,4.2,0
Munich,1,53.5,11.8,1186.0,0.84,7.0,2.2,1
Cologne,4,22.8,5.9,800.0,0.76,1.0,7.6,0
Cologne,10,69.2,16.7,1438.0,0.67,7.5,1.4,1
Cologne,10,60.0,19.3,1906.0,0.72,4.9,4.7,1
Berlin,9,42.2,18.5,1899.0,0.7,2.4,6.0,0
Berlin,10,25.3,5.7,800.0,0.86,1.9,6.7,0
Munich,12,47.9,9.6,800.0,0.9,6.4,4.7,0
Berlin,2,30.6,14.7,1096.0,0.65,2.5,7.7,0
Berlin,8,49.4,15.1,1201.0,0.9,7.3,2.3,1
Frankfurt,11,49.1,16.3,1566.0,0.9,5.7,6.5,0
Berlin,7,35.6,14.2,858.0,0.8,3.0,5.4,0
Munich,7,56.2,20.3,1754.0,0.9,7.4,3.6,1
Berlin,3,53.1,19.9,1556.0,0.9,6.0,3.9,1
Berlin,2,54.8,21.0,1950.0,0.9,4.1,6.7,1
Frankfurt,2,45.1,9.8,1046.0,0.57,7.3,2.8,1
Munich,12,30.8,6.0,800.0,0.56,3.5,4.7,0
Cologne,3,54.8,21.8,1720.0,0.72,5.5,4.6,1
Frankfurt,3,42.3,11.8,1119.0,0.75,2.9,7.4,0
Berlin,10,31.1,8.3,865.0,0.63,4.9,2.9,1
Hamburg,2,58.5,15.7,800.0,0.73,6.6,5.3,1
Frankfurt,7,66.0,20.8,1841.0,0.82,7.5,2.8,1
Frankfurt,2,44.6,13.8,1434.0,0.9,3.7,7.0,0
Munich,6,66.6,19.4,1602.0,0.86,7.9,1.0,1
Cologne,11,45.9,12.1,1162.0,0.58,6.0,4.7,0
Cologne,5,41.2,14.7,1431.0,0.36,3.1,8.0,0
Cologne,7,38.7,10.5,882.0,0.43,1.7,8.5,0
Frankfurt,11,61.4,18.6,1654.0,0.9,7.0,3.0,1
Hamburg,11,37.2,5.8,800.0,0.84,1.4,7.7,0
Munich,7,52.4,23.3,1851.0,0.79,5.5,4.3,1
Hamburg,8,39.4,16.0,1145.0,0.75,3.3,6.2,0
Cologne,4,40.4,12.0,993.0,0.9,5.9,4.7,0
Frankfurt,10,55.3,15.7,1636.0,0.48,4.9,4.2,0
Cologne,5,41.2,13.8,921.0,0.71,5.8,4.8,0
Hamburg,10,41.0,13.6,1211.0,0.75,3.3,5.8,0
Cologne,4,56.3,14.9,1260.0,0.9,7.1,2.6,1
Berlin,7,61.0,12.7,1309.0,0.9,9.2,1.4,1
Munich,3,51.4,15.6,1578.0,0.59,3.5,5.8,0
Hamburg,10,38.5,8.1,800.0,0.9,4.3,6.4,0
Berlin,2,39.9,13.8,990.0,0.9,8.1,2.4,1
Cologne,4,45.8,15.8,1160.0,0.9,4.7,5.0,0
Munich,5,48.2,13.2,955.0,0.68,4.9,6.2,0
Munich,11,35.1,10.1,800.0,0.44,4.7,5.4,0
Munich,1,52.2,22.7,1885.0,0.56,5.3,5.8,0
Frankfurt,3,45.9,17.6,1239.0,0.86,2.0,9.8,0
Munich,8,27.8,7.9,800.0,0.44,4.5,5.3,0
Berlin,11,35.7,18.8,1344.0,0.61,1.0,9.6,0
Hamburg,5,40.0,9.7,877.0,0.61,3.4,6.0,0
Berlin,1,44.3,12.3,973.0,0.77,6.2,2.7,1
Cologne,4,63.9,21.0,1629.0,0.73,5.9,4.0,1
Frankfurt,8,47.4,11.2,800.0,0.43,3.7,4.9,0
Frankfurt,8,36.6,17.6,1085.0,0.52,5.0,4.1,0
Cologne,2,47.2,16.3,1629.0,0.41,3.4,7.1,0
Hamburg,9,41.5,11.5,859.0,0.35,2.3,7.2,0
Frankfurt,10,48.2,17.4,1936.0,0.51,5.2,5.5,0
Cologne,1,50.8,17.4,1544.0,0.86,4.8,5.5,1
Cologne,10,57.1,18.1,1815.0,0.46,3.8,8.0,0
Cologne,8,44.8,11.3,1102.0,0.63,5.4,5.1,0
Cologne,8,61.4,16.2,1324.0,0.9,6.8,4.3,1
Munich,6,54.1,24.6,1847.0,0.51,4.9,5.5,0
Hamburg,1,37.9,8.6,800.0,0.9,3.4,7.0,0
Cologne,12,67.1,27.5,2421.0,0.86,7.4,3.7,1
Munich,9,48.3,13.6,1137.0,0.9,6.6,4.1,0
Munich,10,36.6,14.6,1290.0,0.48,3.2,7.0,0
Berlin,3,61.5,21.9,1915.0,0.58,7.1,3.1,1
Cologne,1,65.8,23.9,1985.0,0.9,7.4,3.1,1
